id,name,category,source,notes,evidenceLevel,tensileStrengthMpaMin,tensileStrengthMpaMax,elasticModulusGpaMin,elasticModulusGpaMax,elongationPctMin,elongationPctMax,punctureResistanceN,wvtr,otr,waterSolubility,swellingRatio,degradationDaysMin,degradationDaysMax,enzymaticDegradability,hydrolyticStability,cytotoxicitySafe,hemocompatible,antimicrobial,endotoxinConcern,sterGamma,sterEto,sterSteam,sterUv,sterAutoclave,procFilm,procCasting,procExtrusion,procCoating,procMelt,solventCompatible,costBand,availabilityBand,dataCompleteness
mat-0001,High-MW Xanthan Type-125,Xanthan & Gellan Gums,Sphingomonas elodea culture,"High-purity biomedical grade xanthan engineered for tissue engineering, drug delivery, and barrier applications.",med,13.93,52.07,2.4,5.99,9.78,78.85,2.5,663.8,232.4,True,10.63,90,318,True,med,True,True,True,Low (<0.1 EU/mg),False,False,False,True,True,False,True,True,False,True,Ethanol/Water 70:30,med,high,0.89
mat-0002,Pharma-Grade Chitosan Type-570,Chitosan & Derivatives,Leuconostoc mesenteroides fermentation,"High-purity biomedical grade chitosan engineered for tissue engineering, drug delivery, and barrier applications.",low,41.89,50.44,1.1,3.69,53.7,114.33,7.94,313.5,301.0,False,17.75,36,101,False,med,True,True,True,Ultra-Low (<0.05 EU/mg),True,False,True,True,True,True,False,False,False,True,Ethanol/Water 70:30,low,low,0.97
mat-0003,Quaternized Biopolymer Blends Type-510,Biopolymer Blends & Composites,Wood pulp / Cotton linters,"High-purity biomedical grade biopolymer blends engineered for tissue engineering, drug delivery, and barrier applications.",low,41.53,72.05,2.54,3.55,32.46,166.32,23.04,485.7,71.4,False,13.75,61,279,False,low,False,True,False,Low (<0.1 EU/mg),True,True,True,False,True,False,False,False,False,True,"Water, Dilute Acetic Acid",high,high,0.96
mat-0004,Biomedical Grade Biopolymer Blends Type-448,Biopolymer Blends & Composites,Fungal fermentation (Aspergillus niger),"High-purity biomedical grade biopolymer blends engineered for tissue engineering, drug delivery, and barrier applications.",med,11.33,16.48,2.56,5.49,58.45,175.12,18.51,400.1,285.1,True,3.77,27,41,False,med,True,False,False,Ultra-Low (<0.05 EU/mg),True,True,True,True,True,False,True,True,True,False,Phosphate Buffered Saline,med,high,0.98
mat-0005,Crosslinked Agarose Type-652,Agarose & Agars,Porcine cartilage,"High-purity biomedical grade agarose engineered for tissue engineering, drug delivery, and barrier applications.",high,13.05,32.08,3.48,6.15,29.1,111.56,5.55,678.0,158.8,True,11.09,7,57,True,low,True,True,True,Standard (<0.5 EU/mg),True,False,False,True,True,False,True,False,False,True,"Water, Dilute Acetic Acid",low,high,0.91
mat-0006,Sulfated Agarose Type-578,Agarose & Agars,Recombinant yeast production,"High-purity biomedical grade agarose engineered for tissue engineering, drug delivery, and barrier applications.",high,31.93,81.22,0.43,2.16,23.66,154.29,9.83,597.0,207.4,False,4.28,66,207,True,med,True,False,True,Standard (<0.5 EU/mg),True,True,True,True,False,False,False,True,False,True,Phosphate Buffered Saline,med,low,1.0
mat-0007,Hydrogel-Grade Pectin Type-902,Pectin & Pectinates,Porcine cartilage,"High-purity biomedical grade pectin engineered for tissue engineering, drug delivery, and barrier applications.",med,21.92,70.0,3.48,5.79,44.51,76.18,11.44,2426.5,264.8,True,13.77,14,53,False,high,False,True,True,Standard (<0.5 EU/mg),True,True,True,True,True,False,True,True,True,True,"DMSO, Water",high,high,0.93
mat-0008,Hydrogel-Grade Starch Type-367,Starch & Modified Starches,Bacterial fermentation (Streptococcus zooepidemicus),"High-purity biomedical grade starch engineered for tissue engineering, drug delivery, and barrier applications.",med,17.57,34.52,0.54,3.19,30.15,170.21,32.85,171.9,283.3,True,2.43,34,183,True,med,True,False,True,Low (<0.1 EU/mg),False,False,True,False,True,True,False,True,True,True,Ethanol/Water 70:30,med,high,0.88
mat-0009,Crosslinked Starch Type-803,Starch & Modified Starches,Xanthomonas campestris culture,"High-purity biomedical grade starch engineered for tissue engineering, drug delivery, and barrier applications.",high,25.22,41.52,3.19,3.58,39.89,166.0,2.98,933.9,67.6,False,3.91,63,295,True,low,True,False,False,Standard (<0.5 EU/mg),True,False,True,False,True,True,False,False,True,False,Phosphate Buffered Saline,high,low,0.95
mat-0010,Injectable Grade Starch Type-673,Starch & Modified Starches,Recombinant yeast production,"High-purity biomedical grade starch engineered for tissue engineering, drug delivery, and barrier applications.",med,29.83,41.78,3.26,6.75,58.69,182.2,31.03,208.2,334.1,False,14.34,59,200,False,low,True,True,False,Ultra-Low (<0.05 EU/mg),True,True,False,False,False,True,True,True,True,False,Ethanol/Water 70:30,med,low,1.0
mat-0011,Quaternized Pectin Type-756,Pectin & Pectinates,Leuconostoc mesenteroides fermentation,"High-purity biomedical grade pectin engineered for tissue engineering, drug delivery, and barrier applications.",med,44.25,73.38,3.29,3.93,58.37,93.37,33.74,773.8,57.7,False,7.01,47,284,True,med,True,True,True,Ultra-Low (<0.05 EU/mg),True,True,False,False,True,False,False,True,False,False,"DMSO, Water",med,med,0.95
mat-0012,Low-MW Pullulan Type-296,Pullulan & Exopolysaccharides,Corn starch / Potato starch,"High-purity biomedical grade pullulan engineered for tissue engineering, drug delivery, and barrier applications.",med,20.17,58.84,0.69,3.05,27.33,154.05,11.68,643.9,355.7,False,9.01,63,186,False,high,True,True,False,Standard (<0.5 EU/mg),False,True,True,False,True,True,True,True,True,True,"DMSO, Water",high,low,0.92
mat-0013,Phosphate-modified Xanthan Type-299,Xanthan & Gellan Gums,Sphingomonas elodea culture,"High-purity biomedical grade xanthan engineered for tissue engineering, drug delivery, and barrier applications.",med,24.78,40.76,2.33,2.55,46.3,164.11,5.07,1149.1,87.4,False,2.04,38,114,False,low,True,True,False,Standard (<0.5 EU/mg),False,False,False,False,True,False,False,False,True,False,"DMSO, Water",high,low,0.89
mat-0014,Pharma-Grade Alginate Type-392,Alginate & Salts,Bacterial fermentation (Streptococcus zooepidemicus),"High-purity biomedical grade alginate engineered for tissue engineering, drug delivery, and barrier applications.",med,17.79,47.1,0.57,1.65,43.17,152.07,3.65,1107.9,248.7,False,2.25,60,273,True,high,True,True,True,Ultra-Low (<0.05 EU/mg),False,True,False,True,False,False,False,True,False,False,"DMSO, Water",high,low,0.98
mat-0015,Phosphate-modified Hyaluronic Acid Type-646,Hyaluronic Acid & Hyaluronates,Crustacean shells (Crab/Shrimp),"High-purity biomedical grade hyaluronic acid engineered for tissue engineering, drug delivery, and barrier applications.",high,28.68,63.51,0.39,2.22,52.68,88.12,10.22,919.3,210.1,False,13.99,55,211,False,med,True,True,False,Low (<0.1 EU/mg),False,True,True,True,True,True,True,True,True,True,Phosphate Buffered Saline,med,high,0.87
mat-0016,Methacrylated Cellulose Type-816,Cellulose & Nanocellulose,Wood pulp / Cotton linters,"High-purity biomedical grade cellulose engineered for tissue engineering, drug delivery, and barrier applications.",high,11.71,44.04,2.64,3.28,50.06,195.12,5.12,210.3,147.3,False,7.86,32,84,True,low,True,True,False,Low (<0.1 EU/mg),True,False,False,False,True,False,True,False,False,True,"DMSO, Water",med,high,0.98
mat-0017,Pharma-Grade Dextran Type-256,Dextran & Dextran Esters,Corn starch / Potato starch,"High-purity biomedical grade dextran engineered for tissue engineering, drug delivery, and barrier applications.",low,25.87,60.14,2.19,5.88,47.61,122.69,29.16,1542.3,151.8,True,15.16,18,174,False,low,True,True,False,Ultra-Low (<0.05 EU/mg),True,False,False,True,False,True,False,False,False,False,Ethanol/Water 70:30,high,low,0.93
mat-0018,High-MW Cellulose Type-347,Cellulose & Nanocellulose,Sphingomonas elodea culture,"High-purity biomedical grade cellulose engineered for tissue engineering, drug delivery, and barrier applications.",med,27.21,43.02,1.72,4.63,29.65,42.06,11.36,1100.3,117.1,False,9.15,74,264,False,high,True,True,False,Ultra-Low (<0.05 EU/mg),False,True,True,True,False,True,True,True,True,False,Ethanol/Water 70:30,high,high,1.0
mat-0019,Phosphate-modified Pullulan Type-389,Pullulan & Exopolysaccharides,Fungal fermentation (Aspergillus niger),"High-purity biomedical grade pullulan engineered for tissue engineering, drug delivery, and barrier applications.",high,16.85,38.09,1.13,4.02,11.96,28.33,3.33,836.5,425.4,False,2.92,8,167,False,med,True,True,True,Ultra-Low (<0.05 EU/mg),True,True,False,False,True,True,True,True,False,True,Phosphate Buffered Saline,low,high,0.96
mat-0020,"Phosphate-modified Carrageenan (Kappa, Iota, Lambda) Type-909","Carrageenan (Kappa, Iota, Lambda)",Aureobasidium pullulans culture,"High-purity biomedical grade carrageenan (kappa, iota, lambda) engineered for tissue engineering, drug delivery, and barrier applications.",med,25.9,51.17,1.61,5.08,59.45,112.2,22.3,1582.6,335.6,True,11.71,40,95,True,low,True,True,True,Ultra-Low (<0.05 EU/mg),False,False,True,True,False,False,False,True,True,False,Phosphate Buffered Saline,med,low,0.93
mat-0021,Low-MW Xanthan Type-372,Xanthan & Gellan Gums,Recombinant yeast production,"High-purity biomedical grade xanthan engineered for tissue engineering, drug delivery, and barrier applications.",low,7.39,48.06,2.12,5.45,55.67,127.15,17.2,864.6,187.1,False,9.61,70,308,True,high,True,True,True,Ultra-Low (<0.05 EU/mg),True,True,True,True,False,True,True,False,False,False,Phosphate Buffered Saline,high,med,0.95
mat-0022,High-MW Dextran Type-581,Dextran & Dextran Esters,Citrus peel / Apple pomace,"High-purity biomedical grade dextran engineered for tissue engineering, drug delivery, and barrier applications.",med,17.84,27.55,0.65,2.41,32.25,135.01,14.92,1937.2,26.1,True,6.48,48,121,False,high,True,True,False,Ultra-Low (<0.05 EU/mg),False,True,True,False,False,False,True,True,False,True,Ethanol/Water 70:30,med,high,0.92
mat-0023,Biomedical Grade Chitosan Type-723,Chitosan & Derivatives,Porcine cartilage,"High-purity biomedical grade chitosan engineered for tissue engineering, drug delivery, and barrier applications.",med,11.34,41.13,1.98,2.53,59.57,197.38,16.96,426.0,376.1,False,16.87,44,197,False,med,False,True,False,Ultra-Low (<0.05 EU/mg),True,True,True,False,False,False,False,True,False,False,"DMSO, Water",low,med,0.93
mat-0024,Quaternized Starch Type-665,Starch & Modified Starches,Porcine cartilage,"High-purity biomedical grade starch engineered for tissue engineering, drug delivery, and barrier applications.",med,23.21,42.69,0.74,3.59,36.45,79.15,27.48,252.6,337.7,False,7.69,90,181,False,low,True,False,True,Low (<0.1 EU/mg),False,True,False,True,True,False,True,True,False,False,Ethanol/Water 70:30,high,high,0.91
mat-0025,Film-Forming Alginate Type-436,Alginate & Salts,Recombinant yeast production,"High-purity biomedical grade alginate engineered for tissue engineering, drug delivery, and barrier applications.",med,26.34,74.28,2.23,5.8,31.84,117.58,22.18,701.7,311.1,False,17.96,18,254,True,high,True,True,True,Ultra-Low (<0.05 EU/mg),True,True,False,True,False,False,False,False,True,True,"DMSO, Water",high,high,0.97
mat-0026,Low-MW Hyaluronic Acid Type-180,Hyaluronic Acid & Hyaluronates,Aureobasidium pullulans culture,"High-purity biomedical grade hyaluronic acid engineered for tissue engineering, drug delivery, and barrier applications.",high,29.79,45.63,3.2,3.94,30.36,75.92,10.05,172.1,364.0,False,12.58,27,78,False,med,False,True,False,Standard (<0.5 EU/mg),False,False,False,True,False,False,True,True,False,False,Ethanol/Water 70:30,high,med,0.85
mat-0027,Sulfated Xanthan Type-381,Xanthan & Gellan Gums,Crustacean shells (Crab/Shrimp),"High-purity biomedical grade xanthan engineered for tissue engineering, drug delivery, and barrier applications.",med,32.43,70.94,0.27,2.77,32.32,168.9,11.09,2027.3,277.1,False,4.88,31,173,True,high,True,True,True,Ultra-Low (<0.05 EU/mg),True,False,True,True,False,False,False,True,True,True,Ethanol/Water 70:30,high,high,0.99
mat-0028,Carboxymethylated Hyaluronic Acid Type-944,Hyaluronic Acid & Hyaluronates,Red Seaweed (Rhodophyta),"High-purity biomedical grade hyaluronic acid engineered for tissue engineering, drug delivery, and barrier applications.",high,16.81,60.98,2.83,4.81,9.14,124.72,9.06,1739.4,306.7,False,17.45,78,279,True,med,True,True,False,Standard (<0.5 EU/mg),False,False,False,True,True,False,True,False,True,True,"DMSO, Water",high,med,0.95
mat-0029,Low-MW Alginate Type-146,Alginate & Salts,Crustacean shells (Crab/Shrimp),"High-purity biomedical grade alginate engineered for tissue engineering, drug delivery, and barrier applications.",med,24.7,34.07,3.12,3.84,29.95,133.82,26.4,2373.0,194.4,True,16.07,90,154,False,high,True,False,True,Ultra-Low (<0.05 EU/mg),True,False,False,True,False,True,False,False,True,False,Ethanol/Water 70:30,low,low,0.99
mat-0030,High-MW Dextran Type-778,Dextran & Dextran Esters,Bacterial fermentation (Streptococcus zooepidemicus),"High-purity biomedical grade dextran engineered for tissue engineering, drug delivery, and barrier applications.",med,28.89,34.85,2.78,3.91,11.93,100.97,3.8,1948.1,101.1,True,14.86,36,218,True,high,True,False,True,Low (<0.1 EU/mg),False,True,True,True,True,True,False,True,False,True,Phosphate Buffered Saline,med,low,0.87
mat-0031,Nanofibrillated Agarose Type-216,Agarose & Agars,Sphingomonas elodea culture,"High-purity biomedical grade agarose engineered for tissue engineering, drug delivery, and barrier applications.",low,22.93,44.22,2.12,4.04,17.19,113.3,25.86,2285.6,299.9,False,8.9,10,55,False,med,True,True,False,Ultra-Low (<0.05 EU/mg),True,True,False,True,True,True,False,False,False,False,"DMSO, Water",high,high,0.91
mat-0032,Pharma-Grade Biopolymer Blends Type-217,Biopolymer Blends & Composites,Recombinant yeast production,"High-purity biomedical grade biopolymer blends engineered for tissue engineering, drug delivery, and barrier applications.",med,40.11,69.92,3.04,4.87,53.85,121.78,29.22,1087.0,331.0,False,8.37,39,244,True,high,False,True,False,Low (<0.1 EU/mg),False,True,False,True,True,False,True,False,False,False,"Water, Dilute Acetic Acid",med,high,0.9
mat-0033,Phosphate-modified Alginate Type-619,Alginate & Salts,Bacterial fermentation (Streptococcus zooepidemicus),"High-purity biomedical grade alginate engineered for tissue engineering, drug delivery, and barrier applications.",low,24.29,67.42,1.29,3.6,11.32,60.32,9.08,1158.4,256.8,True,11.43,41,69,True,med,True,True,True,Low (<0.1 EU/mg),True,True,False,True,True,True,True,True,False,False,"DMSO, Water",med,low,0.91
mat-0034,Quaternized Chondroitin Type-895,Chondroitin & Glycosaminoglycans,Aureobasidium pullulans culture,"High-purity biomedical grade chondroitin engineered for tissue engineering, drug delivery, and barrier applications.",med,40.33,52.33,2.67,3.06,9.49,81.53,15.7,1576.6,192.2,True,13.88,21,211,False,low,True,True,False,Standard (<0.5 EU/mg),False,True,True,False,True,True,True,False,True,True,Ethanol/Water 70:30,med,med,0.87
mat-0035,Pharma-Grade Dextran Type-540,Dextran & Dextran Esters,Brown Seaweed (Laminaria hyperborea),"High-purity biomedical grade dextran engineered for tissue engineering, drug delivery, and barrier applications.",low,26.3,41.65,2.0,4.74,24.48,90.07,26.36,1175.1,212.3,True,15.68,80,313,False,high,True,True,False,Ultra-Low (<0.05 EU/mg),True,False,False,True,False,True,True,False,False,True,"DMSO, Water",med,high,0.9
mat-0036,Injectable Grade Starch Type-272,Starch & Modified Starches,Fungal fermentation (Aspergillus niger),"High-purity biomedical grade starch engineered for tissue engineering, drug delivery, and barrier applications.",med,9.56,37.51,3.18,4.71,45.01,169.66,28.8,705.2,74.4,True,4.11,26,78,True,high,True,True,False,Ultra-Low (<0.05 EU/mg),False,False,True,False,True,False,False,False,False,True,Ethanol/Water 70:30,high,low,0.9
mat-0037,Ultra-Pure Dextran Type-158,Dextran & Dextran Esters,Citrus peel / Apple pomace,"High-purity biomedical grade dextran engineered for tissue engineering, drug delivery, and barrier applications.",high,8.07,51.96,3.01,5.55,32.89,107.67,20.07,2010.8,404.2,False,16.47,80,190,False,high,True,True,True,Low (<0.1 EU/mg),False,True,True,True,True,False,False,True,False,False,Ethanol/Water 70:30,med,med,0.97
mat-0038,Phosphate-modified Xanthan Type-153,Xanthan & Gellan Gums,Porcine cartilage,"High-purity biomedical grade xanthan engineered for tissue engineering, drug delivery, and barrier applications.",med,18.39,38.23,2.0,3.67,18.86,148.08,33.81,1566.3,76.2,True,10.99,25,218,False,high,True,True,False,Low (<0.1 EU/mg),False,False,False,True,True,False,False,True,False,False,Phosphate Buffered Saline,low,med,0.99
mat-0039,Crosslinked Dextran Type-331,Dextran & Dextran Esters,Brown Seaweed (Laminaria hyperborea),"High-purity biomedical grade dextran engineered for tissue engineering, drug delivery, and barrier applications.",low,16.83,57.3,1.83,4.08,45.63,129.34,23.67,2209.5,281.9,False,3.79,30,128,False,low,True,True,True,Ultra-Low (<0.05 EU/mg),False,False,True,True,False,False,True,False,False,False,Ethanol/Water 70:30,med,high,0.93
mat-0040,Film-Forming Hyaluronic Acid Type-304,Hyaluronic Acid & Hyaluronates,Porcine cartilage,"High-purity biomedical grade hyaluronic acid engineered for tissue engineering, drug delivery, and barrier applications.",med,39.92,47.27,1.73,3.34,56.39,165.99,18.78,443.0,46.9,True,5.78,72,161,False,low,False,True,False,Ultra-Low (<0.05 EU/mg),True,False,True,False,False,True,False,True,False,True,"Water, Dilute Acetic Acid",med,low,0.98
mat-0041,Quaternized Xanthan Type-910,Xanthan & Gellan Gums,Brown Seaweed (Laminaria hyperborea),"High-purity biomedical grade xanthan engineered for tissue engineering, drug delivery, and barrier applications.",low,16.48,58.82,2.47,3.2,43.8,116.6,1.68,336.2,122.6,True,10.42,84,314,True,med,True,True,True,Standard (<0.5 EU/mg),False,True,True,False,True,True,True,False,False,True,Ethanol/Water 70:30,low,high,0.91
mat-0042,Biomedical Grade Xanthan Type-187,Xanthan & Gellan Gums,Leuconostoc mesenteroides fermentation,"High-purity biomedical grade xanthan engineered for tissue engineering, drug delivery, and barrier applications.",high,7.71,36.38,1.82,5.78,35.48,100.14,17.25,1643.8,441.7,False,13.75,52,100,False,low,True,True,False,Standard (<0.5 EU/mg),False,True,True,False,False,True,False,False,True,True,"Water, Dilute Acetic Acid",high,med,0.86
mat-0043,Ultra-Pure Cellulose Type-910,Cellulose & Nanocellulose,Bacterial fermentation (Streptococcus zooepidemicus),"High-purity biomedical grade cellulose engineered for tissue engineering, drug delivery, and barrier applications.",high,17.62,36.57,1.45,4.75,31.04,46.17,23.17,822.4,389.3,True,15.75,49,202,True,med,True,True,False,Ultra-Low (<0.05 EU/mg),False,True,False,False,False,False,True,False,True,False,Phosphate Buffered Saline,high,med,0.9
mat-0044,Quaternized Alginate Type-776,Alginate & Salts,Wood pulp / Cotton linters,"High-purity biomedical grade alginate engineered for tissue engineering, drug delivery, and barrier applications.",med,29.1,53.28,2.45,3.99,7.33,139.14,13.31,2495.7,130.8,True,2.46,88,309,False,high,True,True,False,Low (<0.1 EU/mg),False,True,True,True,True,False,False,False,True,True,"DMSO, Water",med,med,0.92
mat-0045,Phosphate-modified Alginate Type-240,Alginate & Salts,Leuconostoc mesenteroides fermentation,"High-purity biomedical grade alginate engineered for tissue engineering, drug delivery, and barrier applications.",med,17.58,35.12,3.37,3.67,15.23,97.71,32.1,426.7,351.0,False,4.8,85,245,False,low,True,False,False,Standard (<0.5 EU/mg),False,True,False,False,True,False,False,True,True,False,Phosphate Buffered Saline,low,low,0.97
mat-0046,Injectable Grade Cellulose Type-605,Cellulose & Nanocellulose,Crustacean shells (Crab/Shrimp),"High-purity biomedical grade cellulose engineered for tissue engineering, drug delivery, and barrier applications.",med,27.89,53.92,3.44,4.13,53.63,72.83,14.84,1834.8,220.6,False,14.12,80,131,True,med,True,True,False,Ultra-Low (<0.05 EU/mg),True,True,True,False,True,True,True,False,True,True,Ethanol/Water 70:30,high,low,0.9
mat-0047,Hydrogel-Grade Pullulan Type-390,Pullulan & Exopolysaccharides,Recombinant yeast production,"High-purity biomedical grade pullulan engineered for tissue engineering, drug delivery, and barrier applications.",low,12.85,60.89,1.03,3.61,38.79,61.87,22.97,1540.7,265.5,True,12.27,84,270,True,low,True,False,False,Ultra-Low (<0.05 EU/mg),True,False,True,False,False,False,False,True,False,False,"DMSO, Water",low,high,0.86
mat-0048,Sulfated Dextran Type-595,Dextran & Dextran Esters,Red Seaweed (Rhodophyta),"High-purity biomedical grade dextran engineered for tissue engineering, drug delivery, and barrier applications.",med,29.27,48.34,2.54,5.53,52.34,198.89,5.88,1020.8,257.1,False,5.26,22,172,False,low,True,True,False,Standard (<0.5 EU/mg),False,True,True,False,False,True,True,False,False,False,Ethanol/Water 70:30,med,low,0.86
mat-0049,Nanofibrillated Agarose Type-568,Agarose & Agars,Bacterial fermentation (Streptococcus zooepidemicus),"High-purity biomedical grade agarose engineered for tissue engineering, drug delivery, and barrier applications.",med,19.12,26.39,1.78,5.33,40.98,116.86,19.48,2140.9,199.6,False,13.42,58,259,True,med,True,True,True,Ultra-Low (<0.05 EU/mg),True,False,False,False,True,True,True,False,False,False,Ethanol/Water 70:30,low,low,0.94
mat-0050,Nanofibrillated Agarose Type-141,Agarose & Agars,Crustacean shells (Crab/Shrimp),"High-purity biomedical grade agarose engineered for tissue engineering, drug delivery, and barrier applications.",low,33.54,74.72,1.87,2.64,54.12,83.69,32.7,898.5,182.9,False,11.17,71,335,False,med,True,True,False,Ultra-Low (<0.05 EU/mg),False,True,False,False,True,True,False,True,False,True,Phosphate Buffered Saline,low,high,0.99
mat-0051,Crosslinked Alginate Type-119,Alginate & Salts,Red Seaweed (Rhodophyta),"High-purity biomedical grade alginate engineered for tissue engineering, drug delivery, and barrier applications.",med,11.06,47.13,1.5,4.64,55.63,187.82,26.15,296.4,70.8,True,10.62,68,274,False,low,True,True,False,Standard (<0.5 EU/mg),False,False,True,True,False,False,True,False,False,True,"DMSO, Water",med,med,0.9
mat-0052,Pharma-Grade Biopolymer Blends Type-380,Biopolymer Blends & Composites,Wood pulp / Cotton linters,"High-purity biomedical grade biopolymer blends engineered for tissue engineering, drug delivery, and barrier applications.",low,32.06,54.15,3.43,6.74,57.5,180.15,11.23,825.9,324.2,False,16.72,90,235,False,low,True,True,False,Standard (<0.5 EU/mg),False,True,True,True,True,True,True,True,True,True,"DMSO, Water",med,high,0.92
mat-0053,Injectable Grade Xanthan Type-240,Xanthan & Gellan Gums,Crustacean shells (Crab/Shrimp),"High-purity biomedical grade xanthan engineered for tissue engineering, drug delivery, and barrier applications.",high,44.12,56.23,2.32,5.87,31.16,132.24,26.82,825.0,135.6,True,16.45,18,150,True,low,True,True,False,Low (<0.1 EU/mg),False,False,True,False,True,True,False,True,False,False,"DMSO, Water",high,high,0.93
mat-0054,Film-Forming Hyaluronic Acid Type-616,Hyaluronic Acid & Hyaluronates,Red Seaweed (Rhodophyta),"High-purity biomedical grade hyaluronic acid engineered for tissue engineering, drug delivery, and barrier applications.",med,37.35,57.23,2.59,5.25,44.52,56.49,12.79,843.3,306.7,True,4.15,88,309,False,high,True,True,True,Low (<0.1 EU/mg),False,False,True,True,False,False,True,False,False,False,Ethanol/Water 70:30,high,high,0.94
mat-0055,Biomedical Grade Pectin Type-468,Pectin & Pectinates,Sphingomonas elodea culture,"High-purity biomedical grade pectin engineered for tissue engineering, drug delivery, and barrier applications.",med,31.71,57.65,0.64,3.45,55.77,190.06,27.29,1772.2,291.0,False,7.37,35,161,True,med,True,True,False,Ultra-Low (<0.05 EU/mg),False,True,True,True,False,False,True,True,True,True,Phosphate Buffered Saline,low,med,0.98
mat-0056,High-MW Dextran Type-796,Dextran & Dextran Esters,Bacterial fermentation (Streptococcus zooepidemicus),"High-purity biomedical grade dextran engineered for tissue engineering, drug delivery, and barrier applications.",high,24.55,70.0,1.61,2.02,12.26,80.42,20.39,1463.2,306.0,False,13.35,57,201,True,high,True,True,False,Standard (<0.5 EU/mg),True,True,True,False,True,False,False,True,True,False,Ethanol/Water 70:30,med,med,0.98
mat-0057,Sulfated Agarose Type-182,Agarose & Agars,Xanthomonas campestris culture,"High-purity biomedical grade agarose engineered for tissue engineering, drug delivery, and barrier applications.",high,39.98,50.96,3.02,3.67,59.61,124.64,5.77,2450.0,377.3,True,17.64,66,297,False,low,True,True,True,Standard (<0.5 EU/mg),True,True,False,True,True,True,True,True,True,False,"Water, Dilute Acetic Acid",low,high,0.86
mat-0058,Crosslinked Dextran Type-652,Dextran & Dextran Esters,Bacterial fermentation (Streptococcus zooepidemicus),"High-purity biomedical grade dextran engineered for tissue engineering, drug delivery, and barrier applications.",high,36.04,47.35,3.48,4.57,55.4,146.06,20.85,1965.5,370.1,True,6.27,25,152,False,med,True,True,False,Standard (<0.5 EU/mg),True,False,False,True,False,False,False,False,False,True,Ethanol/Water 70:30,med,low,0.96
mat-0059,Crosslinked Dextran Type-969,Dextran & Dextran Esters,Bacterial fermentation (Streptococcus zooepidemicus),"High-purity biomedical grade dextran engineered for tissue engineering, drug delivery, and barrier applications.",med,33.3,74.56,3.21,5.55,58.23,146.25,5.99,720.7,99.5,True,16.69,54,115,True,low,True,True,False,Low (<0.1 EU/mg),True,True,False,True,False,False,True,True,True,True,"DMSO, Water",low,high,0.94
mat-0060,Sulfated Cellulose Type-345,Cellulose & Nanocellulose,Leuconostoc mesenteroides fermentation,"High-purity biomedical grade cellulose engineered for tissue engineering, drug delivery, and barrier applications.",med,16.32,42.3,2.31,3.68,24.78,158.37,17.11,2036.6,327.9,False,16.56,54,228,False,low,True,True,True,Ultra-Low (<0.05 EU/mg),False,False,True,True,False,True,False,True,False,False,Ethanol/Water 70:30,med,high,0.95
mat-0061,Methacrylated Dextran Type-272,Dextran & Dextran Esters,Sphingomonas elodea culture,"High-purity biomedical grade dextran engineered for tissue engineering, drug delivery, and barrier applications.",high,11.77,49.18,1.76,5.44,34.82,134.67,3.47,229.5,382.5,True,14.04,59,143,True,low,True,True,False,Ultra-Low (<0.05 EU/mg),True,False,False,True,True,False,True,True,False,False,"Water, Dilute Acetic Acid",high,high,0.95
mat-0062,Hydrogel-Grade Biopolymer Blends Type-283,Biopolymer Blends & Composites,Fungal fermentation (Aspergillus niger),"High-purity biomedical grade biopolymer blends engineered for tissue engineering, drug delivery, and barrier applications.",high,25.98,41.82,2.21,3.37,24.49,145.78,4.15,2404.3,212.0,True,17.84,35,202,True,high,False,True,True,Ultra-Low (<0.05 EU/mg),False,False,False,True,True,True,True,False,False,False,"Water, Dilute Acetic Acid",high,low,0.88
mat-0063,Hydrogel-Grade Chondroitin Type-680,Chondroitin & Glycosaminoglycans,Red Seaweed (Rhodophyta),"High-purity biomedical grade chondroitin engineered for tissue engineering, drug delivery, and barrier applications.",med,41.97,77.77,1.05,3.31,41.2,76.31,29.99,186.8,101.1,True,13.84,57,110,False,low,True,True,False,Standard (<0.5 EU/mg),False,False,True,True,False,True,True,False,True,True,Ethanol/Water 70:30,high,high,0.99
mat-0064,Injectable Grade Agarose Type-434,Agarose & Agars,Crustacean shells (Crab/Shrimp),"High-purity biomedical grade agarose engineered for tissue engineering, drug delivery, and barrier applications.",med,36.34,61.61,0.88,3.18,25.65,61.65,21.13,1043.2,349.8,False,14.61,16,72,False,low,True,True,True,Ultra-Low (<0.05 EU/mg),False,False,True,True,True,False,False,False,False,True,Phosphate Buffered Saline,low,low,0.91
mat-0065,Nanofibrillated Pullulan Type-624,Pullulan & Exopolysaccharides,Corn starch / Potato starch,"High-purity biomedical grade pullulan engineered for tissue engineering, drug delivery, and barrier applications.",low,8.58,38.52,2.13,5.31,52.5,64.23,15.36,1981.0,328.9,True,10.81,28,236,True,low,True,True,True,Low (<0.1 EU/mg),False,False,False,False,False,True,False,False,True,False,Phosphate Buffered Saline,med,low,0.87
mat-0066,Sulfated Chitosan Type-440,Chitosan & Derivatives,Recombinant yeast production,"High-purity biomedical grade chitosan engineered for tissue engineering, drug delivery, and barrier applications.",med,37.16,56.99,1.24,4.54,52.27,198.66,6.06,903.6,426.8,True,9.25,29,246,False,med,True,True,False,Low (<0.1 EU/mg),False,False,False,False,False,True,True,True,True,False,Phosphate Buffered Saline,med,med,0.97
mat-0067,Film-Forming Alginate Type-968,Alginate & Salts,Porcine cartilage,"High-purity biomedical grade alginate engineered for tissue engineering, drug delivery, and barrier applications.",high,31.92,43.18,1.13,2.29,13.48,82.72,14.13,1205.3,273.1,False,10.18,60,92,False,high,True,True,False,Low (<0.1 EU/mg),True,True,False,True,True,False,False,False,True,True,"Water, Dilute Acetic Acid",med,low,0.93
mat-0068,Nanofibrillated Pullulan Type-694,Pullulan & Exopolysaccharides,Sphingomonas elodea culture,"High-purity biomedical grade pullulan engineered for tissue engineering, drug delivery, and barrier applications.",med,22.83,45.43,2.73,5.17,32.53,90.83,2.32,395.7,193.0,True,3.15,25,217,False,med,True,True,False,Ultra-Low (<0.05 EU/mg),True,False,False,False,True,False,True,True,True,False,"Water, Dilute Acetic Acid",high,low,0.99
mat-0069,Crosslinked Chondroitin Type-628,Chondroitin & Glycosaminoglycans,Brown Seaweed (Laminaria hyperborea),"High-purity biomedical grade chondroitin engineered for tissue engineering, drug delivery, and barrier applications.",med,18.24,42.43,1.67,4.9,39.64,75.73,23.52,1079.6,334.5,True,8.75,61,274,True,high,True,True,False,Low (<0.1 EU/mg),True,True,False,False,True,False,True,False,False,False,"DMSO, Water",high,med,0.94
mat-0070,Quaternized Starch Type-965,Starch & Modified Starches,Red Seaweed (Rhodophyta),"High-purity biomedical grade starch engineered for tissue engineering, drug delivery, and barrier applications.",med,37.55,74.32,1.11,3.65,9.66,38.41,5.45,867.6,90.5,True,9.78,60,144,False,med,True,True,False,Standard (<0.5 EU/mg),True,True,False,False,True,True,False,False,True,False,"Water, Dilute Acetic Acid",med,low,0.88
mat-0071,Nanofibrillated Agarose Type-617,Agarose & Agars,Xanthomonas campestris culture,"High-purity biomedical grade agarose engineered for tissue engineering, drug delivery, and barrier applications.",med,32.39,56.09,2.96,5.02,9.55,23.87,27.0,836.4,130.9,False,4.03,65,332,True,high,True,True,False,Ultra-Low (<0.05 EU/mg),True,False,True,False,True,True,False,True,False,False,Ethanol/Water 70:30,low,med,0.98
mat-0072,Injectable Grade Alginate Type-931,Alginate & Salts,Bacterial fermentation (Streptococcus zooepidemicus),"High-purity biomedical grade alginate engineered for tissue engineering, drug delivery, and barrier applications.",med,34.5,70.51,3.03,5.55,28.55,124.81,27.79,2061.8,364.4,False,10.14,83,183,False,high,True,True,False,Standard (<0.5 EU/mg),True,True,False,True,False,True,True,True,True,False,Phosphate Buffered Saline,high,med,0.92
mat-0073,"Biomedical Grade Carrageenan (Kappa, Iota, Lambda) Type-375","Carrageenan (Kappa, Iota, Lambda)",Xanthomonas campestris culture,"High-purity biomedical grade carrageenan (kappa, iota, lambda) engineered for tissue engineering, drug delivery, and barrier applications.",med,23.08,56.59,3.09,3.64,33.36,82.31,32.87,1017.3,428.1,False,10.98,18,266,False,low,True,True,False,Low (<0.1 EU/mg),False,False,False,False,False,True,False,False,True,True,"Water, Dilute Acetic Acid",high,med,0.85
mat-0074,Methacrylated Hyaluronic Acid Type-567,Hyaluronic Acid & Hyaluronates,Crustacean shells (Crab/Shrimp),"High-purity biomedical grade hyaluronic acid engineered for tissue engineering, drug delivery, and barrier applications.",high,22.11,71.92,3.19,6.74,21.6,154.02,30.87,369.3,168.6,True,7.45,90,188,True,med,True,True,False,Ultra-Low (<0.05 EU/mg),True,True,True,True,False,True,True,True,False,True,"Water, Dilute Acetic Acid",high,med,0.97
mat-0075,Pharma-Grade Agarose Type-235,Agarose & Agars,Red Seaweed (Rhodophyta),"High-purity biomedical grade agarose engineered for tissue engineering, drug delivery, and barrier applications.",low,20.32,58.2,0.45,1.84,53.45,82.65,27.41,1919.9,68.6,True,2.35,79,97,True,med,True,True,False,Ultra-Low (<0.05 EU/mg),False,True,True,True,True,True,False,False,False,False,Phosphate Buffered Saline,low,med,0.95
mat-0076,Nanofibrillated Cellulose Type-715,Cellulose & Nanocellulose,Aureobasidium pullulans culture,"High-purity biomedical grade cellulose engineered for tissue engineering, drug delivery, and barrier applications.",high,16.4,63.76,0.19,3.61,53.17,91.93,21.83,593.3,182.4,True,14.37,37,304,False,low,True,True,True,Low (<0.1 EU/mg),False,False,True,False,False,False,True,False,True,True,"Water, Dilute Acetic Acid",low,med,0.88
mat-0077,Injectable Grade Chitosan Type-507,Chitosan & Derivatives,Leuconostoc mesenteroides fermentation,"High-purity biomedical grade chitosan engineered for tissue engineering, drug delivery, and barrier applications.",med,33.51,73.03,1.54,3.27,40.23,125.5,6.61,346.5,44.8,True,17.57,26,207,False,high,True,True,False,Low (<0.1 EU/mg),False,False,True,True,True,True,False,True,False,True,Ethanol/Water 70:30,high,high,0.95
mat-0078,High-MW Hyaluronic Acid Type-112,Hyaluronic Acid & Hyaluronates,Sphingomonas elodea culture,"High-purity biomedical grade hyaluronic acid engineered for tissue engineering, drug delivery, and barrier applications.",low,5.45,32.79,1.28,3.45,50.24,96.53,13.96,1912.0,394.3,True,14.16,10,195,False,med,True,True,False,Standard (<0.5 EU/mg),True,False,False,False,True,False,True,False,True,False,"Water, Dilute Acetic Acid",high,high,0.96
mat-0079,Pharma-Grade Cellulose Type-621,Cellulose & Nanocellulose,Crustacean shells (Crab/Shrimp),"High-purity biomedical grade cellulose engineered for tissue engineering, drug delivery, and barrier applications.",low,39.52,55.52,1.7,3.36,13.25,153.61,30.23,1449.2,412.1,False,4.97,38,265,False,med,True,True,True,Standard (<0.5 EU/mg),True,True,True,True,False,True,False,False,False,False,"Water, Dilute Acetic Acid",high,med,0.85
mat-0080,Carboxymethylated Cellulose Type-677,Cellulose & Nanocellulose,Porcine cartilage,"High-purity biomedical grade cellulose engineered for tissue engineering, drug delivery, and barrier applications.",med,29.91,55.79,2.11,4.18,47.49,84.85,31.66,1937.1,117.9,True,16.86,10,143,False,high,True,False,False,Low (<0.1 EU/mg),False,False,True,True,True,False,False,True,True,False,"Water, Dilute Acetic Acid",low,low,0.98
mat-0081,Sulfated Pullulan Type-817,Pullulan & Exopolysaccharides,Citrus peel / Apple pomace,"High-purity biomedical grade pullulan engineered for tissue engineering, drug delivery, and barrier applications.",med,34.92,66.05,1.82,4.44,26.69,119.56,3.59,1706.7,67.5,False,5.58,47,262,False,med,True,True,False,Low (<0.1 EU/mg),True,True,True,True,False,False,False,False,True,False,Phosphate Buffered Saline,med,med,0.92
mat-0082,High-MW Alginate Type-261,Alginate & Salts,Porcine cartilage,"High-purity biomedical grade alginate engineered for tissue engineering, drug delivery, and barrier applications.",med,38.06,74.42,0.24,3.62,23.03,45.8,9.82,986.0,235.9,False,5.57,29,58,False,med,True,True,True,Low (<0.1 EU/mg),True,True,True,True,True,True,True,False,False,True,Ethanol/Water 70:30,low,low,1.0
mat-0083,Hydrogel-Grade Cellulose Type-761,Cellulose & Nanocellulose,Red Seaweed (Rhodophyta),"High-purity biomedical grade cellulose engineered for tissue engineering, drug delivery, and barrier applications.",high,8.68,51.81,2.85,3.52,56.83,73.92,32.46,1167.9,328.7,False,1.7,61,163,False,low,False,True,False,Low (<0.1 EU/mg),True,True,False,False,False,False,True,True,False,False,Phosphate Buffered Saline,med,low,0.95
mat-0084,Nanofibrillated Biopolymer Blends Type-355,Biopolymer Blends & Composites,Xanthomonas campestris culture,"High-purity biomedical grade biopolymer blends engineered for tissue engineering, drug delivery, and barrier applications.",high,26.75,32.63,1.4,4.31,31.38,150.78,13.03,1479.3,151.5,False,4.22,47,173,True,med,True,False,False,Standard (<0.5 EU/mg),True,True,True,True,True,False,True,True,False,False,Phosphate Buffered Saline,low,low,0.94
mat-0085,Pharma-Grade Biopolymer Blends Type-814,Biopolymer Blends & Composites,Citrus peel / Apple pomace,"High-purity biomedical grade biopolymer blends engineered for tissue engineering, drug delivery, and barrier applications.",high,6.13,42.66,3.32,5.66,35.97,72.32,34.6,2221.8,226.6,False,4.15,11,71,True,low,True,True,False,Ultra-Low (<0.05 EU/mg),True,True,False,True,False,True,True,True,True,True,Ethanol/Water 70:30,low,med,0.96
mat-0086,Sulfated Xanthan Type-700,Xanthan & Gellan Gums,Fungal fermentation (Aspergillus niger),"High-purity biomedical grade xanthan engineered for tissue engineering, drug delivery, and barrier applications.",med,17.9,66.81,2.59,4.45,40.16,118.37,12.13,1811.9,257.3,False,4.95,82,185,False,med,True,True,True,Low (<0.1 EU/mg),False,True,True,False,True,True,False,True,False,True,Phosphate Buffered Saline,med,med,0.88
mat-0087,Film-Forming Alginate Type-825,Alginate & Salts,Xanthomonas campestris culture,"High-purity biomedical grade alginate engineered for tissue engineering, drug delivery, and barrier applications.",med,40.47,65.57,1.0,2.15,8.73,54.66,5.12,153.0,179.8,False,17.48,59,325,False,med,True,True,False,Standard (<0.5 EU/mg),True,True,False,True,True,False,True,False,False,True,"Water, Dilute Acetic Acid",med,low,0.98
mat-0088,Pharma-Grade Hyaluronic Acid Type-176,Hyaluronic Acid & Hyaluronates,Leuconostoc mesenteroides fermentation,"High-purity biomedical grade hyaluronic acid engineered for tissue engineering, drug delivery, and barrier applications.",high,44.12,64.33,3.45,7.04,43.75,114.14,23.4,1577.2,201.0,True,2.9,33,144,False,high,True,False,False,Standard (<0.5 EU/mg),False,False,True,True,True,False,False,True,True,False,"Water, Dilute Acetic Acid",med,low,0.89
mat-0089,Biomedical Grade Xanthan Type-714,Xanthan & Gellan Gums,Red Seaweed (Rhodophyta),"High-purity biomedical grade xanthan engineered for tissue engineering, drug delivery, and barrier applications.",low,6.03,18.72,1.09,1.6,51.41,104.58,14.82,1299.4,300.9,True,11.98,56,164,False,med,True,True,True,Ultra-Low (<0.05 EU/mg),False,True,False,True,True,True,True,False,False,True,"Water, Dilute Acetic Acid",med,high,0.91
mat-0090,Biomedical Grade Pullulan Type-987,Pullulan & Exopolysaccharides,Red Seaweed (Rhodophyta),"High-purity biomedical grade pullulan engineered for tissue engineering, drug delivery, and barrier applications.",med,14.43,32.88,1.44,4.88,6.91,96.88,18.81,1493.0,442.4,True,3.22,64,166,True,low,True,True,False,Standard (<0.5 EU/mg),False,True,True,False,False,True,True,False,False,False,Ethanol/Water 70:30,high,med,0.99
mat-0091,Injectable Grade Chitosan Type-817,Chitosan & Derivatives,Aureobasidium pullulans culture,"High-purity biomedical grade chitosan engineered for tissue engineering, drug delivery, and barrier applications.",med,36.27,46.33,0.61,2.96,37.05,182.13,4.86,398.2,353.0,False,15.77,51,275,False,med,True,True,False,Low (<0.1 EU/mg),False,False,True,False,True,False,False,True,True,False,Ethanol/Water 70:30,med,low,0.9
mat-0092,Carboxymethylated Biopolymer Blends Type-418,Biopolymer Blends & Composites,Wood pulp / Cotton linters,"High-purity biomedical grade biopolymer blends engineered for tissue engineering, drug delivery, and barrier applications.",high,39.33,75.15,3.41,4.48,21.53,135.65,27.43,904.0,330.7,True,4.36,34,256,False,high,True,True,False,Low (<0.1 EU/mg),True,False,False,True,True,True,True,True,True,True,"Water, Dilute Acetic Acid",med,low,0.99
mat-0093,Crosslinked Chondroitin Type-380,Chondroitin & Glycosaminoglycans,Citrus peel / Apple pomace,"High-purity biomedical grade chondroitin engineered for tissue engineering, drug delivery, and barrier applications.",high,25.21,58.8,0.52,0.84,25.49,118.66,7.45,2195.6,268.2,False,6.98,40,100,False,low,True,True,False,Low (<0.1 EU/mg),True,True,True,False,False,True,True,False,True,True,"Water, Dilute Acetic Acid",low,med,0.94
mat-0094,Pharma-Grade Pectin Type-826,Pectin & Pectinates,Xanthomonas campestris culture,"High-purity biomedical grade pectin engineered for tissue engineering, drug delivery, and barrier applications.",med,40.82,84.14,1.66,2.69,21.62,104.51,22.39,1523.5,13.2,False,10.63,83,241,False,high,True,True,False,Standard (<0.5 EU/mg),False,False,False,False,True,True,True,True,False,False,Phosphate Buffered Saline,high,low,0.95
mat-0095,Carboxymethylated Pectin Type-528,Pectin & Pectinates,Corn starch / Potato starch,"High-purity biomedical grade pectin engineered for tissue engineering, drug delivery, and barrier applications.",med,6.41,43.27,2.04,2.96,44.96,86.09,19.41,1994.5,408.9,False,9.72,28,134,False,low,True,True,False,Standard (<0.5 EU/mg),True,False,True,True,False,True,False,False,False,False,Ethanol/Water 70:30,high,med,0.92
mat-0096,Methacrylated Alginate Type-154,Alginate & Salts,Recombinant yeast production,"High-purity biomedical grade alginate engineered for tissue engineering, drug delivery, and barrier applications.",med,28.21,61.14,1.71,2.65,11.59,116.89,19.25,1120.8,393.2,True,3.51,32,221,False,high,True,False,True,Standard (<0.5 EU/mg),True,True,False,False,True,False,True,True,False,False,Phosphate Buffered Saline,low,high,0.96
mat-0097,Injectable Grade Dextran Type-881,Dextran & Dextran Esters,Porcine cartilage,"High-purity biomedical grade dextran engineered for tissue engineering, drug delivery, and barrier applications.",low,29.58,63.09,1.47,5.34,26.08,41.36,8.18,1026.8,16.2,False,13.92,74,185,True,high,True,True,True,Ultra-Low (<0.05 EU/mg),False,True,True,False,False,True,True,True,False,False,"DMSO, Water",high,high,0.94
mat-0098,Sulfated Starch Type-803,Starch & Modified Starches,Brown Seaweed (Laminaria hyperborea),"High-purity biomedical grade starch engineered for tissue engineering, drug delivery, and barrier applications.",med,41.06,62.23,0.74,4.54,55.5,121.97,9.15,1858.8,67.7,True,11.11,28,105,False,high,True,True,False,Ultra-Low (<0.05 EU/mg),True,True,True,True,True,True,False,False,False,True,Ethanol/Water 70:30,med,high,0.87
mat-0099,Biomedical Grade Chondroitin Type-745,Chondroitin & Glycosaminoglycans,Crustacean shells (Crab/Shrimp),"High-purity biomedical grade chondroitin engineered for tissue engineering, drug delivery, and barrier applications.",med,31.47,66.28,1.02,3.52,12.54,138.83,5.01,1839.1,61.8,True,14.38,70,185,True,med,True,False,True,Ultra-Low (<0.05 EU/mg),False,True,True,False,True,False,False,True,True,True,"Water, Dilute Acetic Acid",low,high,0.95
mat-0100,High-MW Hyaluronic Acid Type-898,Hyaluronic Acid & Hyaluronates,Leuconostoc mesenteroides fermentation,"High-purity biomedical grade hyaluronic acid engineered for tissue engineering, drug delivery, and barrier applications.",low,33.94,79.66,2.29,4.23,58.75,105.73,3.18,2061.0,394.6,False,7.25,47,279,True,low,True,False,True,Low (<0.1 EU/mg),True,False,False,False,False,True,False,False,True,True,"DMSO, Water",med,med,0.89
mat-0101,Pharma-Grade Agarose Type-971,Agarose & Agars,Red Seaweed (Rhodophyta),"High-purity biomedical grade agarose engineered for tissue engineering, drug delivery, and barrier applications.",high,30.95,71.81,0.48,3.33,8.23,150.18,6.84,1127.7,269.9,False,4.25,55,252,True,high,True,True,False,Ultra-Low (<0.05 EU/mg),False,True,False,False,True,True,False,False,True,True,Ethanol/Water 70:30,high,high,0.95
mat-0102,"High-MW Carrageenan (Kappa, Iota, Lambda) Type-543","Carrageenan (Kappa, Iota, Lambda)",Xanthomonas campestris culture,"High-purity biomedical grade carrageenan (kappa, iota, lambda) engineered for tissue engineering, drug delivery, and barrier applications.",high,24.28,59.15,2.28,3.04,50.45,185.34,22.03,177.4,421.1,False,15.51,28,80,False,med,True,False,True,Low (<0.1 EU/mg),False,False,True,True,False,False,False,True,False,False,Ethanol/Water 70:30,low,med,0.96
mat-0103,High-MW Chitosan Type-513,Chitosan & Derivatives,Corn starch / Potato starch,"High-purity biomedical grade chitosan engineered for tissue engineering, drug delivery, and barrier applications.",low,26.96,69.13,2.79,6.65,40.06,174.68,20.34,1688.3,210.7,False,7.3,13,141,False,med,True,True,False,Standard (<0.5 EU/mg),False,False,True,True,True,True,False,False,False,False,"Water, Dilute Acetic Acid",low,low,0.92
mat-0104,Pharma-Grade Chondroitin Type-838,Chondroitin & Glycosaminoglycans,Corn starch / Potato starch,"High-purity biomedical grade chondroitin engineered for tissue engineering, drug delivery, and barrier applications.",low,29.43,42.87,3.26,4.95,30.14,149.54,25.51,403.2,192.4,True,14.17,64,312,True,med,True,True,False,Ultra-Low (<0.05 EU/mg),False,True,True,True,True,False,False,False,False,True,Ethanol/Water 70:30,med,med,1.0
mat-0105,Injectable Grade Dextran Type-236,Dextran & Dextran Esters,Brown Seaweed (Laminaria hyperborea),"High-purity biomedical grade dextran engineered for tissue engineering, drug delivery, and barrier applications.",med,33.0,71.68,1.12,3.99,52.34,162.0,32.84,1636.6,98.4,False,12.74,23,128,False,high,True,True,False,Standard (<0.5 EU/mg),False,False,False,True,True,True,False,True,True,True,Phosphate Buffered Saline,med,low,1.0
mat-0106,Carboxymethylated Xanthan Type-249,Xanthan & Gellan Gums,Recombinant yeast production,"High-purity biomedical grade xanthan engineered for tissue engineering, drug delivery, and barrier applications.",low,36.37,50.55,1.94,3.5,29.89,126.15,24.13,1470.4,108.7,False,5.19,43,81,False,med,True,True,False,Standard (<0.5 EU/mg),True,True,False,True,False,True,False,True,True,False,"DMSO, Water",low,high,0.86
mat-0107,Pharma-Grade Hyaluronic Acid Type-626,Hyaluronic Acid & Hyaluronates,Fungal fermentation (Aspergillus niger),"High-purity biomedical grade hyaluronic acid engineered for tissue engineering, drug delivery, and barrier applications.",med,22.14,52.19,0.54,2.96,19.03,75.31,25.27,513.8,77.6,False,11.23,87,255,False,high,True,True,False,Standard (<0.5 EU/mg),True,True,True,True,False,False,True,False,True,True,Ethanol/Water 70:30,med,med,0.89
mat-0108,Phosphate-modified Biopolymer Blends Type-643,Biopolymer Blends & Composites,Red Seaweed (Rhodophyta),"High-purity biomedical grade biopolymer blends engineered for tissue engineering, drug delivery, and barrier applications.",high,37.95,87.1,0.13,2.87,29.51,166.14,22.06,1609.7,431.9,False,7.61,21,232,False,high,True,True,False,Ultra-Low (<0.05 EU/mg),False,False,True,False,True,False,True,True,True,True,"Water, Dilute Acetic Acid",low,high,0.94
mat-0109,Film-Forming Cellulose Type-801,Cellulose & Nanocellulose,Corn starch / Potato starch,"High-purity biomedical grade cellulose engineered for tissue engineering, drug delivery, and barrier applications.",high,13.22,55.51,3.09,6.11,28.94,153.29,3.92,1762.2,20.5,False,1.84,16,57,True,med,True,True,True,Ultra-Low (<0.05 EU/mg),False,False,False,False,False,False,True,False,True,True,"Water, Dilute Acetic Acid",high,high,0.86
mat-0110,Quaternized Alginate Type-614,Alginate & Salts,Fungal fermentation (Aspergillus niger),"High-purity biomedical grade alginate engineered for tissue engineering, drug delivery, and barrier applications.",med,32.44,64.74,1.06,4.78,25.98,151.08,2.53,517.4,106.7,False,14.59,76,241,True,med,True,False,False,Standard (<0.5 EU/mg),False,True,True,True,True,True,False,True,False,True,Ethanol/Water 70:30,low,med,0.99
mat-0111,Low-MW Pullulan Type-264,Pullulan & Exopolysaccharides,Brown Seaweed (Laminaria hyperborea),"High-purity biomedical grade pullulan engineered for tissue engineering, drug delivery, and barrier applications.",med,38.39,52.13,0.72,3.96,51.87,181.06,32.73,2486.6,213.0,True,6.08,15,157,True,low,True,True,True,Low (<0.1 EU/mg),True,True,False,True,True,False,False,False,False,False,Phosphate Buffered Saline,high,high,0.9
mat-0112,Sulfated Starch Type-272,Starch & Modified Starches,Crustacean shells (Crab/Shrimp),"High-purity biomedical grade starch engineered for tissue engineering, drug delivery, and barrier applications.",med,36.43,73.48,2.28,3.53,24.77,129.91,12.61,1277.9,206.0,False,9.38,20,123,True,med,True,True,False,Ultra-Low (<0.05 EU/mg),True,True,True,True,False,True,True,False,False,True,Ethanol/Water 70:30,med,low,0.98
mat-0113,"Pharma-Grade Carrageenan (Kappa, Iota, Lambda) Type-977","Carrageenan (Kappa, Iota, Lambda)",Wood pulp / Cotton linters,"High-purity biomedical grade carrageenan (kappa, iota, lambda) engineered for tissue engineering, drug delivery, and barrier applications.",low,25.04,34.11,1.34,1.58,18.14,163.1,34.39,1757.8,343.2,True,8.7,29,117,False,med,True,True,True,Ultra-Low (<0.05 EU/mg),False,True,True,True,False,False,False,False,True,True,Ethanol/Water 70:30,low,high,1.0
mat-0114,Film-Forming Xanthan Type-380,Xanthan & Gellan Gums,Recombinant yeast production,"High-purity biomedical grade xanthan engineered for tissue engineering, drug delivery, and barrier applications.",high,28.15,58.81,1.38,3.02,37.32,173.07,4.11,741.2,438.0,True,9.88,52,242,False,med,True,True,False,Ultra-Low (<0.05 EU/mg),True,True,True,False,True,True,True,True,False,True,Phosphate Buffered Saline,med,med,0.96
mat-0115,Biomedical Grade Dextran Type-590,Dextran & Dextran Esters,Red Seaweed (Rhodophyta),"High-purity biomedical grade dextran engineered for tissue engineering, drug delivery, and barrier applications.",med,11.45,53.95,0.18,0.54,36.54,69.1,22.59,242.1,261.8,True,3.99,30,251,True,high,True,True,False,Low (<0.1 EU/mg),False,False,False,True,True,False,True,True,False,True,Ethanol/Water 70:30,med,high,0.94
mat-0116,Sulfated Cellulose Type-494,Cellulose & Nanocellulose,Brown Seaweed (Laminaria hyperborea),"High-purity biomedical grade cellulose engineered for tissue engineering, drug delivery, and barrier applications.",low,13.09,56.77,1.81,3.61,13.23,36.71,17.44,1594.7,27.2,True,2.77,23,37,False,high,True,False,False,Ultra-Low (<0.05 EU/mg),True,False,False,False,True,False,True,False,False,True,"Water, Dilute Acetic Acid",med,high,0.98
mat-0117,Carboxymethylated Agarose Type-293,Agarose & Agars,Crustacean shells (Crab/Shrimp),"High-purity biomedical grade agarose engineered for tissue engineering, drug delivery, and barrier applications.",high,36.58,67.59,0.5,0.73,41.0,147.29,12.08,1001.3,78.1,False,5.59,75,305,False,high,True,True,False,Ultra-Low (<0.05 EU/mg),False,True,False,False,False,False,False,False,True,True,Phosphate Buffered Saline,med,high,0.99
mat-0118,Crosslinked Alginate Type-620,Alginate & Salts,Corn starch / Potato starch,"High-purity biomedical grade alginate engineered for tissue engineering, drug delivery, and barrier applications.",high,37.03,69.66,2.43,2.83,26.4,125.42,28.45,2084.7,217.5,False,2.68,40,167,False,low,True,True,False,Ultra-Low (<0.05 EU/mg),False,True,True,False,False,True,True,False,True,True,Phosphate Buffered Saline,high,low,0.95
mat-0119,Crosslinked Starch Type-770,Starch & Modified Starches,Crustacean shells (Crab/Shrimp),"High-purity biomedical grade starch engineered for tissue engineering, drug delivery, and barrier applications.",high,8.47,25.89,1.46,4.2,27.3,65.34,2.01,1803.5,414.4,False,13.4,78,270,False,med,True,False,False,Ultra-Low (<0.05 EU/mg),True,False,True,False,True,True,False,False,True,False,Ethanol/Water 70:30,high,med,0.99
mat-0120,"Methacrylated Carrageenan (Kappa, Iota, Lambda) Type-888","Carrageenan (Kappa, Iota, Lambda)",Bacterial fermentation (Streptococcus zooepidemicus),"High-purity biomedical grade carrageenan (kappa, iota, lambda) engineered for tissue engineering, drug delivery, and barrier applications.",high,43.45,69.1,1.67,4.1,6.5,32.78,3.76,1639.1,447.4,True,14.64,59,253,True,high,True,True,True,Standard (<0.5 EU/mg),False,True,True,False,False,False,True,False,True,True,"DMSO, Water",high,low,0.89
mat-0121,Film-Forming Cellulose Type-371,Cellulose & Nanocellulose,Bacterial fermentation (Streptococcus zooepidemicus),"High-purity biomedical grade cellulose engineered for tissue engineering, drug delivery, and barrier applications.",med,38.4,81.04,1.31,4.47,11.59,32.58,33.52,1307.8,12.9,True,15.45,54,229,False,high,True,True,False,Standard (<0.5 EU/mg),False,False,True,True,True,False,False,True,False,False,Phosphate Buffered Saline,med,low,0.95
mat-0122,Quaternized Dextran Type-805,Dextran & Dextran Esters,Crustacean shells (Crab/Shrimp),"High-purity biomedical grade dextran engineered for tissue engineering, drug delivery, and barrier applications.",low,13.43,44.58,1.21,3.74,19.28,106.08,9.44,1257.7,279.8,False,4.29,61,182,False,high,True,True,False,Ultra-Low (<0.05 EU/mg),True,True,True,True,False,True,False,False,True,True,Phosphate Buffered Saline,med,low,0.88
mat-0123,Low-MW Dextran Type-969,Dextran & Dextran Esters,Xanthomonas campestris culture,"High-purity biomedical grade dextran engineered for tissue engineering, drug delivery, and barrier applications.",med,33.82,74.16,1.12,3.46,36.23,102.01,24.63,291.1,368.1,False,15.29,19,263,False,med,True,True,False,Ultra-Low (<0.05 EU/mg),False,True,False,True,False,True,True,False,False,False,"DMSO, Water",high,med,0.98
mat-0124,Phosphate-modified Agarose Type-393,Agarose & Agars,Red Seaweed (Rhodophyta),"High-purity biomedical grade agarose engineered for tissue engineering, drug delivery, and barrier applications.",med,10.79,23.33,2.85,4.33,39.72,129.75,29.94,317.7,81.3,True,6.47,90,253,False,high,True,True,False,Ultra-Low (<0.05 EU/mg),False,False,True,True,True,True,True,False,True,True,Phosphate Buffered Saline,med,low,0.86
mat-0125,Nanofibrillated Dextran Type-155,Dextran & Dextran Esters,Crustacean shells (Crab/Shrimp),"High-purity biomedical grade dextran engineered for tissue engineering, drug delivery, and barrier applications.",high,25.96,75.78,0.45,3.0,9.64,150.06,14.56,689.0,334.5,False,11.72,23,124,True,low,True,False,True,Ultra-Low (<0.05 EU/mg),False,False,False,True,True,False,False,False,False,False,Phosphate Buffered Saline,low,med,0.9
mat-0126,Carboxymethylated Agarose Type-259,Agarose & Agars,Wood pulp / Cotton linters,"High-purity biomedical grade agarose engineered for tissue engineering, drug delivery, and barrier applications.",low,25.93,65.05,0.56,1.85,34.43,140.72,17.98,1925.4,141.8,False,14.61,83,215,True,high,True,True,False,Ultra-Low (<0.05 EU/mg),True,True,False,False,True,False,True,False,True,False,Ethanol/Water 70:30,high,high,0.93
mat-0127,Sulfated Pectin Type-292,Pectin & Pectinates,Recombinant yeast production,"High-purity biomedical grade pectin engineered for tissue engineering, drug delivery, and barrier applications.",low,10.46,20.43,1.65,3.57,43.53,122.41,12.24,507.6,436.7,True,4.32,20,178,False,low,True,True,True,Low (<0.1 EU/mg),True,False,True,False,False,False,False,False,False,True,Ethanol/Water 70:30,low,low,0.86
mat-0128,Sulfated Biopolymer Blends Type-173,Biopolymer Blends & Composites,Leuconostoc mesenteroides fermentation,"High-purity biomedical grade biopolymer blends engineered for tissue engineering, drug delivery, and barrier applications.",med,12.69,55.56,2.88,6.23,11.71,129.25,9.84,1962.4,204.9,True,4.55,19,139,False,med,True,True,True,Standard (<0.5 EU/mg),True,True,False,False,False,True,False,True,True,True,Phosphate Buffered Saline,high,med,0.9
mat-0129,Injectable Grade Hyaluronic Acid Type-382,Hyaluronic Acid & Hyaluronates,Aureobasidium pullulans culture,"High-purity biomedical grade hyaluronic acid engineered for tissue engineering, drug delivery, and barrier applications.",low,36.57,41.97,0.24,3.42,31.14,124.61,13.94,360.3,79.4,True,12.72,50,94,True,med,True,True,False,Low (<0.1 EU/mg),False,True,False,False,False,True,True,False,False,True,Ethanol/Water 70:30,low,med,0.96
mat-0130,Carboxymethylated Pullulan Type-655,Pullulan & Exopolysaccharides,Sphingomonas elodea culture,"High-purity biomedical grade pullulan engineered for tissue engineering, drug delivery, and barrier applications.",med,27.67,57.13,1.2,3.18,52.72,146.54,30.33,526.8,243.7,False,6.17,40,241,False,low,True,True,False,Low (<0.1 EU/mg),False,True,False,True,False,True,False,True,False,False,"DMSO, Water",high,med,0.87
mat-0131,Biomedical Grade Pullulan Type-168,Pullulan & Exopolysaccharides,Crustacean shells (Crab/Shrimp),"High-purity biomedical grade pullulan engineered for tissue engineering, drug delivery, and barrier applications.",high,10.19,54.5,0.79,2.83,10.43,100.37,29.52,1696.1,241.4,False,2.02,35,85,True,low,True,False,False,Ultra-Low (<0.05 EU/mg),True,False,False,False,True,False,True,True,False,True,Phosphate Buffered Saline,high,low,0.87
mat-0132,Nanofibrillated Cellulose Type-494,Cellulose & Nanocellulose,Bacterial fermentation (Streptococcus zooepidemicus),"High-purity biomedical grade cellulose engineered for tissue engineering, drug delivery, and barrier applications.",low,31.28,61.93,3.32,5.64,35.7,150.16,27.17,1504.9,306.8,False,16.03,28,134,False,high,True,True,False,Ultra-Low (<0.05 EU/mg),False,False,False,False,False,False,False,True,True,False,Ethanol/Water 70:30,med,med,0.92
mat-0133,Ultra-Pure Agarose Type-843,Agarose & Agars,Crustacean shells (Crab/Shrimp),"High-purity biomedical grade agarose engineered for tissue engineering, drug delivery, and barrier applications.",high,28.83,57.12,3.48,4.83,21.52,62.58,30.17,201.0,371.7,False,16.64,72,165,True,low,True,True,True,Standard (<0.5 EU/mg),True,True,False,False,True,False,True,True,False,False,Phosphate Buffered Saline,med,high,0.96
mat-0134,Phosphate-modified Alginate Type-757,Alginate & Salts,Wood pulp / Cotton linters,"High-purity biomedical grade alginate engineered for tissue engineering, drug delivery, and barrier applications.",low,37.33,59.5,2.75,6.45,23.39,156.56,16.05,2336.1,63.0,True,13.76,84,103,False,low,True,True,False,Low (<0.1 EU/mg),False,True,True,True,False,False,True,True,False,False,"DMSO, Water",low,low,0.9
mat-0135,Phosphate-modified Dextran Type-863,Dextran & Dextran Esters,Crustacean shells (Crab/Shrimp),"High-purity biomedical grade dextran engineered for tissue engineering, drug delivery, and barrier applications.",med,15.5,38.43,1.58,4.43,46.91,124.24,8.14,1079.0,261.4,True,5.27,41,275,False,high,False,True,False,Ultra-Low (<0.05 EU/mg),False,False,True,False,False,True,False,True,False,False,Phosphate Buffered Saline,med,low,0.99
mat-0136,Crosslinked Cellulose Type-801,Cellulose & Nanocellulose,Citrus peel / Apple pomace,"High-purity biomedical grade cellulose engineered for tissue engineering, drug delivery, and barrier applications.",low,34.14,43.0,2.61,3.73,39.16,69.83,29.39,826.1,161.0,True,6.33,67,92,False,low,True,True,False,Ultra-Low (<0.05 EU/mg),False,True,True,False,True,False,True,True,False,True,Ethanol/Water 70:30,low,med,0.95
mat-0137,High-MW Chitosan Type-497,Chitosan & Derivatives,Xanthomonas campestris culture,"High-purity biomedical grade chitosan engineered for tissue engineering, drug delivery, and barrier applications.",med,39.08,73.78,3.04,3.31,52.71,153.63,9.24,1044.6,439.7,True,16.39,69,128,True,low,True,True,False,Low (<0.1 EU/mg),True,True,False,False,False,False,True,True,False,False,Ethanol/Water 70:30,high,med,0.89
mat-0138,Carboxymethylated Pullulan Type-931,Pullulan & Exopolysaccharides,Crustacean shells (Crab/Shrimp),"High-purity biomedical grade pullulan engineered for tissue engineering, drug delivery, and barrier applications.",med,40.15,85.22,2.87,3.18,35.52,84.75,6.58,2258.4,299.0,True,13.46,73,203,False,low,True,True,True,Standard (<0.5 EU/mg),False,False,True,True,True,True,True,False,True,False,Phosphate Buffered Saline,high,high,0.99
mat-0139,High-MW Starch Type-670,Starch & Modified Starches,Leuconostoc mesenteroides fermentation,"High-purity biomedical grade starch engineered for tissue engineering, drug delivery, and barrier applications.",high,9.74,29.03,3.09,6.05,47.1,180.32,15.37,1116.4,204.9,False,3.75,31,99,True,low,True,False,False,Standard (<0.5 EU/mg),True,True,True,True,False,True,False,True,False,False,Phosphate Buffered Saline,med,med,0.92
mat-0140,Crosslinked Hyaluronic Acid Type-331,Hyaluronic Acid & Hyaluronates,Crustacean shells (Crab/Shrimp),"High-purity biomedical grade hyaluronic acid engineered for tissue engineering, drug delivery, and barrier applications.",med,43.75,90.39,3.33,4.38,41.92,80.32,8.35,566.1,430.1,False,15.77,69,249,False,low,True,True,False,Ultra-Low (<0.05 EU/mg),False,False,True,True,False,False,True,True,False,True,"DMSO, Water",high,high,0.99
mat-0141,Carboxymethylated Cellulose Type-550,Cellulose & Nanocellulose,Corn starch / Potato starch,"High-purity biomedical grade cellulose engineered for tissue engineering, drug delivery, and barrier applications.",high,35.95,53.82,0.67,1.99,55.55,162.14,31.77,1239.4,294.3,True,13.34,21,127,True,med,True,True,True,Standard (<0.5 EU/mg),True,False,True,False,False,True,True,True,True,False,Ethanol/Water 70:30,low,high,0.96
mat-0142,Injectable Grade Chondroitin Type-623,Chondroitin & Glycosaminoglycans,Aureobasidium pullulans culture,"High-purity biomedical grade chondroitin engineered for tissue engineering, drug delivery, and barrier applications.",high,20.15,42.28,2.71,6.38,36.1,138.43,6.53,2191.7,88.7,True,8.25,46,288,False,high,True,False,False,Low (<0.1 EU/mg),False,True,False,False,False,True,False,True,True,False,"DMSO, Water",med,med,0.86
mat-0143,"Ultra-Pure Carrageenan (Kappa, Iota, Lambda) Type-350","Carrageenan (Kappa, Iota, Lambda)",Leuconostoc mesenteroides fermentation,"High-purity biomedical grade carrageenan (kappa, iota, lambda) engineered for tissue engineering, drug delivery, and barrier applications.",med,30.15,72.06,0.81,1.71,8.03,66.89,6.37,226.2,264.4,False,6.76,18,57,True,med,False,True,True,Standard (<0.5 EU/mg),True,False,False,True,True,False,False,False,False,True,"DMSO, Water",high,low,0.89
mat-0144,High-MW Hyaluronic Acid Type-811,Hyaluronic Acid & Hyaluronates,Recombinant yeast production,"High-purity biomedical grade hyaluronic acid engineered for tissue engineering, drug delivery, and barrier applications.",med,26.08,54.69,2.47,5.0,11.01,123.17,22.57,2469.9,222.8,False,8.37,47,193,False,low,True,True,False,Ultra-Low (<0.05 EU/mg),False,True,True,False,True,True,True,True,False,True,Phosphate Buffered Saline,high,med,0.91
mat-0145,Quaternized Starch Type-673,Starch & Modified Starches,Porcine cartilage,"High-purity biomedical grade starch engineered for tissue engineering, drug delivery, and barrier applications.",med,5.45,19.5,1.06,4.26,21.93,102.87,12.35,164.4,311.8,False,7.85,79,107,True,low,True,True,False,Ultra-Low (<0.05 EU/mg),True,True,False,True,False,False,False,False,True,False,Ethanol/Water 70:30,high,high,0.85
mat-0146,"Biomedical Grade Carrageenan (Kappa, Iota, Lambda) Type-439","Carrageenan (Kappa, Iota, Lambda)",Porcine cartilage,"High-purity biomedical grade carrageenan (kappa, iota, lambda) engineered for tissue engineering, drug delivery, and barrier applications.",high,36.83,44.81,0.61,4.0,23.65,86.18,19.4,540.0,276.5,True,11.2,46,221,True,med,True,True,True,Ultra-Low (<0.05 EU/mg),False,True,False,True,True,False,True,True,True,False,"Water, Dilute Acetic Acid",med,high,0.87
mat-0147,Hydrogel-Grade Starch Type-595,Starch & Modified Starches,Sphingomonas elodea culture,"High-purity biomedical grade starch engineered for tissue engineering, drug delivery, and barrier applications.",high,17.41,37.14,2.72,3.29,59.03,141.29,34.76,632.2,26.1,False,13.19,73,146,True,med,False,True,False,Low (<0.1 EU/mg),False,False,True,True,False,True,False,True,False,True,Phosphate Buffered Saline,med,med,0.93
mat-0148,Methacrylated Biopolymer Blends Type-787,Biopolymer Blends & Composites,Fungal fermentation (Aspergillus niger),"High-purity biomedical grade biopolymer blends engineered for tissue engineering, drug delivery, and barrier applications.",med,11.3,21.45,3.36,5.69,10.63,96.58,19.9,787.0,425.0,False,10.84,28,78,False,high,True,True,True,Low (<0.1 EU/mg),False,True,True,False,True,True,False,False,True,False,Ethanol/Water 70:30,med,med,0.97
mat-0149,Injectable Grade Chondroitin Type-786,Chondroitin & Glycosaminoglycans,Porcine cartilage,"High-purity biomedical grade chondroitin engineered for tissue engineering, drug delivery, and barrier applications.",med,43.95,82.96,1.68,2.38,49.71,188.47,17.19,1220.6,311.2,False,9.11,35,122,False,med,True,True,False,Ultra-Low (<0.05 EU/mg),False,False,True,True,False,True,False,False,False,True,Ethanol/Water 70:30,med,high,0.94
mat-0150,High-MW Pullulan Type-515,Pullulan & Exopolysaccharides,Recombinant yeast production,"High-purity biomedical grade pullulan engineered for tissue engineering, drug delivery, and barrier applications.",high,9.28,39.31,0.34,1.69,30.35,123.03,9.49,722.7,80.0,False,7.65,50,170,False,med,True,True,False,Low (<0.1 EU/mg),True,False,True,False,False,True,False,True,False,False,"Water, Dilute Acetic Acid",high,low,0.95
mat-0151,"Injectable Grade Carrageenan (Kappa, Iota, Lambda) Type-939","Carrageenan (Kappa, Iota, Lambda)",Corn starch / Potato starch,"High-purity biomedical grade carrageenan (kappa, iota, lambda) engineered for tissue engineering, drug delivery, and barrier applications.",med,30.8,38.57,0.84,1.57,36.94,152.64,28.63,1929.1,300.8,False,10.13,56,298,True,low,True,True,False,Standard (<0.5 EU/mg),False,False,False,True,True,False,True,False,True,False,"Water, Dilute Acetic Acid",low,high,0.93
mat-0152,High-MW Starch Type-981,Starch & Modified Starches,Wood pulp / Cotton linters,"High-purity biomedical grade starch engineered for tissue engineering, drug delivery, and barrier applications.",high,14.41,51.01,1.44,2.85,26.05,89.47,19.76,1706.8,218.9,True,10.53,53,280,True,med,False,True,True,Low (<0.1 EU/mg),True,True,False,False,True,True,True,False,False,False,Phosphate Buffered Saline,med,high,0.91
mat-0153,Sulfated Dextran Type-463,Dextran & Dextran Esters,Bacterial fermentation (Streptococcus zooepidemicus),"High-purity biomedical grade dextran engineered for tissue engineering, drug delivery, and barrier applications.",low,29.18,60.19,2.98,4.08,32.6,100.12,19.8,1012.4,440.4,False,13.04,21,281,True,low,True,True,False,Ultra-Low (<0.05 EU/mg),False,True,True,True,False,True,False,True,False,True,"DMSO, Water",med,high,0.99
mat-0154,"Pharma-Grade Carrageenan (Kappa, Iota, Lambda) Type-439","Carrageenan (Kappa, Iota, Lambda)",Corn starch / Potato starch,"High-purity biomedical grade carrageenan (kappa, iota, lambda) engineered for tissue engineering, drug delivery, and barrier applications.",med,44.11,62.37,0.67,3.51,37.87,90.44,27.8,762.0,286.9,True,10.82,44,71,False,med,True,True,False,Ultra-Low (<0.05 EU/mg),False,True,False,False,False,True,True,True,True,False,Ethanol/Water 70:30,low,med,0.97
mat-0155,Methacrylated Cellulose Type-285,Cellulose & Nanocellulose,Porcine cartilage,"High-purity biomedical grade cellulose engineered for tissue engineering, drug delivery, and barrier applications.",med,6.32,55.6,3.39,5.85,50.19,177.46,26.72,1120.4,178.6,False,13.4,28,149,False,low,True,True,True,Low (<0.1 EU/mg),False,False,False,False,False,True,False,False,False,False,Phosphate Buffered Saline,high,med,0.85
mat-0156,Methacrylated Biopolymer Blends Type-491,Biopolymer Blends & Composites,Xanthomonas campestris culture,"High-purity biomedical grade biopolymer blends engineered for tissue engineering, drug delivery, and barrier applications.",med,26.21,74.22,0.43,2.65,24.46,152.65,21.95,1682.4,129.9,False,5.69,19,163,False,med,True,True,False,Standard (<0.5 EU/mg),True,False,True,False,True,True,True,True,False,True,"Water, Dilute Acetic Acid",high,med,0.9
mat-0157,Carboxymethylated Chondroitin Type-357,Chondroitin & Glycosaminoglycans,Bacterial fermentation (Streptococcus zooepidemicus),"High-purity biomedical grade chondroitin engineered for tissue engineering, drug delivery, and barrier applications.",low,29.78,37.34,2.12,5.72,16.93,110.84,5.58,2400.8,48.0,True,7.52,89,197,True,high,True,True,False,Low (<0.1 EU/mg),False,False,False,False,False,True,True,False,True,False,"DMSO, Water",med,low,0.89
mat-0158,Low-MW Pectin Type-551,Pectin & Pectinates,Fungal fermentation (Aspergillus niger),"High-purity biomedical grade pectin engineered for tissue engineering, drug delivery, and barrier applications.",med,42.14,74.6,0.71,2.78,12.91,130.53,8.82,1661.8,411.5,False,2.94,16,66,False,med,True,True,False,Low (<0.1 EU/mg),True,False,False,True,False,False,True,False,False,False,"DMSO, Water",high,low,0.93
mat-0159,Sulfated Chitosan Type-805,Chitosan & Derivatives,Recombinant yeast production,"High-purity biomedical grade chitosan engineered for tissue engineering, drug delivery, and barrier applications.",high,9.85,38.94,3.47,4.94,21.66,39.39,34.9,1670.6,170.8,False,2.55,65,227,True,low,True,False,False,Ultra-Low (<0.05 EU/mg),False,True,False,False,True,False,True,True,True,True,"Water, Dilute Acetic Acid",high,high,0.89
mat-0160,High-MW Agarose Type-911,Agarose & Agars,Leuconostoc mesenteroides fermentation,"High-purity biomedical grade agarose engineered for tissue engineering, drug delivery, and barrier applications.",med,24.99,73.41,2.86,6.73,5.9,63.4,12.81,1844.4,188.4,True,14.76,73,321,True,high,True,False,True,Low (<0.1 EU/mg),False,True,False,True,True,True,True,True,True,False,"Water, Dilute Acetic Acid",med,high,0.88
mat-0161,"High-MW Carrageenan (Kappa, Iota, Lambda) Type-937","Carrageenan (Kappa, Iota, Lambda)",Recombinant yeast production,"High-purity biomedical grade carrageenan (kappa, iota, lambda) engineered for tissue engineering, drug delivery, and barrier applications.",low,24.89,65.85,0.85,4.11,28.44,152.05,34.4,1744.2,152.7,True,6.6,34,71,True,med,True,True,False,Low (<0.1 EU/mg),False,True,False,True,True,True,True,False,True,True,"DMSO, Water",low,low,0.85
mat-0162,Pharma-Grade Alginate Type-767,Alginate & Salts,Aureobasidium pullulans culture,"High-purity biomedical grade alginate engineered for tissue engineering, drug delivery, and barrier applications.",high,21.65,62.98,2.73,5.56,16.34,115.92,19.02,1118.3,422.8,True,11.22,70,129,False,med,True,True,True,Standard (<0.5 EU/mg),True,False,True,False,True,False,True,True,True,True,"DMSO, Water",med,low,0.87
mat-0163,Ultra-Pure Chitosan Type-760,Chitosan & Derivatives,Citrus peel / Apple pomace,"High-purity biomedical grade chitosan engineered for tissue engineering, drug delivery, and barrier applications.",med,22.39,42.43,2.84,5.92,7.38,121.04,32.48,563.3,355.6,False,9.85,16,150,False,high,True,True,False,Ultra-Low (<0.05 EU/mg),True,True,False,True,True,True,False,True,False,True,"Water, Dilute Acetic Acid",med,high,0.92
mat-0164,Low-MW Agarose Type-321,Agarose & Agars,Aureobasidium pullulans culture,"High-purity biomedical grade agarose engineered for tissue engineering, drug delivery, and barrier applications.",med,20.49,31.63,2.55,5.15,58.66,96.97,5.76,1776.7,36.2,True,3.07,66,314,False,low,True,True,True,Low (<0.1 EU/mg),True,True,True,False,False,True,False,False,False,True,"DMSO, Water",high,low,0.89
mat-0165,Phosphate-modified Agarose Type-327,Agarose & Agars,Aureobasidium pullulans culture,"High-purity biomedical grade agarose engineered for tissue engineering, drug delivery, and barrier applications.",high,41.55,86.97,1.52,1.89,59.52,172.21,18.39,1150.4,183.5,True,8.8,37,93,True,high,True,False,True,Ultra-Low (<0.05 EU/mg),True,True,True,False,False,True,False,True,False,False,Phosphate Buffered Saline,high,med,0.88
mat-0166,Biomedical Grade Starch Type-575,Starch & Modified Starches,Sphingomonas elodea culture,"High-purity biomedical grade starch engineered for tissue engineering, drug delivery, and barrier applications.",med,39.42,47.6,3.14,4.61,6.8,76.43,10.54,2373.3,248.7,True,14.43,17,202,True,high,False,True,False,Low (<0.1 EU/mg),False,False,False,True,False,False,True,True,True,True,Ethanol/Water 70:30,low,high,0.87
mat-0167,Pharma-Grade Dextran Type-870,Dextran & Dextran Esters,Aureobasidium pullulans culture,"High-purity biomedical grade dextran engineered for tissue engineering, drug delivery, and barrier applications.",high,33.11,72.0,2.69,4.11,54.39,134.89,15.67,278.0,174.0,False,9.37,74,150,False,high,True,True,False,Ultra-Low (<0.05 EU/mg),False,True,True,False,True,True,False,True,False,True,"Water, Dilute Acetic Acid",low,med,0.87
mat-0168,Methacrylated Hyaluronic Acid Type-254,Hyaluronic Acid & Hyaluronates,Recombinant yeast production,"High-purity biomedical grade hyaluronic acid engineered for tissue engineering, drug delivery, and barrier applications.",med,43.08,49.1,1.52,4.31,56.24,132.59,15.57,1883.6,19.5,True,2.26,36,221,False,high,True,True,True,Standard (<0.5 EU/mg),False,False,False,True,False,True,False,True,False,False,Ethanol/Water 70:30,low,low,0.9
mat-0169,Low-MW Dextran Type-733,Dextran & Dextran Esters,Brown Seaweed (Laminaria hyperborea),"High-purity biomedical grade dextran engineered for tissue engineering, drug delivery, and barrier applications.",high,16.41,65.2,2.95,5.78,41.65,73.14,9.47,246.7,149.3,True,8.61,54,162,True,high,True,True,False,Low (<0.1 EU/mg),False,False,True,False,True,True,False,False,True,False,Ethanol/Water 70:30,low,low,1.0
mat-0170,Nanofibrillated Pullulan Type-439,Pullulan & Exopolysaccharides,Xanthomonas campestris culture,"High-purity biomedical grade pullulan engineered for tissue engineering, drug delivery, and barrier applications.",high,23.96,42.0,3.31,7.24,36.56,67.15,20.44,2281.2,204.5,True,13.49,12,97,True,med,True,True,True,Ultra-Low (<0.05 EU/mg),True,False,True,True,True,False,True,True,True,False,"Water, Dilute Acetic Acid",high,med,0.88
mat-0171,Phosphate-modified Starch Type-719,Starch & Modified Starches,Leuconostoc mesenteroides fermentation,"High-purity biomedical grade starch engineered for tissue engineering, drug delivery, and barrier applications.",high,41.34,62.59,0.6,4.04,25.33,87.53,11.04,975.7,440.1,True,4.82,63,289,False,med,True,True,False,Standard (<0.5 EU/mg),False,True,True,True,True,False,False,False,True,False,"Water, Dilute Acetic Acid",low,med,0.95
mat-0172,Sulfated Pectin Type-279,Pectin & Pectinates,Leuconostoc mesenteroides fermentation,"High-purity biomedical grade pectin engineered for tissue engineering, drug delivery, and barrier applications.",med,27.72,73.89,0.78,4.14,20.92,99.6,29.06,859.7,267.5,False,10.6,66,194,True,low,True,True,False,Standard (<0.5 EU/mg),False,True,False,False,True,False,True,True,True,False,"DMSO, Water",low,high,0.96
mat-0173,"Methacrylated Carrageenan (Kappa, Iota, Lambda) Type-679","Carrageenan (Kappa, Iota, Lambda)",Corn starch / Potato starch,"High-purity biomedical grade carrageenan (kappa, iota, lambda) engineered for tissue engineering, drug delivery, and barrier applications.",high,30.12,56.54,2.46,3.11,33.19,123.73,29.82,532.7,35.7,False,8.95,24,220,True,low,True,True,False,Ultra-Low (<0.05 EU/mg),True,False,False,True,True,True,True,True,False,False,Ethanol/Water 70:30,med,high,0.95
mat-0174,High-MW Starch Type-647,Starch & Modified Starches,Aureobasidium pullulans culture,"High-purity biomedical grade starch engineered for tissue engineering, drug delivery, and barrier applications.",med,10.75,21.91,1.06,4.22,27.66,166.59,6.96,662.0,231.5,True,14.56,78,150,False,med,False,True,True,Low (<0.1 EU/mg),False,False,False,False,True,False,False,True,False,True,"Water, Dilute Acetic Acid",low,low,0.98
mat-0175,Pharma-Grade Hyaluronic Acid Type-332,Hyaluronic Acid & Hyaluronates,Wood pulp / Cotton linters,"High-purity biomedical grade hyaluronic acid engineered for tissue engineering, drug delivery, and barrier applications.",low,10.21,18.75,2.45,5.63,9.28,127.74,26.87,249.9,57.4,True,9.08,39,75,True,med,True,True,False,Standard (<0.5 EU/mg),True,True,True,False,True,True,True,False,False,False,Phosphate Buffered Saline,high,high,0.94
mat-0176,Phosphate-modified Pullulan Type-169,Pullulan & Exopolysaccharides,Fungal fermentation (Aspergillus niger),"High-purity biomedical grade pullulan engineered for tissue engineering, drug delivery, and barrier applications.",high,35.53,64.33,2.53,6.39,14.45,130.01,1.65,1854.6,416.7,False,7.36,82,190,False,high,False,True,True,Ultra-Low (<0.05 EU/mg),False,True,True,False,True,False,True,False,True,True,"DMSO, Water",med,high,0.89
mat-0177,Ultra-Pure Chondroitin Type-184,Chondroitin & Glycosaminoglycans,Citrus peel / Apple pomace,"High-purity biomedical grade chondroitin engineered for tissue engineering, drug delivery, and barrier applications.",med,20.39,45.95,2.6,5.41,51.26,92.88,15.14,2464.7,198.3,True,16.23,67,269,True,low,False,True,True,Ultra-Low (<0.05 EU/mg),True,True,True,False,False,True,True,True,False,True,Ethanol/Water 70:30,low,high,0.98
mat-0178,High-MW Agarose Type-338,Agarose & Agars,Recombinant yeast production,"High-purity biomedical grade agarose engineered for tissue engineering, drug delivery, and barrier applications.",med,24.96,64.38,2.7,5.16,46.6,168.74,33.1,986.8,303.3,False,17.79,72,228,True,med,True,True,False,Standard (<0.5 EU/mg),True,True,True,True,True,False,True,True,False,False,Phosphate Buffered Saline,med,high,0.94
mat-0179,High-MW Biopolymer Blends Type-776,Biopolymer Blends & Composites,Porcine cartilage,"High-purity biomedical grade biopolymer blends engineered for tissue engineering, drug delivery, and barrier applications.",med,24.69,50.66,1.1,3.19,32.76,118.7,28.62,1420.2,17.8,True,17.84,22,232,False,med,True,True,True,Low (<0.1 EU/mg),False,True,False,False,True,False,False,False,True,False,"DMSO, Water",med,high,0.98
mat-0180,Ultra-Pure Pullulan Type-500,Pullulan & Exopolysaccharides,Wood pulp / Cotton linters,"High-purity biomedical grade pullulan engineered for tissue engineering, drug delivery, and barrier applications.",med,43.83,76.59,1.3,5.22,22.63,36.57,3.01,2116.8,163.5,True,14.06,87,275,False,low,True,False,False,Low (<0.1 EU/mg),True,True,True,False,True,True,False,True,False,True,"Water, Dilute Acetic Acid",high,med,0.86
mat-0181,Film-Forming Xanthan Type-532,Xanthan & Gellan Gums,Aureobasidium pullulans culture,"High-purity biomedical grade xanthan engineered for tissue engineering, drug delivery, and barrier applications.",med,21.85,27.77,1.7,1.98,22.41,112.26,12.3,379.7,224.9,True,6.84,71,258,True,high,True,False,True,Standard (<0.5 EU/mg),True,True,False,False,True,False,False,True,True,True,Ethanol/Water 70:30,med,low,0.93
mat-0182,Methacrylated Pullulan Type-537,Pullulan & Exopolysaccharides,Bacterial fermentation (Streptococcus zooepidemicus),"High-purity biomedical grade pullulan engineered for tissue engineering, drug delivery, and barrier applications.",med,8.07,50.14,1.82,3.16,41.49,95.36,15.38,740.5,236.8,True,16.0,87,196,False,low,True,True,False,Ultra-Low (<0.05 EU/mg),False,True,True,False,False,True,True,True,False,False,"DMSO, Water",med,low,0.95
mat-0183,Carboxymethylated Agarose Type-943,Agarose & Agars,Wood pulp / Cotton linters,"High-purity biomedical grade agarose engineered for tissue engineering, drug delivery, and barrier applications.",med,15.26,47.32,1.48,2.11,15.56,59.94,29.21,1240.8,256.3,False,8.29,11,128,True,med,True,True,False,Standard (<0.5 EU/mg),True,True,False,True,True,True,False,False,True,False,Ethanol/Water 70:30,high,high,0.98
mat-0184,Film-Forming Agarose Type-841,Agarose & Agars,Recombinant yeast production,"High-purity biomedical grade agarose engineered for tissue engineering, drug delivery, and barrier applications.",low,9.48,47.53,3.27,5.45,50.59,193.54,32.71,741.7,399.2,True,11.28,47,229,False,high,True,False,True,Low (<0.1 EU/mg),True,True,False,False,False,False,True,False,False,True,Ethanol/Water 70:30,high,med,0.92
mat-0185,Carboxymethylated Cellulose Type-903,Cellulose & Nanocellulose,Brown Seaweed (Laminaria hyperborea),"High-purity biomedical grade cellulose engineered for tissue engineering, drug delivery, and barrier applications.",med,33.63,75.59,0.17,4.04,38.32,166.13,23.68,2361.0,313.9,True,5.45,56,228,False,high,True,False,False,Ultra-Low (<0.05 EU/mg),True,False,False,False,True,True,False,True,True,False,Ethanol/Water 70:30,high,med,0.97
mat-0186,Film-Forming Pectin Type-182,Pectin & Pectinates,Recombinant yeast production,"High-purity biomedical grade pectin engineered for tissue engineering, drug delivery, and barrier applications.",high,24.67,62.83,3.25,4.71,28.23,166.83,4.86,526.8,124.8,True,7.11,84,265,False,high,True,True,False,Standard (<0.5 EU/mg),False,True,True,False,True,False,False,True,True,True,Phosphate Buffered Saline,high,high,1.0
mat-0187,Injectable Grade Xanthan Type-233,Xanthan & Gellan Gums,Recombinant yeast production,"High-purity biomedical grade xanthan engineered for tissue engineering, drug delivery, and barrier applications.",med,21.41,68.68,1.64,5.16,12.34,46.63,21.37,919.8,134.0,True,8.16,30,245,False,high,True,False,False,Standard (<0.5 EU/mg),True,True,False,True,False,True,True,False,False,False,Phosphate Buffered Saline,low,med,0.88
mat-0188,"High-MW Carrageenan (Kappa, Iota, Lambda) Type-114","Carrageenan (Kappa, Iota, Lambda)",Sphingomonas elodea culture,"High-purity biomedical grade carrageenan (kappa, iota, lambda) engineered for tissue engineering, drug delivery, and barrier applications.",med,35.93,82.7,2.91,4.99,17.35,55.79,33.19,2061.5,127.1,False,7.62,62,181,True,med,True,True,True,Low (<0.1 EU/mg),True,False,False,True,False,True,False,False,True,True,"DMSO, Water",low,med,1.0
mat-0189,Biomedical Grade Agarose Type-317,Agarose & Agars,Sphingomonas elodea culture,"High-purity biomedical grade agarose engineered for tissue engineering, drug delivery, and barrier applications.",med,21.93,53.8,0.35,2.67,7.87,148.22,17.28,982.6,276.8,True,1.29,71,280,False,med,True,True,False,Low (<0.1 EU/mg),True,False,True,False,False,False,True,True,False,False,Phosphate Buffered Saline,med,low,0.9
mat-0190,Methacrylated Hyaluronic Acid Type-992,Hyaluronic Acid & Hyaluronates,Recombinant yeast production,"High-purity biomedical grade hyaluronic acid engineered for tissue engineering, drug delivery, and barrier applications.",med,19.42,43.77,3.17,4.37,50.63,190.37,18.82,1174.1,82.6,False,14.03,26,265,True,low,True,True,True,Ultra-Low (<0.05 EU/mg),True,False,False,True,False,True,False,False,False,False,"DMSO, Water",low,high,0.98
mat-0191,Quaternized Alginate Type-195,Alginate & Salts,Bacterial fermentation (Streptococcus zooepidemicus),"High-purity biomedical grade alginate engineered for tissue engineering, drug delivery, and barrier applications.",high,12.23,24.8,1.83,3.07,54.0,145.99,21.05,2433.3,241.4,True,8.2,16,156,False,high,True,True,True,Standard (<0.5 EU/mg),True,False,False,True,False,True,True,True,False,False,"DMSO, Water",high,med,0.94
mat-0192,Quaternized Chitosan Type-144,Chitosan & Derivatives,Xanthomonas campestris culture,"High-purity biomedical grade chitosan engineered for tissue engineering, drug delivery, and barrier applications.",med,23.12,70.75,3.5,7.15,48.84,76.94,30.42,2033.7,134.5,True,13.7,77,286,True,med,True,True,False,Ultra-Low (<0.05 EU/mg),True,True,True,True,False,False,False,True,True,False,"DMSO, Water",med,high,0.97
mat-0193,Hydrogel-Grade Pectin Type-801,Pectin & Pectinates,Aureobasidium pullulans culture,"High-purity biomedical grade pectin engineered for tissue engineering, drug delivery, and barrier applications.",low,31.62,74.06,1.84,3.9,53.7,130.4,20.36,1144.2,342.9,False,11.51,62,294,True,low,True,False,False,Standard (<0.5 EU/mg),True,False,True,False,False,False,True,False,False,True,Phosphate Buffered Saline,high,med,0.98
mat-0194,Sulfated Pullulan Type-402,Pullulan & Exopolysaccharides,Aureobasidium pullulans culture,"High-purity biomedical grade pullulan engineered for tissue engineering, drug delivery, and barrier applications.",low,8.06,15.09,0.47,2.28,10.2,112.72,20.54,745.4,122.1,True,14.11,9,81,False,low,True,True,True,Ultra-Low (<0.05 EU/mg),False,False,False,False,False,False,True,True,True,True,Ethanol/Water 70:30,high,low,0.92
mat-0195,Ultra-Pure Chitosan Type-504,Chitosan & Derivatives,Fungal fermentation (Aspergillus niger),"High-purity biomedical grade chitosan engineered for tissue engineering, drug delivery, and barrier applications.",low,31.23,56.94,1.48,4.18,45.93,157.56,11.64,2060.9,281.4,False,14.72,18,96,True,low,True,True,False,Low (<0.1 EU/mg),True,True,False,True,True,False,True,True,False,False,Phosphate Buffered Saline,med,med,0.85
mat-0196,Hydrogel-Grade Hyaluronic Acid Type-256,Hyaluronic Acid & Hyaluronates,Sphingomonas elodea culture,"High-purity biomedical grade hyaluronic acid engineered for tissue engineering, drug delivery, and barrier applications.",high,43.55,69.77,3.02,5.44,16.07,105.79,29.43,269.7,13.5,False,17.66,70,232,True,med,True,True,False,Standard (<0.5 EU/mg),False,True,True,True,False,False,True,False,False,False,"Water, Dilute Acetic Acid",med,high,0.99
mat-0197,Methacrylated Starch Type-814,Starch & Modified Starches,Corn starch / Potato starch,"High-purity biomedical grade starch engineered for tissue engineering, drug delivery, and barrier applications.",low,16.52,30.17,1.27,2.35,17.08,154.35,12.86,1564.9,380.7,False,3.4,44,257,False,high,True,True,False,Low (<0.1 EU/mg),True,False,True,False,True,True,True,True,False,True,"DMSO, Water",med,med,0.89
mat-0198,Ultra-Pure Pullulan Type-118,Pullulan & Exopolysaccharides,Citrus peel / Apple pomace,"High-purity biomedical grade pullulan engineered for tissue engineering, drug delivery, and barrier applications.",high,19.28,31.42,2.92,6.52,6.76,25.67,15.93,1601.3,63.1,True,9.37,50,245,True,high,True,True,False,Standard (<0.5 EU/mg),True,True,False,False,True,True,True,True,True,True,"Water, Dilute Acetic Acid",low,med,0.87
mat-0199,Pharma-Grade Pectin Type-552,Pectin & Pectinates,Porcine cartilage,"High-purity biomedical grade pectin engineered for tissue engineering, drug delivery, and barrier applications.",med,34.3,43.77,2.3,3.77,12.58,141.38,16.21,1127.0,348.4,True,15.22,67,255,False,high,True,True,False,Ultra-Low (<0.05 EU/mg),False,True,True,False,True,True,False,False,False,False,Ethanol/Water 70:30,low,med,0.87
mat-0200,Pharma-Grade Chitosan Type-925,Chitosan & Derivatives,Leuconostoc mesenteroides fermentation,"High-purity biomedical grade chitosan engineered for tissue engineering, drug delivery, and barrier applications.",high,8.39,27.56,3.44,4.26,8.38,124.67,23.62,1657.4,407.1,True,17.63,73,238,False,med,True,True,False,Standard (<0.5 EU/mg),False,False,True,False,True,False,False,True,False,False,"DMSO, Water",low,med,0.86
mat-0201,Quaternized Pullulan Type-499,Pullulan & Exopolysaccharides,Sphingomonas elodea culture,"High-purity biomedical grade pullulan engineered for tissue engineering, drug delivery, and barrier applications.",high,40.2,68.62,1.94,2.95,33.14,86.86,12.91,1643.9,20.3,False,5.25,45,275,True,high,True,True,False,Ultra-Low (<0.05 EU/mg),True,True,True,False,False,True,False,False,True,True,Ethanol/Water 70:30,med,med,0.95
mat-0202,Phosphate-modified Chondroitin Type-788,Chondroitin & Glycosaminoglycans,Brown Seaweed (Laminaria hyperborea),"High-purity biomedical grade chondroitin engineered for tissue engineering, drug delivery, and barrier applications.",high,25.79,41.93,1.21,3.62,50.26,110.84,4.78,1822.4,374.5,True,2.75,61,141,False,low,True,True,False,Standard (<0.5 EU/mg),False,False,False,False,False,False,False,True,True,True,"DMSO, Water",high,med,0.87
mat-0203,Nanofibrillated Chondroitin Type-983,Chondroitin & Glycosaminoglycans,Leuconostoc mesenteroides fermentation,"High-purity biomedical grade chondroitin engineered for tissue engineering, drug delivery, and barrier applications.",low,13.51,39.81,2.64,6.43,25.31,168.57,21.65,1110.3,63.2,False,1.88,26,100,False,med,False,True,False,Low (<0.1 EU/mg),True,False,True,False,False,True,True,False,True,True,Ethanol/Water 70:30,low,low,0.91
mat-0204,"Carboxymethylated Carrageenan (Kappa, Iota, Lambda) Type-679","Carrageenan (Kappa, Iota, Lambda)",Red Seaweed (Rhodophyta),"High-purity biomedical grade carrageenan (kappa, iota, lambda) engineered for tissue engineering, drug delivery, and barrier applications.",high,36.25,62.64,2.55,5.05,46.91,127.58,16.94,1207.3,207.6,False,2.7,86,309,False,low,False,True,True,Standard (<0.5 EU/mg),False,False,True,True,True,False,True,True,True,True,Phosphate Buffered Saline,med,high,0.98
mat-0205,Biomedical Grade Alginate Type-644,Alginate & Salts,Brown Seaweed (Laminaria hyperborea),"High-purity biomedical grade alginate engineered for tissue engineering, drug delivery, and barrier applications.",high,16.0,30.26,2.92,6.31,36.88,58.73,19.37,903.0,269.1,False,15.68,9,197,False,low,True,False,True,Ultra-Low (<0.05 EU/mg),True,True,True,True,False,True,True,False,True,True,Ethanol/Water 70:30,med,high,0.88
mat-0206,"Quaternized Carrageenan (Kappa, Iota, Lambda) Type-285","Carrageenan (Kappa, Iota, Lambda)",Crustacean shells (Crab/Shrimp),"High-purity biomedical grade carrageenan (kappa, iota, lambda) engineered for tissue engineering, drug delivery, and barrier applications.",high,16.92,26.36,0.58,4.17,19.19,161.01,31.63,271.9,115.4,True,9.48,71,282,True,med,True,True,False,Ultra-Low (<0.05 EU/mg),True,False,True,True,False,True,True,True,False,False,"DMSO, Water",low,high,0.93
mat-0207,Low-MW Biopolymer Blends Type-482,Biopolymer Blends & Composites,Leuconostoc mesenteroides fermentation,"High-purity biomedical grade biopolymer blends engineered for tissue engineering, drug delivery, and barrier applications.",high,36.28,65.47,1.54,5.2,29.85,39.99,17.07,2099.0,137.3,True,1.21,68,221,False,high,True,True,False,Standard (<0.5 EU/mg),False,True,True,True,False,True,False,True,True,False,"DMSO, Water",low,high,0.93
mat-0208,Quaternized Biopolymer Blends Type-798,Biopolymer Blends & Composites,Citrus peel / Apple pomace,"High-purity biomedical grade biopolymer blends engineered for tissue engineering, drug delivery, and barrier applications.",med,44.19,81.04,1.03,3.75,22.69,62.18,33.63,921.9,412.2,True,12.06,7,264,True,low,True,True,False,Standard (<0.5 EU/mg),False,False,True,True,True,False,True,False,False,False,"DMSO, Water",low,high,1.0
mat-0209,Methacrylated Alginate Type-479,Alginate & Salts,Bacterial fermentation (Streptococcus zooepidemicus),"High-purity biomedical grade alginate engineered for tissue engineering, drug delivery, and barrier applications.",med,13.86,19.75,1.06,4.76,24.68,47.28,22.05,862.5,325.8,True,17.67,53,85,False,med,False,True,True,Low (<0.1 EU/mg),False,True,False,False,True,True,True,True,True,True,Phosphate Buffered Saline,med,high,0.98
mat-0210,Pharma-Grade Pullulan Type-901,Pullulan & Exopolysaccharides,Wood pulp / Cotton linters,"High-purity biomedical grade pullulan engineered for tissue engineering, drug delivery, and barrier applications.",low,32.12,81.76,2.46,4.69,18.91,107.33,16.71,2354.0,292.0,True,15.54,48,283,False,med,True,True,False,Standard (<0.5 EU/mg),True,True,True,False,False,False,False,True,False,True,Ethanol/Water 70:30,low,high,0.97
mat-0211,Crosslinked Chondroitin Type-806,Chondroitin & Glycosaminoglycans,Corn starch / Potato starch,"High-purity biomedical grade chondroitin engineered for tissue engineering, drug delivery, and barrier applications.",high,41.68,55.54,1.22,1.66,39.39,53.29,15.97,206.5,360.8,False,15.32,38,107,False,low,False,True,False,Standard (<0.5 EU/mg),True,True,False,True,False,True,True,True,True,False,Ethanol/Water 70:30,high,low,0.97
mat-0212,Hydrogel-Grade Chitosan Type-921,Chitosan & Derivatives,Red Seaweed (Rhodophyta),"High-purity biomedical grade chitosan engineered for tissue engineering, drug delivery, and barrier applications.",low,29.43,53.86,0.45,0.86,7.87,136.86,14.96,1600.7,190.9,True,8.82,66,299,True,med,True,True,True,Standard (<0.5 EU/mg),False,True,True,True,True,True,True,True,False,False,"DMSO, Water",med,high,0.94
mat-0213,Crosslinked Hyaluronic Acid Type-240,Hyaluronic Acid & Hyaluronates,Porcine cartilage,"High-purity biomedical grade hyaluronic acid engineered for tissue engineering, drug delivery, and barrier applications.",low,10.11,41.41,1.84,4.52,24.68,116.39,19.63,492.2,216.6,False,6.09,8,96,True,low,True,True,False,Ultra-Low (<0.05 EU/mg),False,True,True,True,True,False,True,False,False,False,Ethanol/Water 70:30,high,med,0.91
mat-0214,High-MW Hyaluronic Acid Type-565,Hyaluronic Acid & Hyaluronates,Porcine cartilage,"High-purity biomedical grade hyaluronic acid engineered for tissue engineering, drug delivery, and barrier applications.",high,24.84,71.24,2.27,5.1,30.66,70.5,17.6,1955.6,368.4,False,4.65,30,47,False,low,True,True,True,Ultra-Low (<0.05 EU/mg),False,True,False,True,True,True,True,False,True,True,Ethanol/Water 70:30,high,low,0.9
mat-0215,Crosslinked Pullulan Type-282,Pullulan & Exopolysaccharides,Bacterial fermentation (Streptococcus zooepidemicus),"High-purity biomedical grade pullulan engineered for tissue engineering, drug delivery, and barrier applications.",low,38.72,84.7,0.17,2.94,25.84,146.08,5.22,2349.9,144.2,True,7.41,54,155,False,high,True,True,False,Low (<0.1 EU/mg),True,False,False,False,False,True,True,True,False,True,Ethanol/Water 70:30,low,low,0.94
mat-0216,Film-Forming Pectin Type-229,Pectin & Pectinates,Recombinant yeast production,"High-purity biomedical grade pectin engineered for tissue engineering, drug delivery, and barrier applications.",med,28.36,55.36,2.57,5.75,48.5,144.58,7.11,1062.1,398.3,False,9.58,66,171,False,high,True,True,False,Ultra-Low (<0.05 EU/mg),False,False,False,True,True,True,True,False,True,False,Phosphate Buffered Saline,med,med,0.98
mat-0217,"Low-MW Carrageenan (Kappa, Iota, Lambda) Type-962","Carrageenan (Kappa, Iota, Lambda)",Citrus peel / Apple pomace,"High-purity biomedical grade carrageenan (kappa, iota, lambda) engineered for tissue engineering, drug delivery, and barrier applications.",med,8.39,47.21,1.1,3.27,17.66,33.42,18.66,940.5,208.5,False,8.07,70,246,False,med,True,True,True,Low (<0.1 EU/mg),False,True,False,True,False,True,True,True,True,False,"Water, Dilute Acetic Acid",high,low,0.9
mat-0218,Quaternized Xanthan Type-356,Xanthan & Gellan Gums,Wood pulp / Cotton linters,"High-purity biomedical grade xanthan engineered for tissue engineering, drug delivery, and barrier applications.",high,35.74,78.79,0.75,3.25,12.58,142.28,25.49,1426.3,124.9,False,5.94,51,271,False,high,True,True,False,Low (<0.1 EU/mg),False,True,True,True,False,True,False,False,False,True,Ethanol/Water 70:30,low,med,0.97
mat-0219,Sulfated Chondroitin Type-314,Chondroitin & Glycosaminoglycans,Red Seaweed (Rhodophyta),"High-purity biomedical grade chondroitin engineered for tissue engineering, drug delivery, and barrier applications.",med,27.34,49.2,2.06,2.75,56.88,68.24,28.65,2110.6,159.5,False,8.35,58,225,False,high,True,True,False,Low (<0.1 EU/mg),False,False,False,True,False,True,False,True,False,True,Ethanol/Water 70:30,high,med,0.95
mat-0220,High-MW Pectin Type-275,Pectin & Pectinates,Fungal fermentation (Aspergillus niger),"High-purity biomedical grade pectin engineered for tissue engineering, drug delivery, and barrier applications.",med,12.11,54.3,2.15,2.45,15.94,153.53,14.43,633.8,138.1,True,8.84,54,73,True,med,True,True,True,Low (<0.1 EU/mg),True,False,False,True,False,True,True,True,False,False,"DMSO, Water",low,high,0.94
mat-0221,Phosphate-modified Pectin Type-307,Pectin & Pectinates,Leuconostoc mesenteroides fermentation,"High-purity biomedical grade pectin engineered for tissue engineering, drug delivery, and barrier applications.",high,23.36,37.44,3.47,5.36,50.35,145.03,9.77,922.9,260.5,False,8.93,80,114,True,med,True,False,True,Standard (<0.5 EU/mg),False,False,True,False,True,True,False,False,False,True,"Water, Dilute Acetic Acid",med,high,0.99
mat-0222,Hydrogel-Grade Cellulose Type-991,Cellulose & Nanocellulose,Brown Seaweed (Laminaria hyperborea),"High-purity biomedical grade cellulose engineered for tissue engineering, drug delivery, and barrier applications.",med,30.12,48.26,3.22,6.07,44.73,85.15,18.03,2482.1,253.2,False,2.49,20,200,False,med,True,True,True,Low (<0.1 EU/mg),True,False,False,False,False,True,False,True,True,False,"Water, Dilute Acetic Acid",high,low,0.9
mat-0223,Methacrylated Chondroitin Type-596,Chondroitin & Glycosaminoglycans,Red Seaweed (Rhodophyta),"High-purity biomedical grade chondroitin engineered for tissue engineering, drug delivery, and barrier applications.",low,26.94,42.84,3.33,4.06,50.12,177.94,7.21,192.5,54.2,False,3.29,57,157,True,high,True,True,True,Ultra-Low (<0.05 EU/mg),True,True,True,True,False,True,True,False,False,False,"Water, Dilute Acetic Acid",high,low,0.86
mat-0224,Injectable Grade Agarose Type-306,Agarose & Agars,Bacterial fermentation (Streptococcus zooepidemicus),"High-purity biomedical grade agarose engineered for tissue engineering, drug delivery, and barrier applications.",med,14.54,23.65,1.53,5.49,23.54,60.44,23.91,668.3,398.2,True,13.36,12,238,True,med,True,True,False,Standard (<0.5 EU/mg),False,False,True,True,True,True,False,False,True,True,"DMSO, Water",high,med,0.85
mat-0225,Methacrylated Cellulose Type-325,Cellulose & Nanocellulose,Fungal fermentation (Aspergillus niger),"High-purity biomedical grade cellulose engineered for tissue engineering, drug delivery, and barrier applications.",med,16.14,49.22,0.25,3.81,27.61,145.07,18.24,2477.6,323.5,True,5.43,19,199,False,high,False,True,True,Low (<0.1 EU/mg),False,False,True,False,True,False,False,True,True,True,"Water, Dilute Acetic Acid",high,low,0.9
mat-0226,Sulfated Chondroitin Type-875,Chondroitin & Glycosaminoglycans,Bacterial fermentation (Streptococcus zooepidemicus),"High-purity biomedical grade chondroitin engineered for tissue engineering, drug delivery, and barrier applications.",med,7.4,29.25,1.11,1.89,16.24,31.55,32.43,1555.5,426.2,False,3.46,47,81,False,high,True,True,True,Standard (<0.5 EU/mg),False,False,True,True,True,True,True,False,False,True,"DMSO, Water",high,low,0.86
mat-0227,High-MW Dextran Type-297,Dextran & Dextran Esters,Crustacean shells (Crab/Shrimp),"High-purity biomedical grade dextran engineered for tissue engineering, drug delivery, and barrier applications.",med,10.66,24.85,0.41,2.86,50.72,191.17,9.42,333.7,329.0,False,3.96,32,171,False,low,True,True,False,Standard (<0.5 EU/mg),True,False,False,True,False,False,False,True,False,False,"DMSO, Water",high,high,0.96
mat-0228,Low-MW Biopolymer Blends Type-939,Biopolymer Blends & Composites,Porcine cartilage,"High-purity biomedical grade biopolymer blends engineered for tissue engineering, drug delivery, and barrier applications.",med,35.48,59.71,0.38,4.02,21.51,106.72,20.02,562.9,177.4,False,8.82,55,315,True,med,True,True,True,Low (<0.1 EU/mg),True,True,False,False,False,False,False,False,False,False,Ethanol/Water 70:30,high,high,0.86
mat-0229,Hydrogel-Grade Chitosan Type-227,Chitosan & Derivatives,Corn starch / Potato starch,"High-purity biomedical grade chitosan engineered for tissue engineering, drug delivery, and barrier applications.",high,11.49,50.82,3.35,6.48,46.34,105.14,25.26,1642.2,172.0,True,12.14,61,201,True,med,True,True,False,Standard (<0.5 EU/mg),True,True,False,False,True,False,True,True,True,True,"Water, Dilute Acetic Acid",high,high,0.99
mat-0230,Pharma-Grade Agarose Type-700,Agarose & Agars,Fungal fermentation (Aspergillus niger),"High-purity biomedical grade agarose engineered for tissue engineering, drug delivery, and barrier applications.",med,12.55,36.58,2.92,4.08,21.62,167.1,23.56,1049.6,145.5,False,13.84,18,87,False,low,True,True,False,Standard (<0.5 EU/mg),False,True,True,False,True,True,True,False,False,False,"DMSO, Water",low,low,0.91
mat-0231,Low-MW Chondroitin Type-302,Chondroitin & Glycosaminoglycans,Red Seaweed (Rhodophyta),"High-purity biomedical grade chondroitin engineered for tissue engineering, drug delivery, and barrier applications.",low,42.94,68.22,2.87,3.78,8.24,43.82,26.93,759.5,407.0,False,8.6,86,155,True,low,True,True,True,Ultra-Low (<0.05 EU/mg),True,True,False,False,True,True,True,False,True,True,"Water, Dilute Acetic Acid",low,high,0.97
mat-0232,Phosphate-modified Agarose Type-632,Agarose & Agars,Porcine cartilage,"High-purity biomedical grade agarose engineered for tissue engineering, drug delivery, and barrier applications.",med,24.44,63.5,2.15,3.63,42.5,100.53,12.06,713.1,168.9,False,7.56,14,210,False,low,True,False,False,Low (<0.1 EU/mg),True,True,False,True,False,False,False,False,True,True,Ethanol/Water 70:30,low,high,0.9
mat-0233,Injectable Grade Chitosan Type-853,Chitosan & Derivatives,Citrus peel / Apple pomace,"High-purity biomedical grade chitosan engineered for tissue engineering, drug delivery, and barrier applications.",med,14.34,41.14,2.61,5.83,24.16,165.63,33.04,1268.9,299.7,True,13.54,44,157,True,high,True,True,False,Low (<0.1 EU/mg),True,False,True,False,False,True,False,True,False,True,Phosphate Buffered Saline,low,low,0.96
mat-0234,Pharma-Grade Xanthan Type-191,Xanthan & Gellan Gums,Fungal fermentation (Aspergillus niger),"High-purity biomedical grade xanthan engineered for tissue engineering, drug delivery, and barrier applications.",med,33.63,45.84,3.26,6.89,47.15,88.0,10.13,1269.3,404.9,True,12.38,75,340,True,high,True,True,False,Standard (<0.5 EU/mg),True,False,False,False,False,True,True,False,True,False,"Water, Dilute Acetic Acid",low,low,0.9
mat-0235,"Hydrogel-Grade Carrageenan (Kappa, Iota, Lambda) Type-292","Carrageenan (Kappa, Iota, Lambda)",Sphingomonas elodea culture,"High-purity biomedical grade carrageenan (kappa, iota, lambda) engineered for tissue engineering, drug delivery, and barrier applications.",high,27.91,38.64,1.17,2.81,45.53,99.04,21.27,596.2,180.8,False,6.57,53,131,True,low,True,True,False,Low (<0.1 EU/mg),False,True,False,False,True,False,True,True,False,False,"Water, Dilute Acetic Acid",med,high,0.94
mat-0236,Film-Forming Xanthan Type-320,Xanthan & Gellan Gums,Red Seaweed (Rhodophyta),"High-purity biomedical grade xanthan engineered for tissue engineering, drug delivery, and barrier applications.",med,43.66,51.31,2.85,3.63,44.42,173.15,32.8,678.9,333.7,True,15.59,57,224,True,low,True,True,False,Ultra-Low (<0.05 EU/mg),False,False,True,False,False,True,False,True,True,False,"Water, Dilute Acetic Acid",high,med,0.92
mat-0237,Phosphate-modified Hyaluronic Acid Type-240,Hyaluronic Acid & Hyaluronates,Red Seaweed (Rhodophyta),"High-purity biomedical grade hyaluronic acid engineered for tissue engineering, drug delivery, and barrier applications.",med,16.64,28.16,0.84,3.88,45.44,56.72,25.82,1502.9,308.5,True,7.53,61,161,True,low,True,True,False,Low (<0.1 EU/mg),False,False,True,False,True,True,True,True,False,False,Ethanol/Water 70:30,high,high,0.99
mat-0238,Pharma-Grade Xanthan Type-484,Xanthan & Gellan Gums,Porcine cartilage,"High-purity biomedical grade xanthan engineered for tissue engineering, drug delivery, and barrier applications.",med,36.81,71.44,2.74,6.23,40.77,89.3,23.38,1013.2,62.8,True,3.25,89,218,True,high,True,True,True,Standard (<0.5 EU/mg),True,True,False,False,False,False,True,True,False,True,Phosphate Buffered Saline,med,high,0.85
mat-0239,Film-Forming Pullulan Type-649,Pullulan & Exopolysaccharides,Porcine cartilage,"High-purity biomedical grade pullulan engineered for tissue engineering, drug delivery, and barrier applications.",high,24.54,52.89,2.09,5.0,48.45,75.82,26.73,2419.4,404.9,True,15.68,30,46,False,med,True,True,True,Low (<0.1 EU/mg),True,False,True,True,True,False,False,True,False,True,Phosphate Buffered Saline,med,low,0.99
mat-0240,Hydrogel-Grade Pullulan Type-901,Pullulan & Exopolysaccharides,Wood pulp / Cotton linters,"High-purity biomedical grade pullulan engineered for tissue engineering, drug delivery, and barrier applications.",med,22.8,53.77,2.46,4.65,59.23,118.53,19.53,643.1,53.6,True,5.18,31,117,False,low,False,True,True,Ultra-Low (<0.05 EU/mg),False,True,False,True,False,False,False,True,False,False,"Water, Dilute Acetic Acid",med,high,0.91
mat-0241,Low-MW Chondroitin Type-648,Chondroitin & Glycosaminoglycans,Bacterial fermentation (Streptococcus zooepidemicus),"High-purity biomedical grade chondroitin engineered for tissue engineering, drug delivery, and barrier applications.",low,34.31,84.1,2.47,3.4,25.47,127.49,28.99,1571.6,194.7,True,6.51,62,270,True,high,True,True,False,Standard (<0.5 EU/mg),False,True,False,True,False,False,False,True,True,False,"Water, Dilute Acetic Acid",low,med,1.0
mat-0242,Sulfated Cellulose Type-207,Cellulose & Nanocellulose,Porcine cartilage,"High-purity biomedical grade cellulose engineered for tissue engineering, drug delivery, and barrier applications.",high,12.03,49.8,1.14,4.46,31.93,115.98,24.97,2183.7,252.7,True,16.26,28,204,False,low,True,True,False,Standard (<0.5 EU/mg),False,False,True,False,True,True,True,True,False,False,"Water, Dilute Acetic Acid",high,high,1.0
mat-0243,Injectable Grade Chondroitin Type-355,Chondroitin & Glycosaminoglycans,Xanthomonas campestris culture,"High-purity biomedical grade chondroitin engineered for tissue engineering, drug delivery, and barrier applications.",med,33.27,46.51,3.45,6.68,32.62,81.24,15.83,2362.9,397.8,True,6.33,18,188,False,med,True,True,True,Low (<0.1 EU/mg),True,True,True,True,False,False,True,False,True,False,"DMSO, Water",high,high,1.0
mat-0244,Pharma-Grade Pullulan Type-227,Pullulan & Exopolysaccharides,Corn starch / Potato starch,"High-purity biomedical grade pullulan engineered for tissue engineering, drug delivery, and barrier applications.",low,12.61,55.02,0.12,1.93,34.39,92.7,34.81,1703.8,415.0,True,11.4,28,157,True,low,True,True,True,Low (<0.1 EU/mg),False,False,False,True,False,True,False,True,True,False,Ethanol/Water 70:30,med,med,0.89
mat-0245,Pharma-Grade Chitosan Type-746,Chitosan & Derivatives,Aureobasidium pullulans culture,"High-purity biomedical grade chitosan engineered for tissue engineering, drug delivery, and barrier applications.",med,41.92,88.73,3.36,5.52,54.14,195.1,31.4,2143.6,35.3,True,11.54,49,215,False,low,True,False,True,Ultra-Low (<0.05 EU/mg),True,True,False,False,True,True,True,False,True,False,"Water, Dilute Acetic Acid",low,high,0.89
mat-0246,Sulfated Dextran Type-483,Dextran & Dextran Esters,Wood pulp / Cotton linters,"High-purity biomedical grade dextran engineered for tissue engineering, drug delivery, and barrier applications.",med,40.69,69.83,1.02,4.98,41.1,112.61,6.19,1905.7,12.6,True,3.06,43,77,True,med,True,True,True,Standard (<0.5 EU/mg),True,False,False,True,False,False,False,True,False,False,"DMSO, Water",low,low,0.99
mat-0247,Ultra-Pure Biopolymer Blends Type-229,Biopolymer Blends & Composites,Brown Seaweed (Laminaria hyperborea),"High-purity biomedical grade biopolymer blends engineered for tissue engineering, drug delivery, and barrier applications.",med,5.55,41.35,0.28,3.63,28.63,122.22,1.77,1278.5,134.2,True,13.98,38,130,True,low,True,True,True,Standard (<0.5 EU/mg),True,False,True,False,True,True,True,True,True,True,Phosphate Buffered Saline,med,low,0.89
mat-0248,Hydrogel-Grade Cellulose Type-249,Cellulose & Nanocellulose,Corn starch / Potato starch,"High-purity biomedical grade cellulose engineered for tissue engineering, drug delivery, and barrier applications.",low,12.99,56.89,1.39,3.58,43.51,190.73,8.93,1151.3,37.0,False,12.02,45,115,False,med,True,True,False,Ultra-Low (<0.05 EU/mg),True,True,True,True,True,False,True,False,False,False,"Water, Dilute Acetic Acid",med,low,0.89
mat-0249,Quaternized Dextran Type-442,Dextran & Dextran Esters,Wood pulp / Cotton linters,"High-purity biomedical grade dextran engineered for tissue engineering, drug delivery, and barrier applications.",low,31.76,67.49,2.72,3.42,24.83,148.23,26.39,1533.9,276.1,True,12.12,33,243,True,low,True,True,True,Standard (<0.5 EU/mg),True,True,False,True,True,False,False,False,True,True,"Water, Dilute Acetic Acid",low,low,0.91
mat-0250,Carboxymethylated Chondroitin Type-998,Chondroitin & Glycosaminoglycans,Porcine cartilage,"High-purity biomedical grade chondroitin engineered for tissue engineering, drug delivery, and barrier applications.",high,41.27,90.15,3.14,5.04,44.45,181.97,3.77,1134.7,419.8,True,4.0,42,122,False,low,False,True,False,Low (<0.1 EU/mg),False,False,True,True,False,False,False,False,False,True,Phosphate Buffered Saline,low,low,0.94
mat-0251,"Pharma-Grade Carrageenan (Kappa, Iota, Lambda) Type-109","Carrageenan (Kappa, Iota, Lambda)",Porcine cartilage,"High-purity biomedical grade carrageenan (kappa, iota, lambda) engineered for tissue engineering, drug delivery, and barrier applications.",med,25.15,62.58,0.98,4.42,21.3,68.89,5.49,676.2,244.8,False,1.86,25,181,True,med,True,True,False,Low (<0.1 EU/mg),True,True,False,False,False,True,False,True,False,False,Ethanol/Water 70:30,low,high,0.97
mat-0252,Crosslinked Starch Type-848,Starch & Modified Starches,Wood pulp / Cotton linters,"High-purity biomedical grade starch engineered for tissue engineering, drug delivery, and barrier applications.",low,43.86,73.04,3.43,6.59,47.93,72.83,26.48,1047.7,297.7,True,14.92,35,215,False,low,True,True,False,Low (<0.1 EU/mg),False,True,False,False,True,False,True,False,True,False,Phosphate Buffered Saline,low,low,0.94
mat-0253,Low-MW Chondroitin Type-763,Chondroitin & Glycosaminoglycans,Wood pulp / Cotton linters,"High-purity biomedical grade chondroitin engineered for tissue engineering, drug delivery, and barrier applications.",low,11.52,24.52,1.44,3.95,8.82,28.91,9.72,2286.5,437.0,True,13.37,24,44,True,med,True,True,True,Standard (<0.5 EU/mg),True,True,True,True,False,True,True,True,True,False,"Water, Dilute Acetic Acid",low,low,0.92
mat-0254,"Hydrogel-Grade Carrageenan (Kappa, Iota, Lambda) Type-554","Carrageenan (Kappa, Iota, Lambda)",Recombinant yeast production,"High-purity biomedical grade carrageenan (kappa, iota, lambda) engineered for tissue engineering, drug delivery, and barrier applications.",low,18.27,30.22,0.29,3.12,39.51,66.74,29.13,391.6,140.6,False,3.58,35,61,True,med,True,True,True,Standard (<0.5 EU/mg),False,True,False,True,True,True,True,False,False,True,Ethanol/Water 70:30,low,med,0.99
mat-0255,Hydrogel-Grade Alginate Type-144,Alginate & Salts,Aureobasidium pullulans culture,"High-purity biomedical grade alginate engineered for tissue engineering, drug delivery, and barrier applications.",low,22.15,42.22,0.72,2.54,54.12,160.32,22.43,824.5,395.2,False,16.59,54,203,True,low,True,False,False,Low (<0.1 EU/mg),False,True,False,False,False,True,True,False,False,True,"Water, Dilute Acetic Acid",med,low,0.88
mat-0256,Quaternized Agarose Type-426,Agarose & Agars,Red Seaweed (Rhodophyta),"High-purity biomedical grade agarose engineered for tissue engineering, drug delivery, and barrier applications.",med,32.74,56.37,2.8,4.27,49.12,150.67,9.74,1133.9,228.7,False,10.15,36,246,True,high,True,True,False,Standard (<0.5 EU/mg),True,True,True,False,True,True,True,False,False,True,"Water, Dilute Acetic Acid",low,med,0.9
mat-0257,Film-Forming Biopolymer Blends Type-242,Biopolymer Blends & Composites,Wood pulp / Cotton linters,"High-purity biomedical grade biopolymer blends engineered for tissue engineering, drug delivery, and barrier applications.",med,38.41,68.23,3.27,5.07,16.59,58.03,26.52,425.5,316.1,True,7.54,10,241,False,low,True,True,True,Standard (<0.5 EU/mg),True,True,True,False,True,True,True,True,True,False,Phosphate Buffered Saline,low,med,0.96
mat-0258,Nanofibrillated Chondroitin Type-815,Chondroitin & Glycosaminoglycans,Wood pulp / Cotton linters,"High-purity biomedical grade chondroitin engineered for tissue engineering, drug delivery, and barrier applications.",med,33.9,58.88,2.29,2.54,11.12,29.52,23.02,1569.8,86.4,True,1.38,61,307,False,high,True,True,False,Low (<0.1 EU/mg),False,True,False,True,True,False,True,True,False,True,"Water, Dilute Acetic Acid",high,med,0.92
mat-0259,Biomedical Grade Xanthan Type-514,Xanthan & Gellan Gums,Recombinant yeast production,"High-purity biomedical grade xanthan engineered for tissue engineering, drug delivery, and barrier applications.",med,7.19,28.91,1.54,2.77,10.74,71.52,27.59,938.4,115.4,True,10.3,15,137,True,med,True,True,False,Low (<0.1 EU/mg),False,True,True,False,True,True,False,True,False,True,Ethanol/Water 70:30,med,med,0.93
mat-0260,Injectable Grade Starch Type-500,Starch & Modified Starches,Sphingomonas elodea culture,"High-purity biomedical grade starch engineered for tissue engineering, drug delivery, and barrier applications.",med,10.18,45.54,1.23,4.84,32.7,113.0,27.46,205.7,360.3,False,11.05,11,173,True,low,True,True,False,Standard (<0.5 EU/mg),True,True,True,True,False,False,True,False,False,False,"DMSO, Water",low,high,0.97
mat-0261,Crosslinked Agarose Type-313,Agarose & Agars,Aureobasidium pullulans culture,"High-purity biomedical grade agarose engineered for tissue engineering, drug delivery, and barrier applications.",med,43.32,73.83,3.48,4.05,5.82,123.1,11.87,2188.7,360.8,True,9.58,65,239,True,med,True,True,True,Low (<0.1 EU/mg),True,True,False,False,False,False,False,True,True,False,"Water, Dilute Acetic Acid",med,med,0.91
mat-0262,"Hydrogel-Grade Carrageenan (Kappa, Iota, Lambda) Type-796","Carrageenan (Kappa, Iota, Lambda)",Brown Seaweed (Laminaria hyperborea),"High-purity biomedical grade carrageenan (kappa, iota, lambda) engineered for tissue engineering, drug delivery, and barrier applications.",med,25.5,58.61,1.17,1.69,27.73,100.74,30.89,2479.4,28.8,True,13.65,38,56,True,low,True,True,True,Low (<0.1 EU/mg),True,False,False,True,False,False,False,False,True,True,Phosphate Buffered Saline,high,low,0.99
mat-0263,Injectable Grade Agarose Type-543,Agarose & Agars,Bacterial fermentation (Streptococcus zooepidemicus),"High-purity biomedical grade agarose engineered for tissue engineering, drug delivery, and barrier applications.",med,7.58,27.99,2.15,3.16,45.77,71.78,16.73,1430.9,427.4,True,11.96,47,77,False,low,False,True,False,Ultra-Low (<0.05 EU/mg),True,True,True,True,False,False,False,True,True,True,"Water, Dilute Acetic Acid",med,med,0.86
mat-0264,Methacrylated Chondroitin Type-992,Chondroitin & Glycosaminoglycans,Corn starch / Potato starch,"High-purity biomedical grade chondroitin engineered for tissue engineering, drug delivery, and barrier applications.",med,31.79,48.47,2.92,3.47,54.59,112.47,26.73,536.7,163.7,False,9.29,75,171,False,med,False,True,False,Standard (<0.5 EU/mg),True,True,True,False,False,True,True,False,True,False,Ethanol/Water 70:30,low,high,0.91
mat-0265,Pharma-Grade Pullulan Type-103,Pullulan & Exopolysaccharides,Red Seaweed (Rhodophyta),"High-purity biomedical grade pullulan engineered for tissue engineering, drug delivery, and barrier applications.",high,39.29,72.83,2.27,4.67,7.01,121.41,7.79,1786.6,350.7,False,4.83,33,144,True,med,True,True,False,Standard (<0.5 EU/mg),True,False,False,False,False,False,False,False,False,True,Phosphate Buffered Saline,med,med,0.91
mat-0266,Phosphate-modified Pullulan Type-266,Pullulan & Exopolysaccharides,Leuconostoc mesenteroides fermentation,"High-purity biomedical grade pullulan engineered for tissue engineering, drug delivery, and barrier applications.",med,16.4,51.08,2.41,5.02,43.62,184.93,31.85,383.2,48.6,True,2.71,9,233,True,med,True,True,False,Standard (<0.5 EU/mg),False,True,False,False,True,True,False,False,True,True,"DMSO, Water",low,med,1.0
mat-0267,Sulfated Dextran Type-940,Dextran & Dextran Esters,Xanthomonas campestris culture,"High-purity biomedical grade dextran engineered for tissue engineering, drug delivery, and barrier applications.",high,34.65,39.99,1.37,2.42,20.6,153.75,10.36,2120.4,359.9,False,12.51,7,233,True,low,True,True,False,Standard (<0.5 EU/mg),False,False,True,False,True,False,True,False,True,False,Phosphate Buffered Saline,high,med,1.0
mat-0268,Sulfated Hyaluronic Acid Type-425,Hyaluronic Acid & Hyaluronates,Leuconostoc mesenteroides fermentation,"High-purity biomedical grade hyaluronic acid engineered for tissue engineering, drug delivery, and barrier applications.",low,14.24,51.19,0.53,1.18,36.73,101.61,27.03,2304.2,378.4,True,17.14,33,94,True,low,True,True,False,Low (<0.1 EU/mg),True,False,True,True,False,False,True,True,True,False,Phosphate Buffered Saline,high,low,0.96
mat-0269,Injectable Grade Biopolymer Blends Type-487,Biopolymer Blends & Composites,Porcine cartilage,"High-purity biomedical grade biopolymer blends engineered for tissue engineering, drug delivery, and barrier applications.",med,7.07,15.8,0.59,0.88,59.16,190.53,5.22,2328.9,64.0,True,5.95,30,91,True,med,True,False,True,Low (<0.1 EU/mg),False,True,False,True,False,True,True,False,False,False,"DMSO, Water",low,low,0.89
mat-0270,Biomedical Grade Hyaluronic Acid Type-680,Hyaluronic Acid & Hyaluronates,Xanthomonas campestris culture,"High-purity biomedical grade hyaluronic acid engineered for tissue engineering, drug delivery, and barrier applications.",med,6.26,55.18,3.48,5.52,38.77,125.28,6.81,1893.0,417.7,True,11.38,75,100,True,low,True,True,True,Ultra-Low (<0.05 EU/mg),True,True,True,True,False,False,False,True,True,False,Ethanol/Water 70:30,med,high,0.97
mat-0271,Nanofibrillated Agarose Type-509,Agarose & Agars,Bacterial fermentation (Streptococcus zooepidemicus),"High-purity biomedical grade agarose engineered for tissue engineering, drug delivery, and barrier applications.",med,12.92,55.99,2.54,6.4,10.66,131.7,21.18,539.3,100.6,False,8.48,64,294,False,med,True,True,False,Standard (<0.5 EU/mg),False,False,True,False,True,True,False,False,False,False,"DMSO, Water",low,low,0.88
mat-0272,Sulfated Starch Type-909,Starch & Modified Starches,Brown Seaweed (Laminaria hyperborea),"High-purity biomedical grade starch engineered for tissue engineering, drug delivery, and barrier applications.",med,7.91,42.47,1.36,4.52,11.73,66.33,1.87,922.8,214.8,False,16.3,78,125,False,med,True,True,True,Ultra-Low (<0.05 EU/mg),True,False,False,False,False,True,True,True,False,False,"Water, Dilute Acetic Acid",med,med,0.87
mat-0273,Low-MW Dextran Type-715,Dextran & Dextran Esters,Citrus peel / Apple pomace,"High-purity biomedical grade dextran engineered for tissue engineering, drug delivery, and barrier applications.",med,14.46,20.42,0.16,3.34,36.67,47.32,16.97,458.0,435.4,True,16.25,74,108,False,high,True,True,False,Ultra-Low (<0.05 EU/mg),False,False,False,False,False,True,False,False,True,False,Ethanol/Water 70:30,high,med,0.92
mat-0274,Hydrogel-Grade Xanthan Type-224,Xanthan & Gellan Gums,Recombinant yeast production,"High-purity biomedical grade xanthan engineered for tissue engineering, drug delivery, and barrier applications.",med,29.72,36.04,0.26,0.5,10.78,65.98,24.53,1173.9,84.9,True,13.37,54,70,True,med,True,True,True,Ultra-Low (<0.05 EU/mg),True,False,False,False,False,True,True,False,True,True,Ethanol/Water 70:30,low,high,0.98
mat-0275,Biomedical Grade Agarose Type-557,Agarose & Agars,Xanthomonas campestris culture,"High-purity biomedical grade agarose engineered for tissue engineering, drug delivery, and barrier applications.",low,26.1,57.1,2.35,6.26,22.71,135.03,9.07,770.0,140.3,True,7.13,38,157,True,low,False,True,True,Low (<0.1 EU/mg),False,False,True,False,True,False,True,False,False,False,Phosphate Buffered Saline,high,low,0.99
mat-0276,Hydrogel-Grade Cellulose Type-472,Cellulose & Nanocellulose,Corn starch / Potato starch,"High-purity biomedical grade cellulose engineered for tissue engineering, drug delivery, and barrier applications.",high,39.71,67.82,2.75,3.66,20.28,53.27,11.79,2194.1,295.3,True,8.94,20,90,True,low,True,True,True,Standard (<0.5 EU/mg),False,False,False,True,True,False,False,True,True,False,"DMSO, Water",high,med,0.86
mat-0277,Quaternized Pectin Type-200,Pectin & Pectinates,Crustacean shells (Crab/Shrimp),"High-purity biomedical grade pectin engineered for tissue engineering, drug delivery, and barrier applications.",med,34.28,58.3,1.1,2.83,37.67,121.81,18.04,1168.9,309.7,True,17.31,35,107,True,low,True,True,False,Ultra-Low (<0.05 EU/mg),True,False,False,False,True,True,False,False,True,True,Phosphate Buffered Saline,med,high,0.89
mat-0278,"Carboxymethylated Carrageenan (Kappa, Iota, Lambda) Type-851","Carrageenan (Kappa, Iota, Lambda)",Crustacean shells (Crab/Shrimp),"High-purity biomedical grade carrageenan (kappa, iota, lambda) engineered for tissue engineering, drug delivery, and barrier applications.",low,25.13,61.65,1.72,3.08,54.87,98.28,12.06,313.2,92.4,False,3.58,8,264,False,med,True,False,False,Low (<0.1 EU/mg),True,False,False,True,False,True,False,True,True,True,Ethanol/Water 70:30,low,high,0.93
mat-0279,Low-MW Biopolymer Blends Type-893,Biopolymer Blends & Composites,Fungal fermentation (Aspergillus niger),"High-purity biomedical grade biopolymer blends engineered for tissue engineering, drug delivery, and barrier applications.",low,37.16,57.27,1.77,3.3,35.01,137.89,9.99,1228.1,374.2,False,13.13,73,334,True,med,True,True,True,Ultra-Low (<0.05 EU/mg),True,True,False,False,True,True,False,False,True,True,Phosphate Buffered Saline,med,high,0.87
mat-0280,Hydrogel-Grade Pectin Type-741,Pectin & Pectinates,Xanthomonas campestris culture,"High-purity biomedical grade pectin engineered for tissue engineering, drug delivery, and barrier applications.",med,41.5,90.93,3.08,3.94,55.07,113.91,12.6,1534.5,425.9,False,6.4,12,201,True,med,True,True,False,Ultra-Low (<0.05 EU/mg),False,True,True,False,True,False,True,False,True,False,"DMSO, Water",med,low,0.97
mat-0281,Methacrylated Chitosan Type-141,Chitosan & Derivatives,Bacterial fermentation (Streptococcus zooepidemicus),"High-purity biomedical grade chitosan engineered for tissue engineering, drug delivery, and barrier applications.",med,28.72,36.11,1.14,2.98,41.31,51.4,9.92,973.0,134.6,True,17.22,41,128,True,med,True,True,True,Ultra-Low (<0.05 EU/mg),False,True,False,False,False,True,False,False,False,True,"DMSO, Water",high,med,0.97
mat-0282,Biomedical Grade Hyaluronic Acid Type-886,Hyaluronic Acid & Hyaluronates,Bacterial fermentation (Streptococcus zooepidemicus),"High-purity biomedical grade hyaluronic acid engineered for tissue engineering, drug delivery, and barrier applications.",med,21.65,35.63,1.14,2.47,55.99,130.55,7.64,1988.7,376.9,True,3.53,63,237,False,med,True,True,False,Ultra-Low (<0.05 EU/mg),True,True,False,True,True,False,True,False,True,False,"Water, Dilute Acetic Acid",med,low,0.91
mat-0283,Methacrylated Chitosan Type-926,Chitosan & Derivatives,Porcine cartilage,"High-purity biomedical grade chitosan engineered for tissue engineering, drug delivery, and barrier applications.",high,23.41,30.86,0.29,3.64,40.74,97.43,4.76,832.9,221.8,False,15.72,22,63,True,high,True,True,False,Low (<0.1 EU/mg),True,False,False,True,False,True,True,True,True,True,"Water, Dilute Acetic Acid",high,low,0.89
mat-0284,Methacrylated Alginate Type-125,Alginate & Salts,Recombinant yeast production,"High-purity biomedical grade alginate engineered for tissue engineering, drug delivery, and barrier applications.",med,20.63,67.3,1.12,3.16,15.12,58.01,29.9,761.6,279.6,False,15.64,85,162,False,low,True,True,False,Standard (<0.5 EU/mg),True,True,True,False,False,False,False,True,False,False,Ethanol/Water 70:30,med,med,0.95
mat-0285,Methacrylated Alginate Type-526,Alginate & Salts,Recombinant yeast production,"High-purity biomedical grade alginate engineered for tissue engineering, drug delivery, and barrier applications.",med,6.12,31.69,2.02,2.26,21.65,121.97,31.42,1606.7,28.8,False,17.37,66,314,False,low,False,True,False,Standard (<0.5 EU/mg),True,False,False,True,True,True,False,False,False,True,Ethanol/Water 70:30,high,med,0.99
mat-0286,Hydrogel-Grade Alginate Type-959,Alginate & Salts,Xanthomonas campestris culture,"High-purity biomedical grade alginate engineered for tissue engineering, drug delivery, and barrier applications.",med,43.5,75.76,0.71,3.6,32.88,135.13,10.18,1789.8,269.1,False,11.02,58,106,True,low,True,True,True,Low (<0.1 EU/mg),False,False,False,True,True,True,True,False,False,True,"Water, Dilute Acetic Acid",high,med,0.87
mat-0287,High-MW Chondroitin Type-552,Chondroitin & Glycosaminoglycans,Porcine cartilage,"High-purity biomedical grade chondroitin engineered for tissue engineering, drug delivery, and barrier applications.",med,30.25,36.58,0.69,1.3,29.72,58.37,22.85,1457.7,96.1,False,8.55,43,172,True,high,True,True,False,Low (<0.1 EU/mg),True,True,True,True,True,True,True,False,False,True,Ethanol/Water 70:30,low,high,0.96
mat-0288,Biomedical Grade Chondroitin Type-640,Chondroitin & Glycosaminoglycans,Red Seaweed (Rhodophyta),"High-purity biomedical grade chondroitin engineered for tissue engineering, drug delivery, and barrier applications.",low,13.3,55.54,1.8,3.35,54.49,183.97,28.35,1181.4,285.2,True,10.76,23,189,True,low,True,True,False,Low (<0.1 EU/mg),True,False,False,False,False,True,True,False,True,True,Ethanol/Water 70:30,med,high,0.86
mat-0289,Hydrogel-Grade Chondroitin Type-213,Chondroitin & Glycosaminoglycans,Aureobasidium pullulans culture,"High-purity biomedical grade chondroitin engineered for tissue engineering, drug delivery, and barrier applications.",med,41.7,58.54,0.2,1.68,19.35,76.19,27.12,477.3,250.7,False,16.73,14,148,False,low,True,True,False,Low (<0.1 EU/mg),False,True,False,True,False,True,False,True,True,True,"DMSO, Water",high,low,0.95
mat-0290,Methacrylated Agarose Type-410,Agarose & Agars,Porcine cartilage,"High-purity biomedical grade agarose engineered for tissue engineering, drug delivery, and barrier applications.",high,43.86,49.82,0.29,3.43,49.62,134.41,30.32,1752.6,334.7,False,2.08,55,133,False,high,True,True,False,Standard (<0.5 EU/mg),False,False,True,False,False,True,True,True,True,True,Phosphate Buffered Saline,med,high,0.96
mat-0291,Injectable Grade Biopolymer Blends Type-649,Biopolymer Blends & Composites,Aureobasidium pullulans culture,"High-purity biomedical grade biopolymer blends engineered for tissue engineering, drug delivery, and barrier applications.",low,37.07,81.37,0.95,1.37,8.12,79.52,10.97,888.2,275.1,True,17.97,23,240,False,high,True,True,True,Standard (<0.5 EU/mg),True,False,False,True,False,False,False,False,True,False,Ethanol/Water 70:30,high,high,0.93
mat-0292,Quaternized Chitosan Type-520,Chitosan & Derivatives,Sphingomonas elodea culture,"High-purity biomedical grade chitosan engineered for tissue engineering, drug delivery, and barrier applications.",high,24.45,32.98,3.2,6.6,33.65,86.34,20.02,438.5,329.0,True,1.8,37,276,False,low,True,True,True,Standard (<0.5 EU/mg),False,False,True,True,False,False,False,True,False,False,"DMSO, Water",low,low,0.88
mat-0293,Biomedical Grade Hyaluronic Acid Type-541,Hyaluronic Acid & Hyaluronates,Leuconostoc mesenteroides fermentation,"High-purity biomedical grade hyaluronic acid engineered for tissue engineering, drug delivery, and barrier applications.",low,17.21,46.58,1.28,1.58,38.48,173.52,32.41,2282.5,366.5,True,13.92,50,286,False,high,False,True,False,Standard (<0.5 EU/mg),False,False,False,False,False,True,False,False,True,True,"Water, Dilute Acetic Acid",med,high,0.99
mat-0294,Crosslinked Alginate Type-889,Alginate & Salts,Leuconostoc mesenteroides fermentation,"High-purity biomedical grade alginate engineered for tissue engineering, drug delivery, and barrier applications.",med,27.84,34.58,1.03,2.25,18.78,120.2,27.35,179.0,145.0,False,15.24,29,270,False,low,True,True,False,Ultra-Low (<0.05 EU/mg),True,False,True,True,False,False,True,False,True,False,Ethanol/Water 70:30,med,med,0.87
mat-0295,Low-MW Xanthan Type-250,Xanthan & Gellan Gums,Recombinant yeast production,"High-purity biomedical grade xanthan engineered for tissue engineering, drug delivery, and barrier applications.",med,6.98,17.13,0.23,3.03,52.33,143.51,2.91,1835.8,36.8,False,17.58,9,203,True,high,True,True,False,Low (<0.1 EU/mg),True,True,True,False,False,False,True,False,False,True,"Water, Dilute Acetic Acid",med,high,0.97
mat-0296,Sulfated Starch Type-767,Starch & Modified Starches,Citrus peel / Apple pomace,"High-purity biomedical grade starch engineered for tissue engineering, drug delivery, and barrier applications.",med,43.94,76.93,0.65,1.02,56.17,193.83,2.36,1581.2,365.5,False,16.99,55,85,True,med,True,True,False,Low (<0.1 EU/mg),False,True,True,False,False,False,False,True,False,True,Ethanol/Water 70:30,low,med,0.88
mat-0297,Pharma-Grade Starch Type-218,Starch & Modified Starches,Sphingomonas elodea culture,"High-purity biomedical grade starch engineered for tissue engineering, drug delivery, and barrier applications.",med,34.31,78.92,1.33,2.87,32.81,170.86,23.39,1572.3,207.5,False,5.06,23,162,False,high,True,True,True,Ultra-Low (<0.05 EU/mg),False,False,True,True,False,False,True,False,True,True,"DMSO, Water",low,low,0.87
mat-0298,Injectable Grade Pectin Type-667,Pectin & Pectinates,Sphingomonas elodea culture,"High-purity biomedical grade pectin engineered for tissue engineering, drug delivery, and barrier applications.",high,34.71,45.4,0.22,2.06,42.95,191.54,5.93,2187.2,414.2,False,7.15,58,195,False,low,True,True,True,Standard (<0.5 EU/mg),True,True,True,False,False,False,False,False,False,False,Phosphate Buffered Saline,high,low,0.96
mat-0299,"Hydrogel-Grade Carrageenan (Kappa, Iota, Lambda) Type-939","Carrageenan (Kappa, Iota, Lambda)",Leuconostoc mesenteroides fermentation,"High-purity biomedical grade carrageenan (kappa, iota, lambda) engineered for tissue engineering, drug delivery, and barrier applications.",low,40.82,72.53,1.36,4.03,25.87,97.27,18.54,1532.0,425.7,True,5.1,70,258,True,high,True,True,False,Ultra-Low (<0.05 EU/mg),False,False,False,False,True,True,True,True,False,False,Ethanol/Water 70:30,low,med,0.89
mat-0300,Carboxymethylated Alginate Type-380,Alginate & Salts,Red Seaweed (Rhodophyta),"High-purity biomedical grade alginate engineered for tissue engineering, drug delivery, and barrier applications.",med,40.41,58.39,3.22,7.18,46.44,185.87,23.83,481.4,101.0,True,1.66,12,125,True,med,True,True,True,Standard (<0.5 EU/mg),False,False,True,False,False,True,True,False,False,False,Ethanol/Water 70:30,low,low,1.0
mat-0301,Biomedical Grade Chondroitin Type-219,Chondroitin & Glycosaminoglycans,Citrus peel / Apple pomace,"High-purity biomedical grade chondroitin engineered for tissue engineering, drug delivery, and barrier applications.",high,34.77,49.78,0.35,1.15,23.44,96.92,26.14,1729.4,42.6,False,16.19,11,246,True,high,True,True,False,Standard (<0.5 EU/mg),True,True,True,True,False,True,True,False,False,True,"DMSO, Water",low,high,0.92
mat-0302,Crosslinked Hyaluronic Acid Type-750,Hyaluronic Acid & Hyaluronates,Fungal fermentation (Aspergillus niger),"High-purity biomedical grade hyaluronic acid engineered for tissue engineering, drug delivery, and barrier applications.",high,39.29,78.02,0.11,0.57,35.68,74.88,7.47,1132.7,125.8,False,11.8,37,229,False,high,True,True,True,Low (<0.1 EU/mg),False,False,False,False,False,False,False,True,True,True,Ethanol/Water 70:30,med,med,0.9
mat-0303,Sulfated Xanthan Type-218,Xanthan & Gellan Gums,Brown Seaweed (Laminaria hyperborea),"High-purity biomedical grade xanthan engineered for tissue engineering, drug delivery, and barrier applications.",med,17.76,27.87,2.47,5.35,47.55,125.27,28.46,1299.6,191.3,True,1.69,41,165,False,low,True,True,False,Ultra-Low (<0.05 EU/mg),False,False,False,False,False,True,False,False,True,False,"Water, Dilute Acetic Acid",med,med,0.91
mat-0304,"Hydrogel-Grade Carrageenan (Kappa, Iota, Lambda) Type-270","Carrageenan (Kappa, Iota, Lambda)",Leuconostoc mesenteroides fermentation,"High-purity biomedical grade carrageenan (kappa, iota, lambda) engineered for tissue engineering, drug delivery, and barrier applications.",med,30.01,77.66,2.19,3.64,38.27,51.06,25.69,2035.7,49.7,False,16.53,77,123,True,high,True,True,False,Standard (<0.5 EU/mg),False,True,False,True,False,False,False,True,True,True,"Water, Dilute Acetic Acid",low,high,0.87
mat-0305,Injectable Grade Agarose Type-596,Agarose & Agars,Crustacean shells (Crab/Shrimp),"High-purity biomedical grade agarose engineered for tissue engineering, drug delivery, and barrier applications.",low,17.06,32.41,2.73,3.87,19.99,47.3,27.77,1689.9,67.7,False,15.68,16,67,False,low,True,True,False,Low (<0.1 EU/mg),True,False,True,False,False,False,True,False,False,False,Phosphate Buffered Saline,low,med,1.0
mat-0306,"Methacrylated Carrageenan (Kappa, Iota, Lambda) Type-485","Carrageenan (Kappa, Iota, Lambda)",Wood pulp / Cotton linters,"High-purity biomedical grade carrageenan (kappa, iota, lambda) engineered for tissue engineering, drug delivery, and barrier applications.",med,13.89,37.17,1.05,2.33,43.66,124.58,14.31,2483.9,330.1,False,14.01,20,265,True,high,False,True,True,Ultra-Low (<0.05 EU/mg),False,True,False,False,True,True,True,True,True,False,Phosphate Buffered Saline,low,low,0.91
mat-0307,Nanofibrillated Dextran Type-840,Dextran & Dextran Esters,Recombinant yeast production,"High-purity biomedical grade dextran engineered for tissue engineering, drug delivery, and barrier applications.",med,14.3,53.83,0.96,2.34,23.58,54.67,12.27,1478.5,188.9,True,5.7,33,297,False,med,False,True,False,Ultra-Low (<0.05 EU/mg),True,True,False,True,False,True,True,True,True,True,Phosphate Buffered Saline,med,low,0.86
mat-0308,Methacrylated Agarose Type-274,Agarose & Agars,Xanthomonas campestris culture,"High-purity biomedical grade agarose engineered for tissue engineering, drug delivery, and barrier applications.",high,24.49,63.19,1.96,3.68,21.32,92.29,11.36,2316.6,307.7,False,11.53,54,152,True,med,True,True,False,Standard (<0.5 EU/mg),False,False,False,False,True,False,True,True,False,True,Ethanol/Water 70:30,med,low,0.87
mat-0309,Ultra-Pure Alginate Type-419,Alginate & Salts,Sphingomonas elodea culture,"High-purity biomedical grade alginate engineered for tissue engineering, drug delivery, and barrier applications.",low,32.76,61.96,1.23,1.66,30.78,62.68,13.24,1464.0,109.5,True,16.79,42,201,False,high,True,True,False,Ultra-Low (<0.05 EU/mg),True,True,True,True,True,False,True,False,True,True,"DMSO, Water",med,high,0.97
mat-0310,"Phosphate-modified Carrageenan (Kappa, Iota, Lambda) Type-383","Carrageenan (Kappa, Iota, Lambda)",Porcine cartilage,"High-purity biomedical grade carrageenan (kappa, iota, lambda) engineered for tissue engineering, drug delivery, and barrier applications.",high,29.64,75.56,0.81,1.02,17.75,58.05,32.64,1595.1,73.1,False,15.89,48,101,True,low,True,True,False,Ultra-Low (<0.05 EU/mg),False,True,True,False,False,False,False,False,False,False,"Water, Dilute Acetic Acid",high,low,0.99
mat-0311,Film-Forming Xanthan Type-384,Xanthan & Gellan Gums,Sphingomonas elodea culture,"High-purity biomedical grade xanthan engineered for tissue engineering, drug delivery, and barrier applications.",low,22.49,47.36,2.46,3.61,11.61,147.58,23.35,568.3,391.1,False,14.15,51,282,True,high,True,False,False,Ultra-Low (<0.05 EU/mg),False,True,True,True,False,False,True,True,False,False,"Water, Dilute Acetic Acid",med,med,0.93
mat-0312,Phosphate-modified Chitosan Type-379,Chitosan & Derivatives,Crustacean shells (Crab/Shrimp),"High-purity biomedical grade chitosan engineered for tissue engineering, drug delivery, and barrier applications.",med,30.67,53.59,3.49,6.37,20.08,38.09,20.67,221.5,325.9,False,17.95,87,333,False,low,True,False,False,Low (<0.1 EU/mg),True,False,True,True,True,True,True,False,True,True,"DMSO, Water",high,high,0.86
mat-0313,Film-Forming Alginate Type-657,Alginate & Salts,Wood pulp / Cotton linters,"High-purity biomedical grade alginate engineered for tissue engineering, drug delivery, and barrier applications.",high,12.77,45.4,0.16,3.54,51.65,105.96,25.26,2278.5,268.2,False,9.87,58,285,True,low,True,True,True,Ultra-Low (<0.05 EU/mg),True,True,False,True,False,True,False,True,True,False,Ethanol/Water 70:30,high,med,0.87
mat-0314,Phosphate-modified Dextran Type-956,Dextran & Dextran Esters,Sphingomonas elodea culture,"High-purity biomedical grade dextran engineered for tissue engineering, drug delivery, and barrier applications.",low,42.21,51.18,3.22,4.11,9.75,64.2,22.49,197.3,84.5,True,4.85,54,303,True,high,False,True,False,Low (<0.1 EU/mg),True,False,True,False,False,True,False,True,False,False,Phosphate Buffered Saline,low,med,0.98
mat-0315,Carboxymethylated Hyaluronic Acid Type-365,Hyaluronic Acid & Hyaluronates,Sphingomonas elodea culture,"High-purity biomedical grade hyaluronic acid engineered for tissue engineering, drug delivery, and barrier applications.",med,8.7,29.68,1.34,4.48,33.77,159.9,24.52,550.6,427.9,False,3.82,79,200,False,med,True,True,True,Ultra-Low (<0.05 EU/mg),False,True,True,False,True,False,False,True,True,True,"DMSO, Water",low,med,0.94
mat-0316,Phosphate-modified Starch Type-486,Starch & Modified Starches,Xanthomonas campestris culture,"High-purity biomedical grade starch engineered for tissue engineering, drug delivery, and barrier applications.",med,6.35,42.91,2.24,5.74,5.43,74.43,12.71,1672.5,54.1,False,6.35,66,175,True,med,True,True,False,Ultra-Low (<0.05 EU/mg),False,False,True,False,False,False,False,False,False,True,Phosphate Buffered Saline,high,low,0.91
mat-0317,Carboxymethylated Biopolymer Blends Type-691,Biopolymer Blends & Composites,Corn starch / Potato starch,"High-purity biomedical grade biopolymer blends engineered for tissue engineering, drug delivery, and barrier applications.",med,11.56,24.05,1.12,3.59,43.37,126.74,33.38,1484.8,71.4,False,14.45,13,73,False,low,True,True,True,Low (<0.1 EU/mg),True,True,True,False,False,True,True,True,True,False,"Water, Dilute Acetic Acid",high,low,0.87
mat-0318,Film-Forming Pullulan Type-894,Pullulan & Exopolysaccharides,Citrus peel / Apple pomace,"High-purity biomedical grade pullulan engineered for tissue engineering, drug delivery, and barrier applications.",low,11.37,20.87,1.97,3.67,16.69,92.81,14.11,1239.2,116.8,True,7.71,47,129,False,med,True,True,False,Ultra-Low (<0.05 EU/mg),False,True,False,False,True,True,True,True,False,False,Ethanol/Water 70:30,high,low,0.94
mat-0319,Sulfated Biopolymer Blends Type-179,Biopolymer Blends & Composites,Xanthomonas campestris culture,"High-purity biomedical grade biopolymer blends engineered for tissue engineering, drug delivery, and barrier applications.",med,25.0,31.99,1.13,1.68,26.12,61.3,6.55,881.1,307.1,False,1.79,60,165,True,med,True,True,False,Low (<0.1 EU/mg),False,True,False,True,True,False,True,False,False,True,"DMSO, Water",high,high,0.91
mat-0320,Ultra-Pure Biopolymer Blends Type-410,Biopolymer Blends & Composites,Corn starch / Potato starch,"High-purity biomedical grade biopolymer blends engineered for tissue engineering, drug delivery, and barrier applications.",med,30.36,62.52,2.83,4.74,25.51,101.81,12.72,1407.3,170.5,True,17.68,75,285,True,low,True,False,False,Ultra-Low (<0.05 EU/mg),True,False,False,True,False,False,True,True,False,False,Ethanol/Water 70:30,low,high,0.95
mat-0321,Sulfated Pectin Type-445,Pectin & Pectinates,Xanthomonas campestris culture,"High-purity biomedical grade pectin engineered for tissue engineering, drug delivery, and barrier applications.",med,37.77,67.19,0.71,2.27,5.96,61.41,22.81,1550.1,167.2,True,10.13,57,198,True,low,True,True,True,Ultra-Low (<0.05 EU/mg),False,False,False,False,True,False,True,True,False,False,"Water, Dilute Acetic Acid",low,high,1.0
mat-0322,Injectable Grade Xanthan Type-203,Xanthan & Gellan Gums,Corn starch / Potato starch,"High-purity biomedical grade xanthan engineered for tissue engineering, drug delivery, and barrier applications.",med,34.02,54.22,2.26,3.61,27.04,62.79,26.52,1845.7,336.8,True,15.26,62,135,True,high,True,True,False,Low (<0.1 EU/mg),True,False,False,True,False,False,True,False,True,False,Phosphate Buffered Saline,high,med,0.89
mat-0323,Crosslinked Agarose Type-119,Agarose & Agars,Porcine cartilage,"High-purity biomedical grade agarose engineered for tissue engineering, drug delivery, and barrier applications.",med,10.19,27.21,2.14,6.05,22.5,63.49,2.11,912.8,38.0,False,13.43,84,333,False,high,True,True,False,Standard (<0.5 EU/mg),True,False,False,False,False,False,True,False,False,True,Phosphate Buffered Saline,high,med,0.89
mat-0324,Biomedical Grade Chitosan Type-972,Chitosan & Derivatives,Aureobasidium pullulans culture,"High-purity biomedical grade chitosan engineered for tissue engineering, drug delivery, and barrier applications.",high,30.26,60.52,1.27,2.26,59.17,120.86,11.28,891.0,306.8,True,3.82,81,180,False,high,True,False,True,Ultra-Low (<0.05 EU/mg),False,True,False,True,False,True,True,False,True,True,"Water, Dilute Acetic Acid",high,med,0.88
mat-0325,Injectable Grade Hyaluronic Acid Type-896,Hyaluronic Acid & Hyaluronates,Sphingomonas elodea culture,"High-purity biomedical grade hyaluronic acid engineered for tissue engineering, drug delivery, and barrier applications.",high,27.0,47.84,0.84,4.46,20.34,138.21,22.61,1711.0,312.2,False,9.64,75,289,True,med,True,True,False,Ultra-Low (<0.05 EU/mg),True,True,False,False,True,False,False,True,True,False,"DMSO, Water",med,med,0.88
mat-0326,Phosphate-modified Chitosan Type-329,Chitosan & Derivatives,Brown Seaweed (Laminaria hyperborea),"High-purity biomedical grade chitosan engineered for tissue engineering, drug delivery, and barrier applications.",med,25.13,33.75,2.04,3.79,6.26,101.63,7.08,1619.9,311.1,False,1.58,83,296,True,low,True,True,True,Ultra-Low (<0.05 EU/mg),True,False,True,False,True,True,True,False,False,True,"DMSO, Water",low,low,1.0
mat-0327,Biomedical Grade Pullulan Type-213,Pullulan & Exopolysaccharides,Porcine cartilage,"High-purity biomedical grade pullulan engineered for tissue engineering, drug delivery, and barrier applications.",med,18.25,64.66,0.64,2.6,57.94,68.9,2.58,1740.7,391.5,False,15.68,16,243,False,high,True,True,False,Standard (<0.5 EU/mg),True,False,False,True,False,False,True,False,False,False,"DMSO, Water",low,low,0.87
mat-0328,Injectable Grade Pectin Type-945,Pectin & Pectinates,Aureobasidium pullulans culture,"High-purity biomedical grade pectin engineered for tissue engineering, drug delivery, and barrier applications.",high,9.47,22.07,1.5,2.99,55.21,176.59,8.54,378.2,292.5,True,8.9,69,208,False,med,True,True,False,Standard (<0.5 EU/mg),False,False,True,True,True,False,True,True,False,False,Ethanol/Water 70:30,med,high,0.87
mat-0329,Carboxymethylated Xanthan Type-586,Xanthan & Gellan Gums,Sphingomonas elodea culture,"High-purity biomedical grade xanthan engineered for tissue engineering, drug delivery, and barrier applications.",med,16.8,55.27,2.46,3.22,21.08,84.87,22.83,215.8,103.1,False,3.69,8,154,False,high,True,False,False,Ultra-Low (<0.05 EU/mg),True,False,True,False,False,False,False,True,False,True,"DMSO, Water",med,low,0.95
mat-0330,Quaternized Alginate Type-330,Alginate & Salts,Wood pulp / Cotton linters,"High-purity biomedical grade alginate engineered for tissue engineering, drug delivery, and barrier applications.",med,11.0,43.39,2.58,3.23,15.83,95.66,20.58,1650.8,15.4,True,13.66,53,83,False,high,True,True,True,Standard (<0.5 EU/mg),True,True,False,True,True,False,True,True,True,False,Phosphate Buffered Saline,low,high,0.89
mat-0331,High-MW Pectin Type-860,Pectin & Pectinates,Bacterial fermentation (Streptococcus zooepidemicus),"High-purity biomedical grade pectin engineered for tissue engineering, drug delivery, and barrier applications.",high,41.7,87.48,0.55,1.9,16.43,60.58,27.02,1271.6,53.2,True,6.56,88,139,True,med,True,True,True,Standard (<0.5 EU/mg),True,False,False,True,False,True,False,True,False,True,Ethanol/Water 70:30,med,high,0.89
mat-0332,Low-MW Xanthan Type-436,Xanthan & Gellan Gums,Leuconostoc mesenteroides fermentation,"High-purity biomedical grade xanthan engineered for tissue engineering, drug delivery, and barrier applications.",med,16.35,50.39,1.0,3.22,23.76,128.66,18.35,1620.9,59.0,True,9.39,47,301,False,low,True,True,False,Low (<0.1 EU/mg),False,False,True,True,True,True,True,False,False,False,"DMSO, Water",low,high,0.9
mat-0333,"Crosslinked Carrageenan (Kappa, Iota, Lambda) Type-684","Carrageenan (Kappa, Iota, Lambda)",Xanthomonas campestris culture,"High-purity biomedical grade carrageenan (kappa, iota, lambda) engineered for tissue engineering, drug delivery, and barrier applications.",low,11.26,50.75,2.77,6.21,38.56,70.56,33.55,2455.7,297.5,False,14.3,41,172,False,med,False,True,True,Ultra-Low (<0.05 EU/mg),False,False,False,False,False,False,False,False,True,False,"Water, Dilute Acetic Acid",med,med,0.95
mat-0334,Methacrylated Hyaluronic Acid Type-885,Hyaluronic Acid & Hyaluronates,Wood pulp / Cotton linters,"High-purity biomedical grade hyaluronic acid engineered for tissue engineering, drug delivery, and barrier applications.",low,33.17,47.56,2.54,3.86,25.54,80.6,28.0,915.4,256.4,True,14.6,86,325,False,low,True,True,False,Standard (<0.5 EU/mg),False,True,False,False,True,False,False,True,True,True,Ethanol/Water 70:30,med,high,0.91
mat-0335,High-MW Pectin Type-583,Pectin & Pectinates,Brown Seaweed (Laminaria hyperborea),"High-purity biomedical grade pectin engineered for tissue engineering, drug delivery, and barrier applications.",high,7.96,56.93,2.59,5.92,53.07,145.64,20.73,1470.3,202.8,False,10.82,40,203,True,low,True,True,False,Standard (<0.5 EU/mg),False,False,False,True,True,False,False,True,False,False,Ethanol/Water 70:30,low,high,1.0
mat-0336,Carboxymethylated Pectin Type-718,Pectin & Pectinates,Sphingomonas elodea culture,"High-purity biomedical grade pectin engineered for tissue engineering, drug delivery, and barrier applications.",high,10.61,44.51,1.55,4.81,48.9,175.33,3.52,2475.7,174.3,False,17.93,71,252,False,med,True,True,False,Standard (<0.5 EU/mg),True,True,True,True,False,True,True,False,False,False,"DMSO, Water",high,low,0.95
mat-0337,Low-MW Alginate Type-763,Alginate & Salts,Aureobasidium pullulans culture,"High-purity biomedical grade alginate engineered for tissue engineering, drug delivery, and barrier applications.",med,26.11,62.28,2.89,4.73,6.18,96.64,1.71,2096.3,18.3,True,6.62,26,172,True,high,True,True,False,Standard (<0.5 EU/mg),True,False,True,True,True,True,False,True,True,True,"Water, Dilute Acetic Acid",low,high,0.9
mat-0338,Quaternized Alginate Type-991,Alginate & Salts,Citrus peel / Apple pomace,"High-purity biomedical grade alginate engineered for tissue engineering, drug delivery, and barrier applications.",high,31.33,45.41,0.66,4.63,17.81,156.59,27.37,214.1,396.2,False,3.27,55,82,False,high,True,True,True,Ultra-Low (<0.05 EU/mg),False,True,True,False,True,True,True,True,True,True,"Water, Dilute Acetic Acid",med,high,0.94
mat-0339,Quaternized Chondroitin Type-525,Chondroitin & Glycosaminoglycans,Bacterial fermentation (Streptococcus zooepidemicus),"High-purity biomedical grade chondroitin engineered for tissue engineering, drug delivery, and barrier applications.",med,8.63,36.44,1.73,3.86,56.97,69.23,14.23,1137.0,433.1,True,7.16,46,93,False,high,True,False,True,Standard (<0.5 EU/mg),False,False,True,False,False,True,True,True,True,True,Phosphate Buffered Saline,high,low,0.87
mat-0340,Injectable Grade Dextran Type-139,Dextran & Dextran Esters,Crustacean shells (Crab/Shrimp),"High-purity biomedical grade dextran engineered for tissue engineering, drug delivery, and barrier applications.",med,13.39,51.68,1.1,3.65,50.28,118.97,7.35,1368.7,76.6,True,7.33,21,118,True,med,True,True,True,Ultra-Low (<0.05 EU/mg),False,True,True,False,True,False,True,True,False,True,"DMSO, Water",high,high,0.93
mat-0341,High-MW Hyaluronic Acid Type-115,Hyaluronic Acid & Hyaluronates,Citrus peel / Apple pomace,"High-purity biomedical grade hyaluronic acid engineered for tissue engineering, drug delivery, and barrier applications.",high,8.68,58.15,0.48,2.49,59.09,188.95,19.48,465.9,275.4,True,6.43,67,212,True,med,True,True,False,Standard (<0.5 EU/mg),True,False,False,True,True,True,True,True,True,True,"Water, Dilute Acetic Acid",high,med,0.89
mat-0342,"High-MW Carrageenan (Kappa, Iota, Lambda) Type-355","Carrageenan (Kappa, Iota, Lambda)",Bacterial fermentation (Streptococcus zooepidemicus),"High-purity biomedical grade carrageenan (kappa, iota, lambda) engineered for tissue engineering, drug delivery, and barrier applications.",med,34.2,52.75,2.52,4.48,37.49,119.86,34.59,776.8,405.8,False,8.29,25,56,False,high,True,True,True,Low (<0.1 EU/mg),True,True,True,False,False,True,False,False,False,True,"DMSO, Water",med,low,0.92
mat-0343,Nanofibrillated Pectin Type-550,Pectin & Pectinates,Fungal fermentation (Aspergillus niger),"High-purity biomedical grade pectin engineered for tissue engineering, drug delivery, and barrier applications.",high,31.22,59.37,1.25,5.24,15.25,72.99,30.71,1964.2,210.8,True,12.42,50,198,True,med,True,True,False,Low (<0.1 EU/mg),True,False,True,True,False,True,False,False,False,False,"Water, Dilute Acetic Acid",high,low,0.91
mat-0344,Crosslinked Pullulan Type-245,Pullulan & Exopolysaccharides,Recombinant yeast production,"High-purity biomedical grade pullulan engineered for tissue engineering, drug delivery, and barrier applications.",med,36.04,49.98,2.63,4.83,47.9,136.7,19.27,260.4,244.6,True,12.85,74,173,False,low,True,True,False,Standard (<0.5 EU/mg),True,True,False,True,False,True,False,False,False,False,"DMSO, Water",med,med,0.87
mat-0345,Ultra-Pure Pectin Type-176,Pectin & Pectinates,Wood pulp / Cotton linters,"High-purity biomedical grade pectin engineered for tissue engineering, drug delivery, and barrier applications.",high,31.72,46.11,2.59,5.05,8.67,124.39,6.2,1280.2,80.5,True,7.77,27,255,False,high,True,True,True,Ultra-Low (<0.05 EU/mg),True,False,True,True,True,False,True,False,False,True,"Water, Dilute Acetic Acid",high,med,0.93
mat-0346,Biomedical Grade Biopolymer Blends Type-712,Biopolymer Blends & Composites,Red Seaweed (Rhodophyta),"High-purity biomedical grade biopolymer blends engineered for tissue engineering, drug delivery, and barrier applications.",med,22.53,64.53,1.94,4.46,13.45,146.68,26.77,1842.0,395.1,True,7.61,39,110,False,med,True,False,False,Ultra-Low (<0.05 EU/mg),False,True,True,True,False,True,False,False,False,True,"Water, Dilute Acetic Acid",med,high,0.96
mat-0347,Biomedical Grade Pectin Type-620,Pectin & Pectinates,Citrus peel / Apple pomace,"High-purity biomedical grade pectin engineered for tissue engineering, drug delivery, and barrier applications.",med,38.45,87.69,0.38,0.96,49.33,93.31,18.08,1539.0,302.9,True,17.95,69,275,False,low,True,True,False,Low (<0.1 EU/mg),True,True,True,False,False,False,True,False,False,False,"Water, Dilute Acetic Acid",med,high,0.96
mat-0348,Biomedical Grade Agarose Type-126,Agarose & Agars,Bacterial fermentation (Streptococcus zooepidemicus),"High-purity biomedical grade agarose engineered for tissue engineering, drug delivery, and barrier applications.",med,5.97,53.54,0.44,4.14,49.1,161.17,29.96,745.8,370.1,False,7.12,38,193,False,low,True,True,False,Low (<0.1 EU/mg),True,False,False,False,True,False,True,False,False,True,Ethanol/Water 70:30,med,low,0.99
mat-0349,Biomedical Grade Alginate Type-515,Alginate & Salts,Citrus peel / Apple pomace,"High-purity biomedical grade alginate engineered for tissue engineering, drug delivery, and barrier applications.",med,30.58,69.63,0.79,4.24,31.7,88.88,16.17,999.4,80.1,True,6.62,21,132,False,high,True,True,False,Standard (<0.5 EU/mg),True,False,True,True,True,True,False,False,True,False,Ethanol/Water 70:30,med,low,0.99
mat-0350,Film-Forming Alginate Type-853,Alginate & Salts,Recombinant yeast production,"High-purity biomedical grade alginate engineered for tissue engineering, drug delivery, and barrier applications.",high,36.94,69.54,3.4,4.83,17.37,143.03,9.74,514.3,446.8,True,9.51,35,174,True,med,True,True,True,Low (<0.1 EU/mg),True,False,False,False,True,False,True,False,False,False,Ethanol/Water 70:30,med,med,0.91
mat-0351,Quaternized Cellulose Type-653,Cellulose & Nanocellulose,Citrus peel / Apple pomace,"High-purity biomedical grade cellulose engineered for tissue engineering, drug delivery, and barrier applications.",low,32.73,52.2,2.91,5.78,48.76,139.81,4.74,2306.1,443.6,False,10.19,20,150,False,high,True,False,False,Low (<0.1 EU/mg),False,False,True,False,False,False,False,True,True,True,"DMSO, Water",high,high,0.86
mat-0352,Methacrylated Starch Type-988,Starch & Modified Starches,Sphingomonas elodea culture,"High-purity biomedical grade starch engineered for tissue engineering, drug delivery, and barrier applications.",low,32.28,40.22,2.54,4.91,57.1,168.99,25.41,1303.4,319.9,True,17.77,34,279,False,high,True,True,True,Standard (<0.5 EU/mg),False,True,False,True,True,False,True,True,True,False,Phosphate Buffered Saline,high,low,0.89
mat-0353,"Injectable Grade Carrageenan (Kappa, Iota, Lambda) Type-877","Carrageenan (Kappa, Iota, Lambda)",Brown Seaweed (Laminaria hyperborea),"High-purity biomedical grade carrageenan (kappa, iota, lambda) engineered for tissue engineering, drug delivery, and barrier applications.",high,6.18,52.98,2.58,4.04,10.18,76.68,24.98,1760.6,364.2,False,12.9,24,213,True,low,True,True,False,Ultra-Low (<0.05 EU/mg),False,True,True,False,False,True,True,False,True,False,"DMSO, Water",low,high,0.89
mat-0354,"Ultra-Pure Carrageenan (Kappa, Iota, Lambda) Type-670","Carrageenan (Kappa, Iota, Lambda)",Crustacean shells (Crab/Shrimp),"High-purity biomedical grade carrageenan (kappa, iota, lambda) engineered for tissue engineering, drug delivery, and barrier applications.",med,8.82,13.9,3.45,3.7,22.98,75.86,28.3,1485.0,174.9,True,17.26,31,300,True,high,True,True,False,Low (<0.1 EU/mg),False,True,False,True,True,False,True,True,True,False,Ethanol/Water 70:30,low,med,0.95
mat-0355,"Nanofibrillated Carrageenan (Kappa, Iota, Lambda) Type-271","Carrageenan (Kappa, Iota, Lambda)",Fungal fermentation (Aspergillus niger),"High-purity biomedical grade carrageenan (kappa, iota, lambda) engineered for tissue engineering, drug delivery, and barrier applications.",med,29.14,79.02,3.23,6.99,56.07,142.79,14.53,1202.6,61.2,True,6.88,53,139,True,med,True,True,True,Ultra-Low (<0.05 EU/mg),True,True,False,False,True,False,False,True,False,True,Ethanol/Water 70:30,high,med,0.91
mat-0356,High-MW Agarose Type-602,Agarose & Agars,Crustacean shells (Crab/Shrimp),"High-purity biomedical grade agarose engineered for tissue engineering, drug delivery, and barrier applications.",med,17.86,44.64,1.42,3.51,48.25,98.46,24.42,279.5,375.8,True,17.11,46,148,False,high,True,True,False,Ultra-Low (<0.05 EU/mg),True,False,True,False,True,False,True,True,True,False,Phosphate Buffered Saline,low,high,0.9
mat-0357,Crosslinked Chondroitin Type-607,Chondroitin & Glycosaminoglycans,Bacterial fermentation (Streptococcus zooepidemicus),"High-purity biomedical grade chondroitin engineered for tissue engineering, drug delivery, and barrier applications.",med,29.52,36.56,1.4,5.02,11.4,62.06,31.8,1700.0,412.7,False,17.74,56,186,False,med,True,True,True,Standard (<0.5 EU/mg),False,False,False,True,False,False,True,False,False,False,Ethanol/Water 70:30,low,med,0.89
mat-0358,Biomedical Grade Chitosan Type-809,Chitosan & Derivatives,Corn starch / Potato starch,"High-purity biomedical grade chitosan engineered for tissue engineering, drug delivery, and barrier applications.",low,35.69,46.49,2.44,2.91,11.29,43.54,28.0,306.3,246.3,True,17.05,39,256,False,high,True,False,True,Low (<0.1 EU/mg),False,True,True,False,True,True,True,False,False,True,"Water, Dilute Acetic Acid",low,low,0.97
mat-0359,High-MW Hyaluronic Acid Type-880,Hyaluronic Acid & Hyaluronates,Sphingomonas elodea culture,"High-purity biomedical grade hyaluronic acid engineered for tissue engineering, drug delivery, and barrier applications.",high,14.67,47.36,1.59,2.33,37.84,53.59,32.78,1952.0,93.1,True,13.38,12,33,True,med,True,True,True,Ultra-Low (<0.05 EU/mg),True,True,False,False,True,False,True,True,True,True,Ethanol/Water 70:30,high,high,0.92
mat-0360,High-MW Dextran Type-963,Dextran & Dextran Esters,Bacterial fermentation (Streptococcus zooepidemicus),"High-purity biomedical grade dextran engineered for tissue engineering, drug delivery, and barrier applications.",med,16.51,28.76,1.96,3.37,11.13,30.25,18.85,191.0,327.0,False,7.42,25,92,True,low,True,True,False,Standard (<0.5 EU/mg),True,True,True,True,True,False,False,False,False,False,Phosphate Buffered Saline,high,med,0.94
mat-0361,Biomedical Grade Starch Type-565,Starch & Modified Starches,Red Seaweed (Rhodophyta),"High-purity biomedical grade starch engineered for tissue engineering, drug delivery, and barrier applications.",high,11.13,40.27,1.32,2.07,40.04,74.45,33.91,2498.0,398.1,False,13.63,62,229,True,low,True,True,False,Low (<0.1 EU/mg),False,True,False,True,False,False,False,False,False,False,"DMSO, Water",med,med,0.9
mat-0362,Sulfated Xanthan Type-236,Xanthan & Gellan Gums,Sphingomonas elodea culture,"High-purity biomedical grade xanthan engineered for tissue engineering, drug delivery, and barrier applications.",med,14.84,51.91,2.03,5.83,45.11,164.89,13.67,1238.9,389.5,False,7.5,46,169,False,low,True,True,False,Standard (<0.5 EU/mg),False,True,True,True,False,True,False,False,True,False,"Water, Dilute Acetic Acid",high,low,0.91
mat-0363,Low-MW Xanthan Type-379,Xanthan & Gellan Gums,Sphingomonas elodea culture,"High-purity biomedical grade xanthan engineered for tissue engineering, drug delivery, and barrier applications.",med,35.77,69.63,2.06,5.3,13.29,67.6,9.73,1885.4,345.6,False,6.51,85,117,True,low,True,True,False,Low (<0.1 EU/mg),False,True,False,False,True,True,True,False,True,False,Ethanol/Water 70:30,high,med,0.92
mat-0364,Low-MW Chondroitin Type-396,Chondroitin & Glycosaminoglycans,Wood pulp / Cotton linters,"High-purity biomedical grade chondroitin engineered for tissue engineering, drug delivery, and barrier applications.",low,27.48,73.02,0.62,2.4,34.28,130.84,6.8,1448.0,216.6,False,12.79,38,110,True,med,True,True,False,Ultra-Low (<0.05 EU/mg),False,False,True,True,False,False,True,False,True,False,Ethanol/Water 70:30,med,low,0.98
mat-0365,Low-MW Alginate Type-238,Alginate & Salts,Aureobasidium pullulans culture,"High-purity biomedical grade alginate engineered for tissue engineering, drug delivery, and barrier applications.",med,20.74,32.47,3.48,6.69,41.79,186.41,12.24,1821.8,427.5,True,7.16,70,92,False,low,True,True,False,Standard (<0.5 EU/mg),True,False,False,True,True,True,False,False,False,False,Ethanol/Water 70:30,low,med,0.96
mat-0366,Biomedical Grade Biopolymer Blends Type-569,Biopolymer Blends & Composites,Xanthomonas campestris culture,"High-purity biomedical grade biopolymer blends engineered for tissue engineering, drug delivery, and barrier applications.",low,27.05,37.93,3.43,6.0,45.41,58.1,14.25,2275.7,177.2,True,12.88,41,247,False,med,True,False,False,Ultra-Low (<0.05 EU/mg),False,True,False,False,True,False,False,False,True,False,"Water, Dilute Acetic Acid",high,med,0.98
mat-0367,Ultra-Pure Alginate Type-930,Alginate & Salts,Brown Seaweed (Laminaria hyperborea),"High-purity biomedical grade alginate engineered for tissue engineering, drug delivery, and barrier applications.",high,9.28,17.63,1.37,2.16,49.08,168.12,30.43,172.7,15.9,False,15.82,86,136,True,high,True,False,False,Ultra-Low (<0.05 EU/mg),True,True,True,True,True,True,True,True,True,True,"DMSO, Water",high,low,0.88
mat-0368,High-MW Chondroitin Type-496,Chondroitin & Glycosaminoglycans,Citrus peel / Apple pomace,"High-purity biomedical grade chondroitin engineered for tissue engineering, drug delivery, and barrier applications.",med,12.71,54.5,2.51,4.59,43.85,119.54,26.01,1540.8,388.8,False,4.31,7,61,True,low,True,False,False,Low (<0.1 EU/mg),True,True,True,True,False,True,True,False,False,False,Ethanol/Water 70:30,low,med,0.89
mat-0369,Pharma-Grade Starch Type-346,Starch & Modified Starches,Leuconostoc mesenteroides fermentation,"High-purity biomedical grade starch engineered for tissue engineering, drug delivery, and barrier applications.",low,40.62,76.38,1.06,1.87,8.39,87.54,31.74,291.9,342.5,False,2.54,64,84,True,med,True,False,True,Standard (<0.5 EU/mg),True,False,False,False,False,False,False,False,False,False,Ethanol/Water 70:30,high,high,0.88
mat-0370,"Low-MW Carrageenan (Kappa, Iota, Lambda) Type-143","Carrageenan (Kappa, Iota, Lambda)",Sphingomonas elodea culture,"High-purity biomedical grade carrageenan (kappa, iota, lambda) engineered for tissue engineering, drug delivery, and barrier applications.",med,23.6,49.37,3.24,6.66,58.48,133.39,31.62,1212.6,72.5,False,8.25,10,95,False,med,False,True,True,Low (<0.1 EU/mg),False,True,True,True,True,True,True,False,False,True,Ethanol/Water 70:30,med,low,0.85
mat-0371,Low-MW Agarose Type-410,Agarose & Agars,Recombinant yeast production,"High-purity biomedical grade agarose engineered for tissue engineering, drug delivery, and barrier applications.",high,26.97,42.22,1.75,4.7,28.81,171.44,6.85,2427.4,36.3,True,2.32,48,306,False,low,True,False,False,Ultra-Low (<0.05 EU/mg),False,True,False,True,False,False,False,True,True,False,Ethanol/Water 70:30,high,med,0.97
mat-0372,Quaternized Hyaluronic Acid Type-678,Hyaluronic Acid & Hyaluronates,Red Seaweed (Rhodophyta),"High-purity biomedical grade hyaluronic acid engineered for tissue engineering, drug delivery, and barrier applications.",low,22.88,46.65,0.81,2.25,17.84,149.9,11.97,2302.0,437.9,False,10.52,80,263,True,low,False,True,False,Low (<0.1 EU/mg),True,True,False,False,True,False,True,False,True,False,"Water, Dilute Acetic Acid",high,med,0.92
mat-0373,Carboxymethylated Chondroitin Type-168,Chondroitin & Glycosaminoglycans,Red Seaweed (Rhodophyta),"High-purity biomedical grade chondroitin engineered for tissue engineering, drug delivery, and barrier applications.",med,12.73,52.38,2.52,4.1,47.78,124.1,8.98,157.2,166.7,False,10.64,41,218,False,med,True,True,False,Standard (<0.5 EU/mg),True,True,False,True,True,False,True,False,False,True,Ethanol/Water 70:30,med,low,0.87
mat-0374,Ultra-Pure Chitosan Type-767,Chitosan & Derivatives,Xanthomonas campestris culture,"High-purity biomedical grade chitosan engineered for tissue engineering, drug delivery, and barrier applications.",high,8.15,34.07,3.19,3.95,39.42,127.16,21.39,1932.4,57.4,False,8.86,32,278,False,low,True,True,True,Low (<0.1 EU/mg),False,False,False,True,False,False,True,False,False,False,Phosphate Buffered Saline,med,high,0.98
mat-0375,Biomedical Grade Chitosan Type-389,Chitosan & Derivatives,Citrus peel / Apple pomace,"High-purity biomedical grade chitosan engineered for tissue engineering, drug delivery, and barrier applications.",med,27.74,72.49,0.29,3.22,12.25,31.19,3.77,506.2,240.0,True,2.74,53,249,False,low,True,True,False,Standard (<0.5 EU/mg),True,False,False,True,True,True,False,True,True,False,Phosphate Buffered Saline,low,low,0.95
mat-0376,Ultra-Pure Pullulan Type-153,Pullulan & Exopolysaccharides,Xanthomonas campestris culture,"High-purity biomedical grade pullulan engineered for tissue engineering, drug delivery, and barrier applications.",high,14.02,20.93,0.84,1.92,13.39,145.26,18.27,908.9,342.6,False,1.52,44,310,True,high,True,True,True,Low (<0.1 EU/mg),True,True,True,False,True,False,True,False,True,False,Phosphate Buffered Saline,low,high,0.85
mat-0377,Pharma-Grade Xanthan Type-737,Xanthan & Gellan Gums,Wood pulp / Cotton linters,"High-purity biomedical grade xanthan engineered for tissue engineering, drug delivery, and barrier applications.",med,19.97,42.45,2.94,6.01,19.1,56.51,31.58,1072.7,296.2,False,1.68,84,305,True,low,True,True,True,Low (<0.1 EU/mg),True,False,True,False,False,False,True,True,False,True,"Water, Dilute Acetic Acid",med,low,0.88
mat-0378,Film-Forming Hyaluronic Acid Type-441,Hyaluronic Acid & Hyaluronates,Bacterial fermentation (Streptococcus zooepidemicus),"High-purity biomedical grade hyaluronic acid engineered for tissue engineering, drug delivery, and barrier applications.",med,33.8,71.2,1.66,3.34,46.46,185.37,17.59,1552.3,359.8,True,2.5,20,34,True,high,True,True,True,Low (<0.1 EU/mg),False,False,False,True,True,True,False,True,True,False,Ethanol/Water 70:30,low,med,0.91
mat-0379,Carboxymethylated Chitosan Type-888,Chitosan & Derivatives,Crustacean shells (Crab/Shrimp),"High-purity biomedical grade chitosan engineered for tissue engineering, drug delivery, and barrier applications.",high,17.08,33.9,3.26,6.83,49.03,87.68,32.3,1899.0,310.0,True,15.99,67,170,True,low,True,True,False,Standard (<0.5 EU/mg),False,False,True,False,True,True,True,True,False,False,"Water, Dilute Acetic Acid",low,med,0.91
mat-0380,Sulfated Dextran Type-279,Dextran & Dextran Esters,Crustacean shells (Crab/Shrimp),"High-purity biomedical grade dextran engineered for tissue engineering, drug delivery, and barrier applications.",med,6.76,14.6,2.72,3.99,20.49,97.57,28.37,207.4,129.7,True,5.14,64,78,True,high,True,True,False,Ultra-Low (<0.05 EU/mg),True,True,False,False,True,False,False,False,True,False,Ethanol/Water 70:30,high,high,0.93
mat-0381,Pharma-Grade Starch Type-754,Starch & Modified Starches,Citrus peel / Apple pomace,"High-purity biomedical grade starch engineered for tissue engineering, drug delivery, and barrier applications.",med,28.21,49.95,3.44,6.56,13.12,117.29,31.3,1737.9,189.4,False,2.65,39,123,False,med,True,True,False,Standard (<0.5 EU/mg),True,True,False,True,False,True,True,True,False,True,"DMSO, Water",low,high,0.93
mat-0382,High-MW Pullulan Type-689,Pullulan & Exopolysaccharides,Crustacean shells (Crab/Shrimp),"High-purity biomedical grade pullulan engineered for tissue engineering, drug delivery, and barrier applications.",med,27.02,74.42,2.62,5.42,48.32,126.81,12.4,2115.7,174.3,False,9.99,57,183,False,high,True,True,True,Standard (<0.5 EU/mg),False,True,True,True,True,False,True,True,False,True,"DMSO, Water",med,low,0.93
mat-0383,Film-Forming Alginate Type-295,Alginate & Salts,Crustacean shells (Crab/Shrimp),"High-purity biomedical grade alginate engineered for tissue engineering, drug delivery, and barrier applications.",low,16.83,31.15,2.91,5.7,8.69,82.05,5.48,2370.5,301.1,True,12.92,45,234,False,med,True,True,False,Ultra-Low (<0.05 EU/mg),True,False,True,False,False,False,True,False,False,False,"Water, Dilute Acetic Acid",med,high,0.94
mat-0384,Biomedical Grade Starch Type-602,Starch & Modified Starches,Crustacean shells (Crab/Shrimp),"High-purity biomedical grade starch engineered for tissue engineering, drug delivery, and barrier applications.",med,43.51,82.67,0.4,1.56,10.06,54.41,29.33,1633.6,51.4,False,13.78,37,291,True,med,True,True,False,Low (<0.1 EU/mg),False,True,True,True,True,False,True,True,False,False,"DMSO, Water",high,high,0.96
mat-0385,Phosphate-modified Pectin Type-220,Pectin & Pectinates,Sphingomonas elodea culture,"High-purity biomedical grade pectin engineered for tissue engineering, drug delivery, and barrier applications.",med,11.96,37.29,3.0,3.35,38.06,107.8,24.51,2426.1,43.8,False,9.37,7,219,True,med,True,True,True,Standard (<0.5 EU/mg),False,True,False,True,True,True,True,True,True,False,"DMSO, Water",med,high,0.91
mat-0386,Nanofibrillated Chondroitin Type-810,Chondroitin & Glycosaminoglycans,Citrus peel / Apple pomace,"High-purity biomedical grade chondroitin engineered for tissue engineering, drug delivery, and barrier applications.",med,9.25,35.56,1.05,3.37,28.22,47.34,10.3,2379.4,167.4,False,9.72,38,122,True,low,True,True,False,Ultra-Low (<0.05 EU/mg),False,False,False,True,True,False,True,True,True,True,Phosphate Buffered Saline,med,low,0.96
mat-0387,Ultra-Pure Agarose Type-480,Agarose & Agars,Crustacean shells (Crab/Shrimp),"High-purity biomedical grade agarose engineered for tissue engineering, drug delivery, and barrier applications.",med,5.49,34.1,1.0,3.22,21.68,145.28,12.2,722.6,221.4,True,4.37,67,325,False,low,True,True,False,Standard (<0.5 EU/mg),True,True,True,True,True,False,True,True,True,False,Ethanol/Water 70:30,low,med,0.91
mat-0388,Sulfated Biopolymer Blends Type-143,Biopolymer Blends & Composites,Recombinant yeast production,"High-purity biomedical grade biopolymer blends engineered for tissue engineering, drug delivery, and barrier applications.",med,20.79,34.46,2.57,4.19,29.74,156.83,9.03,2282.6,220.9,False,12.05,88,182,True,high,True,True,True,Standard (<0.5 EU/mg),True,False,True,True,True,True,False,False,False,False,"DMSO, Water",high,med,0.9
mat-0389,Phosphate-modified Pullulan Type-434,Pullulan & Exopolysaccharides,Wood pulp / Cotton linters,"High-purity biomedical grade pullulan engineered for tissue engineering, drug delivery, and barrier applications.",high,23.8,50.75,2.68,6.07,37.43,125.86,24.35,1558.5,355.8,True,9.08,18,282,False,high,True,True,True,Ultra-Low (<0.05 EU/mg),False,False,True,False,False,True,True,False,False,True,Ethanol/Water 70:30,high,high,0.91
mat-0390,Phosphate-modified Pectin Type-534,Pectin & Pectinates,Xanthomonas campestris culture,"High-purity biomedical grade pectin engineered for tissue engineering, drug delivery, and barrier applications.",med,35.73,80.8,0.57,3.7,21.23,127.42,13.61,1425.5,151.3,False,10.97,29,103,False,high,True,True,False,Ultra-Low (<0.05 EU/mg),True,False,False,True,False,False,False,False,False,True,Ethanol/Water 70:30,high,low,0.89
mat-0391,Film-Forming Agarose Type-663,Agarose & Agars,Corn starch / Potato starch,"High-purity biomedical grade agarose engineered for tissue engineering, drug delivery, and barrier applications.",low,12.56,59.6,3.25,5.18,59.5,151.2,10.78,1483.5,97.6,True,17.69,87,351,True,med,True,True,True,Low (<0.1 EU/mg),False,True,True,True,False,True,False,True,True,False,Phosphate Buffered Saline,low,high,0.93
mat-0392,High-MW Chitosan Type-445,Chitosan & Derivatives,Aureobasidium pullulans culture,"High-purity biomedical grade chitosan engineered for tissue engineering, drug delivery, and barrier applications.",high,16.37,32.2,0.85,3.34,46.34,186.24,13.34,705.5,20.1,False,14.01,28,238,True,high,True,False,True,Standard (<0.5 EU/mg),False,False,True,True,True,False,True,True,False,True,Phosphate Buffered Saline,low,med,0.87
mat-0393,Biomedical Grade Cellulose Type-415,Cellulose & Nanocellulose,Corn starch / Potato starch,"High-purity biomedical grade cellulose engineered for tissue engineering, drug delivery, and barrier applications.",med,28.99,51.39,0.83,1.41,9.51,119.25,16.32,1887.0,179.2,False,1.59,41,160,False,med,True,True,True,Ultra-Low (<0.05 EU/mg),False,False,True,False,True,True,False,True,False,True,Phosphate Buffered Saline,med,med,0.91
mat-0394,Pharma-Grade Cellulose Type-397,Cellulose & Nanocellulose,Bacterial fermentation (Streptococcus zooepidemicus),"High-purity biomedical grade cellulose engineered for tissue engineering, drug delivery, and barrier applications.",med,40.11,88.34,2.43,4.77,40.5,59.56,25.39,201.4,261.5,False,7.6,69,306,False,med,True,True,True,Ultra-Low (<0.05 EU/mg),False,False,True,True,True,True,True,False,False,True,Phosphate Buffered Saline,low,high,0.99
mat-0395,Phosphate-modified Alginate Type-812,Alginate & Salts,Leuconostoc mesenteroides fermentation,"High-purity biomedical grade alginate engineered for tissue engineering, drug delivery, and barrier applications.",low,8.17,55.11,1.64,2.95,52.22,101.21,32.18,688.4,147.1,True,5.09,18,58,True,med,True,False,False,Low (<0.1 EU/mg),True,True,True,True,True,False,True,True,False,False,Phosphate Buffered Saline,low,high,0.99
mat-0396,Injectable Grade Cellulose Type-108,Cellulose & Nanocellulose,Citrus peel / Apple pomace,"High-purity biomedical grade cellulose engineered for tissue engineering, drug delivery, and barrier applications.",high,35.65,63.75,0.17,2.29,8.13,37.02,3.12,516.4,68.2,False,10.84,42,292,True,med,True,True,True,Standard (<0.5 EU/mg),True,True,False,True,True,False,False,False,False,False,"DMSO, Water",high,high,0.9
mat-0397,"Phosphate-modified Carrageenan (Kappa, Iota, Lambda) Type-835","Carrageenan (Kappa, Iota, Lambda)",Recombinant yeast production,"High-purity biomedical grade carrageenan (kappa, iota, lambda) engineered for tissue engineering, drug delivery, and barrier applications.",high,35.07,63.63,1.49,3.6,32.48,155.16,8.43,1559.5,171.7,False,3.14,59,268,False,med,True,True,True,Low (<0.1 EU/mg),True,False,True,False,True,False,False,True,True,True,Phosphate Buffered Saline,med,med,0.92
mat-0398,Pharma-Grade Dextran Type-576,Dextran & Dextran Esters,Citrus peel / Apple pomace,"High-purity biomedical grade dextran engineered for tissue engineering, drug delivery, and barrier applications.",high,23.53,47.24,0.27,4.07,54.34,193.52,11.4,274.8,214.6,False,16.1,62,115,False,med,True,True,True,Ultra-Low (<0.05 EU/mg),True,False,False,True,False,True,True,True,True,False,"Water, Dilute Acetic Acid",low,high,0.88
mat-0399,Quaternized Pullulan Type-124,Pullulan & Exopolysaccharides,Red Seaweed (Rhodophyta),"High-purity biomedical grade pullulan engineered for tissue engineering, drug delivery, and barrier applications.",med,36.94,62.65,2.21,3.49,7.8,90.18,5.63,1180.2,224.5,True,12.39,77,125,True,med,True,True,False,Standard (<0.5 EU/mg),False,True,True,True,True,False,False,False,True,True,"Water, Dilute Acetic Acid",med,low,0.99
mat-0400,Sulfated Cellulose Type-682,Cellulose & Nanocellulose,Bacterial fermentation (Streptococcus zooepidemicus),"High-purity biomedical grade cellulose engineered for tissue engineering, drug delivery, and barrier applications.",med,38.04,49.86,1.96,3.13,55.38,65.46,3.72,2168.3,126.8,False,14.42,35,288,True,high,True,True,False,Ultra-Low (<0.05 EU/mg),False,False,False,False,False,True,False,True,True,True,"DMSO, Water",med,med,0.9
mat-0401,Carboxymethylated Pullulan Type-610,Pullulan & Exopolysaccharides,Sphingomonas elodea culture,"High-purity biomedical grade pullulan engineered for tissue engineering, drug delivery, and barrier applications.",high,7.05,38.68,2.83,4.01,50.32,138.02,29.79,664.5,430.7,False,16.41,19,218,False,high,True,True,True,Low (<0.1 EU/mg),True,False,True,False,True,False,False,False,True,False,"DMSO, Water",low,med,0.99
mat-0402,Carboxymethylated Alginate Type-341,Alginate & Salts,Red Seaweed (Rhodophyta),"High-purity biomedical grade alginate engineered for tissue engineering, drug delivery, and barrier applications.",high,24.67,72.79,2.1,3.84,51.72,101.83,21.95,537.5,80.0,False,11.17,17,82,True,low,True,True,False,Ultra-Low (<0.05 EU/mg),True,True,True,True,False,True,True,True,False,False,Ethanol/Water 70:30,high,high,0.86
mat-0403,Hydrogel-Grade Hyaluronic Acid Type-417,Hyaluronic Acid & Hyaluronates,Citrus peel / Apple pomace,"High-purity biomedical grade hyaluronic acid engineered for tissue engineering, drug delivery, and barrier applications.",low,44.85,53.56,0.23,0.43,55.74,176.28,31.55,2086.8,225.8,False,11.17,85,135,False,low,True,True,True,Standard (<0.5 EU/mg),True,False,True,False,True,False,False,True,False,False,Ethanol/Water 70:30,high,med,0.89
mat-0404,Film-Forming Chondroitin Type-510,Chondroitin & Glycosaminoglycans,Corn starch / Potato starch,"High-purity biomedical grade chondroitin engineered for tissue engineering, drug delivery, and barrier applications.",high,14.41,63.72,1.15,2.59,18.24,49.06,6.7,336.7,268.6,True,3.68,64,142,True,high,True,True,False,Standard (<0.5 EU/mg),True,False,False,False,True,False,True,False,True,False,Phosphate Buffered Saline,med,low,0.9
mat-0405,Ultra-Pure Chitosan Type-961,Chitosan & Derivatives,Recombinant yeast production,"High-purity biomedical grade chitosan engineered for tissue engineering, drug delivery, and barrier applications.",high,20.58,62.14,1.68,5.55,48.1,178.86,16.56,2067.1,337.9,False,12.26,79,187,True,low,False,True,False,Ultra-Low (<0.05 EU/mg),True,True,True,True,False,False,True,True,False,True,"Water, Dilute Acetic Acid",high,med,0.96
mat-0406,Phosphate-modified Biopolymer Blends Type-481,Biopolymer Blends & Composites,Citrus peel / Apple pomace,"High-purity biomedical grade biopolymer blends engineered for tissue engineering, drug delivery, and barrier applications.",low,24.31,66.4,1.8,2.8,23.29,125.5,26.17,1336.7,243.6,True,8.51,12,258,False,high,False,True,True,Low (<0.1 EU/mg),False,True,False,False,False,True,False,True,False,False,Ethanol/Water 70:30,high,low,0.97
mat-0407,Hydrogel-Grade Xanthan Type-693,Xanthan & Gellan Gums,Wood pulp / Cotton linters,"High-purity biomedical grade xanthan engineered for tissue engineering, drug delivery, and barrier applications.",med,5.17,20.48,0.85,4.17,18.14,28.46,3.1,328.8,363.4,False,1.47,88,258,True,med,False,True,False,Ultra-Low (<0.05 EU/mg),True,True,False,False,True,True,True,False,True,False,Phosphate Buffered Saline,med,low,0.86
mat-0408,Pharma-Grade Chondroitin Type-364,Chondroitin & Glycosaminoglycans,Brown Seaweed (Laminaria hyperborea),"High-purity biomedical grade chondroitin engineered for tissue engineering, drug delivery, and barrier applications.",med,31.87,55.57,3.18,4.16,14.01,37.67,32.71,877.3,248.6,True,2.48,26,102,True,low,True,True,False,Ultra-Low (<0.05 EU/mg),True,True,False,False,True,False,True,False,False,True,Ethanol/Water 70:30,low,med,0.88
mat-0409,Crosslinked Biopolymer Blends Type-658,Biopolymer Blends & Composites,Wood pulp / Cotton linters,"High-purity biomedical grade biopolymer blends engineered for tissue engineering, drug delivery, and barrier applications.",high,41.44,74.36,3.4,6.51,59.57,92.29,12.96,1376.9,313.4,True,9.24,87,280,True,med,True,True,False,Standard (<0.5 EU/mg),False,True,True,True,False,True,True,False,False,False,Ethanol/Water 70:30,high,med,0.88
mat-0410,Ultra-Pure Chitosan Type-563,Chitosan & Derivatives,Bacterial fermentation (Streptococcus zooepidemicus),"High-purity biomedical grade chitosan engineered for tissue engineering, drug delivery, and barrier applications.",low,19.22,68.66,3.28,5.95,27.85,155.1,33.98,2175.7,47.5,True,11.19,78,151,True,med,True,False,False,Ultra-Low (<0.05 EU/mg),True,True,False,True,False,False,False,True,True,True,Ethanol/Water 70:30,high,low,0.95
mat-0411,Low-MW Agarose Type-387,Agarose & Agars,Citrus peel / Apple pomace,"High-purity biomedical grade agarose engineered for tissue engineering, drug delivery, and barrier applications.",high,44.25,93.13,1.34,3.43,45.62,112.58,2.38,820.1,91.3,True,15.81,74,139,False,low,True,True,True,Low (<0.1 EU/mg),True,True,True,True,True,False,False,True,False,False,"Water, Dilute Acetic Acid",med,low,0.9
mat-0412,High-MW Agarose Type-773,Agarose & Agars,Citrus peel / Apple pomace,"High-purity biomedical grade agarose engineered for tissue engineering, drug delivery, and barrier applications.",med,7.08,15.17,3.33,5.77,10.88,87.66,17.22,998.7,248.5,False,3.87,78,218,True,med,True,True,False,Low (<0.1 EU/mg),True,False,True,True,True,True,False,True,False,True,"DMSO, Water",high,low,0.86
mat-0413,Phosphate-modified Cellulose Type-782,Cellulose & Nanocellulose,Corn starch / Potato starch,"High-purity biomedical grade cellulose engineered for tissue engineering, drug delivery, and barrier applications.",low,26.11,46.6,1.48,3.92,55.09,105.36,9.84,2161.9,64.8,False,5.48,84,352,True,low,True,True,True,Low (<0.1 EU/mg),True,True,True,True,True,True,True,True,True,False,Phosphate Buffered Saline,low,med,0.99
mat-0414,"Ultra-Pure Carrageenan (Kappa, Iota, Lambda) Type-767","Carrageenan (Kappa, Iota, Lambda)",Bacterial fermentation (Streptococcus zooepidemicus),"High-purity biomedical grade carrageenan (kappa, iota, lambda) engineered for tissue engineering, drug delivery, and barrier applications.",high,38.2,43.82,0.46,1.44,12.94,124.34,27.82,2191.7,153.0,False,7.56,73,227,False,high,True,True,True,Ultra-Low (<0.05 EU/mg),True,True,False,False,False,False,True,False,True,False,"DMSO, Water",low,low,0.97
mat-0415,Pharma-Grade Chitosan Type-569,Chitosan & Derivatives,Leuconostoc mesenteroides fermentation,"High-purity biomedical grade chitosan engineered for tissue engineering, drug delivery, and barrier applications.",med,21.54,66.2,0.58,1.84,28.44,40.37,27.82,1394.5,268.1,False,6.29,35,279,True,high,True,True,False,Ultra-Low (<0.05 EU/mg),True,False,True,False,True,True,True,False,False,True,Phosphate Buffered Saline,low,med,0.96
mat-0416,Carboxymethylated Pullulan Type-806,Pullulan & Exopolysaccharides,Fungal fermentation (Aspergillus niger),"High-purity biomedical grade pullulan engineered for tissue engineering, drug delivery, and barrier applications.",med,31.33,72.31,2.64,2.92,36.19,170.06,9.58,814.6,366.3,True,11.74,74,89,True,low,True,True,False,Standard (<0.5 EU/mg),False,True,False,True,True,True,False,False,False,False,Phosphate Buffered Saline,high,med,0.95
mat-0417,"Phosphate-modified Carrageenan (Kappa, Iota, Lambda) Type-677","Carrageenan (Kappa, Iota, Lambda)",Citrus peel / Apple pomace,"High-purity biomedical grade carrageenan (kappa, iota, lambda) engineered for tissue engineering, drug delivery, and barrier applications.",low,23.87,37.7,0.93,1.3,23.49,99.48,9.58,933.6,110.1,True,12.79,20,104,True,med,True,True,False,Standard (<0.5 EU/mg),True,True,False,True,True,True,True,False,True,True,Ethanol/Water 70:30,low,high,0.91
mat-0418,Biomedical Grade Pectin Type-702,Pectin & Pectinates,Red Seaweed (Rhodophyta),"High-purity biomedical grade pectin engineered for tissue engineering, drug delivery, and barrier applications.",high,8.74,55.3,2.18,2.74,18.77,112.54,26.5,2354.9,116.1,False,12.78,76,175,True,med,True,True,False,Ultra-Low (<0.05 EU/mg),True,True,True,False,True,False,False,False,False,True,"Water, Dilute Acetic Acid",high,low,1.0
mat-0419,"Ultra-Pure Carrageenan (Kappa, Iota, Lambda) Type-783","Carrageenan (Kappa, Iota, Lambda)",Wood pulp / Cotton linters,"High-purity biomedical grade carrageenan (kappa, iota, lambda) engineered for tissue engineering, drug delivery, and barrier applications.",low,37.89,53.43,0.25,1.13,50.5,88.17,11.38,294.0,207.8,True,1.73,33,234,False,high,True,True,False,Low (<0.1 EU/mg),False,False,True,True,False,True,True,False,True,True,Phosphate Buffered Saline,low,low,0.87
mat-0420,Sulfated Alginate Type-334,Alginate & Salts,Sphingomonas elodea culture,"High-purity biomedical grade alginate engineered for tissue engineering, drug delivery, and barrier applications.",high,15.65,44.06,1.99,4.76,57.25,197.74,31.62,2305.3,443.1,False,3.84,83,207,False,med,True,True,False,Ultra-Low (<0.05 EU/mg),False,True,True,True,False,False,False,False,True,True,Phosphate Buffered Saline,low,low,0.96
mat-0421,Film-Forming Pullulan Type-215,Pullulan & Exopolysaccharides,Leuconostoc mesenteroides fermentation,"High-purity biomedical grade pullulan engineered for tissue engineering, drug delivery, and barrier applications.",med,41.37,72.5,2.61,3.32,33.49,118.95,9.27,447.1,409.5,True,5.26,77,133,False,high,True,True,True,Low (<0.1 EU/mg),True,True,False,False,True,True,True,True,True,False,"Water, Dilute Acetic Acid",med,high,0.95
mat-0422,Pharma-Grade Alginate Type-878,Alginate & Salts,Citrus peel / Apple pomace,"High-purity biomedical grade alginate engineered for tissue engineering, drug delivery, and barrier applications.",med,32.25,81.92,1.25,1.58,5.63,19.46,23.77,206.9,366.2,True,2.61,28,83,True,high,True,False,True,Standard (<0.5 EU/mg),False,True,True,True,False,False,False,True,False,False,Ethanol/Water 70:30,low,low,0.93
mat-0423,Phosphate-modified Hyaluronic Acid Type-784,Hyaluronic Acid & Hyaluronates,Aureobasidium pullulans culture,"High-purity biomedical grade hyaluronic acid engineered for tissue engineering, drug delivery, and barrier applications.",med,16.49,44.99,2.71,3.48,50.34,100.8,22.33,249.8,177.0,True,9.72,66,93,True,high,True,True,False,Ultra-Low (<0.05 EU/mg),False,False,True,False,False,True,False,False,True,True,"DMSO, Water",low,med,0.93
mat-0424,Quaternized Starch Type-777,Starch & Modified Starches,Crustacean shells (Crab/Shrimp),"High-purity biomedical grade starch engineered for tissue engineering, drug delivery, and barrier applications.",med,37.86,78.19,1.38,1.74,44.29,141.79,3.28,638.6,190.5,False,11.58,9,117,True,low,True,True,False,Ultra-Low (<0.05 EU/mg),False,True,True,False,False,True,False,False,True,True,"DMSO, Water",high,low,0.93
mat-0425,Sulfated Alginate Type-374,Alginate & Salts,Bacterial fermentation (Streptococcus zooepidemicus),"High-purity biomedical grade alginate engineered for tissue engineering, drug delivery, and barrier applications.",low,7.62,43.97,2.2,3.52,14.4,104.4,23.93,1866.8,189.4,True,1.55,60,140,False,high,True,True,True,Ultra-Low (<0.05 EU/mg),False,True,False,True,False,False,False,True,False,False,Ethanol/Water 70:30,low,low,0.91
mat-0426,Pharma-Grade Cellulose Type-791,Cellulose & Nanocellulose,Citrus peel / Apple pomace,"High-purity biomedical grade cellulose engineered for tissue engineering, drug delivery, and barrier applications.",med,32.33,50.55,3.36,7.02,6.28,28.12,14.14,1116.3,133.1,False,9.82,74,99,True,high,True,True,False,Standard (<0.5 EU/mg),True,False,False,True,False,True,False,True,False,True,Ethanol/Water 70:30,low,low,0.99
mat-0427,Injectable Grade Cellulose Type-943,Cellulose & Nanocellulose,Citrus peel / Apple pomace,"High-purity biomedical grade cellulose engineered for tissue engineering, drug delivery, and barrier applications.",low,26.05,57.47,3.1,3.76,45.06,168.0,28.5,361.6,323.0,False,10.04,22,60,True,low,True,True,True,Low (<0.1 EU/mg),True,False,False,True,True,False,True,True,True,False,Ethanol/Water 70:30,med,low,0.92
mat-0428,Film-Forming Pullulan Type-516,Pullulan & Exopolysaccharides,Porcine cartilage,"High-purity biomedical grade pullulan engineered for tissue engineering, drug delivery, and barrier applications.",med,39.56,84.69,0.14,1.04,50.12,199.74,2.48,400.9,352.6,True,10.44,83,103,True,high,True,True,False,Ultra-Low (<0.05 EU/mg),False,True,False,True,True,False,False,False,True,True,"Water, Dilute Acetic Acid",med,high,0.86
mat-0429,Film-Forming Alginate Type-638,Alginate & Salts,Xanthomonas campestris culture,"High-purity biomedical grade alginate engineered for tissue engineering, drug delivery, and barrier applications.",high,16.47,45.74,0.87,2.58,31.25,158.58,21.15,1927.8,189.2,True,14.89,27,151,True,low,True,True,True,Low (<0.1 EU/mg),True,False,True,False,True,False,True,False,True,False,Phosphate Buffered Saline,med,med,0.91
mat-0430,Pharma-Grade Biopolymer Blends Type-147,Biopolymer Blends & Composites,Leuconostoc mesenteroides fermentation,"High-purity biomedical grade biopolymer blends engineered for tissue engineering, drug delivery, and barrier applications.",med,9.66,20.46,2.75,3.02,7.32,44.33,34.67,1372.6,99.4,False,7.88,84,143,True,med,True,True,True,Standard (<0.5 EU/mg),True,True,True,True,False,False,False,True,False,True,"DMSO, Water",high,low,0.92
mat-0431,Sulfated Dextran Type-881,Dextran & Dextran Esters,Leuconostoc mesenteroides fermentation,"High-purity biomedical grade dextran engineered for tissue engineering, drug delivery, and barrier applications.",med,10.7,25.19,1.88,3.08,46.23,61.88,9.61,2256.4,12.2,False,14.31,50,216,True,med,True,False,False,Standard (<0.5 EU/mg),True,False,True,True,True,False,True,True,True,False,"DMSO, Water",high,high,0.85
mat-0432,Nanofibrillated Chitosan Type-477,Chitosan & Derivatives,Aureobasidium pullulans culture,"High-purity biomedical grade chitosan engineered for tissue engineering, drug delivery, and barrier applications.",med,7.59,25.61,2.05,5.8,44.31,117.75,10.05,2047.2,187.3,False,14.08,80,286,False,high,True,True,False,Standard (<0.5 EU/mg),False,True,False,True,False,False,True,True,False,True,Ethanol/Water 70:30,low,high,0.98
mat-0433,"Phosphate-modified Carrageenan (Kappa, Iota, Lambda) Type-911","Carrageenan (Kappa, Iota, Lambda)",Recombinant yeast production,"High-purity biomedical grade carrageenan (kappa, iota, lambda) engineered for tissue engineering, drug delivery, and barrier applications.",low,12.0,25.57,0.73,3.9,50.07,101.29,6.23,2427.4,187.9,True,8.05,9,265,True,med,True,True,False,Low (<0.1 EU/mg),False,True,True,False,True,True,False,False,True,True,"Water, Dilute Acetic Acid",med,low,0.98
mat-0434,Hydrogel-Grade Agarose Type-779,Agarose & Agars,Fungal fermentation (Aspergillus niger),"High-purity biomedical grade agarose engineered for tissue engineering, drug delivery, and barrier applications.",high,41.09,71.57,1.58,1.89,49.25,169.02,15.11,1943.3,249.6,True,8.49,41,102,False,high,True,True,True,Low (<0.1 EU/mg),True,False,False,True,True,True,False,False,True,False,Phosphate Buffered Saline,med,med,0.93
mat-0435,Phosphate-modified Cellulose Type-915,Cellulose & Nanocellulose,Porcine cartilage,"High-purity biomedical grade cellulose engineered for tissue engineering, drug delivery, and barrier applications.",med,25.36,58.53,0.24,0.55,57.76,134.74,9.0,165.3,385.0,False,11.29,56,102,True,low,True,True,False,Low (<0.1 EU/mg),True,True,False,True,True,True,False,True,False,True,Ethanol/Water 70:30,high,high,0.86
mat-0436,Quaternized Chondroitin Type-155,Chondroitin & Glycosaminoglycans,Red Seaweed (Rhodophyta),"High-purity biomedical grade chondroitin engineered for tissue engineering, drug delivery, and barrier applications.",med,12.09,45.42,0.77,3.18,29.38,96.94,6.31,1865.4,107.0,False,5.74,70,309,False,high,True,True,False,Ultra-Low (<0.05 EU/mg),True,False,False,True,True,False,True,True,False,False,"DMSO, Water",low,low,0.93
mat-0437,"High-MW Carrageenan (Kappa, Iota, Lambda) Type-887","Carrageenan (Kappa, Iota, Lambda)",Porcine cartilage,"High-purity biomedical grade carrageenan (kappa, iota, lambda) engineered for tissue engineering, drug delivery, and barrier applications.",med,20.89,49.47,1.91,2.37,15.74,54.11,9.28,2352.5,429.8,False,7.21,28,145,False,med,True,True,True,Low (<0.1 EU/mg),True,True,True,True,True,True,False,True,True,False,Phosphate Buffered Saline,high,high,0.9
mat-0438,Methacrylated Dextran Type-659,Dextran & Dextran Esters,Aureobasidium pullulans culture,"High-purity biomedical grade dextran engineered for tissue engineering, drug delivery, and barrier applications.",high,20.04,33.61,1.62,5.21,34.99,87.98,21.35,1856.1,84.2,False,2.0,57,221,True,low,True,True,True,Ultra-Low (<0.05 EU/mg),True,False,True,False,False,True,True,False,False,True,Phosphate Buffered Saline,low,low,0.98
mat-0439,High-MW Xanthan Type-999,Xanthan & Gellan Gums,Red Seaweed (Rhodophyta),"High-purity biomedical grade xanthan engineered for tissue engineering, drug delivery, and barrier applications.",high,28.56,70.79,0.45,1.38,33.57,179.88,7.25,1433.4,333.2,False,14.38,84,322,True,med,True,True,False,Low (<0.1 EU/mg),True,True,False,False,True,False,True,False,True,False,"DMSO, Water",med,high,0.99
mat-0440,Methacrylated Alginate Type-589,Alginate & Salts,Sphingomonas elodea culture,"High-purity biomedical grade alginate engineered for tissue engineering, drug delivery, and barrier applications.",low,39.44,66.78,3.16,5.33,49.42,179.83,2.02,1946.7,175.5,True,2.62,28,134,True,high,True,True,True,Ultra-Low (<0.05 EU/mg),False,True,False,False,True,False,False,True,True,True,"Water, Dilute Acetic Acid",high,low,0.9
mat-0441,Methacrylated Agarose Type-873,Agarose & Agars,Aureobasidium pullulans culture,"High-purity biomedical grade agarose engineered for tissue engineering, drug delivery, and barrier applications.",high,27.3,56.34,2.42,3.51,39.29,125.15,27.74,2190.0,429.4,True,16.19,11,194,True,high,True,True,False,Ultra-Low (<0.05 EU/mg),False,False,True,False,False,True,True,False,False,False,"DMSO, Water",low,high,0.95
mat-0442,Quaternized Alginate Type-283,Alginate & Salts,Bacterial fermentation (Streptococcus zooepidemicus),"High-purity biomedical grade alginate engineered for tissue engineering, drug delivery, and barrier applications.",high,21.07,43.64,0.77,3.89,41.12,54.79,22.12,796.0,353.3,True,13.29,66,333,False,med,True,False,False,Ultra-Low (<0.05 EU/mg),False,True,True,False,True,False,True,False,True,False,Phosphate Buffered Saline,high,high,0.97
mat-0443,Ultra-Pure Starch Type-812,Starch & Modified Starches,Wood pulp / Cotton linters,"High-purity biomedical grade starch engineered for tissue engineering, drug delivery, and barrier applications.",high,31.54,75.59,2.67,4.35,45.02,101.48,16.8,240.0,306.1,True,5.9,76,180,False,med,True,True,False,Ultra-Low (<0.05 EU/mg),False,True,True,False,False,True,True,True,False,False,Phosphate Buffered Saline,low,high,0.99
mat-0444,"Hydrogel-Grade Carrageenan (Kappa, Iota, Lambda) Type-205","Carrageenan (Kappa, Iota, Lambda)",Citrus peel / Apple pomace,"High-purity biomedical grade carrageenan (kappa, iota, lambda) engineered for tissue engineering, drug delivery, and barrier applications.",med,15.43,51.23,3.21,4.12,46.88,158.02,32.73,568.1,425.8,False,4.02,80,181,False,high,True,True,True,Standard (<0.5 EU/mg),False,True,True,True,False,False,False,True,False,False,"DMSO, Water",high,med,0.85
mat-0445,Injectable Grade Starch Type-599,Starch & Modified Starches,Porcine cartilage,"High-purity biomedical grade starch engineered for tissue engineering, drug delivery, and barrier applications.",med,37.99,53.08,0.76,3.35,11.6,116.16,18.66,1505.9,417.6,True,16.55,83,344,True,low,True,True,True,Low (<0.1 EU/mg),False,True,True,False,True,False,False,True,False,False,"DMSO, Water",low,med,0.97
mat-0446,High-MW Cellulose Type-321,Cellulose & Nanocellulose,Sphingomonas elodea culture,"High-purity biomedical grade cellulose engineered for tissue engineering, drug delivery, and barrier applications.",low,29.78,44.43,1.53,4.5,57.28,80.91,28.26,1201.2,149.6,True,17.32,41,131,True,med,False,True,True,Ultra-Low (<0.05 EU/mg),True,False,False,True,False,True,True,False,True,False,Ethanol/Water 70:30,low,low,0.98
mat-0447,Nanofibrillated Pullulan Type-977,Pullulan & Exopolysaccharides,Porcine cartilage,"High-purity biomedical grade pullulan engineered for tissue engineering, drug delivery, and barrier applications.",med,11.51,22.67,1.23,4.5,49.52,119.46,3.46,912.5,350.1,False,14.51,64,304,False,med,True,True,False,Standard (<0.5 EU/mg),False,False,False,False,False,False,False,True,True,False,"Water, Dilute Acetic Acid",low,high,0.91
mat-0448,Ultra-Pure Starch Type-239,Starch & Modified Starches,Recombinant yeast production,"High-purity biomedical grade starch engineered for tissue engineering, drug delivery, and barrier applications.",low,6.58,18.6,1.14,3.77,37.25,170.23,3.94,705.6,292.8,True,14.63,47,96,True,low,True,True,False,Standard (<0.5 EU/mg),False,True,True,False,False,False,False,False,False,True,"DMSO, Water",high,low,0.91
mat-0449,Injectable Grade Xanthan Type-551,Xanthan & Gellan Gums,Sphingomonas elodea culture,"High-purity biomedical grade xanthan engineered for tissue engineering, drug delivery, and barrier applications.",high,30.73,42.47,0.12,1.71,33.34,146.76,7.12,1016.8,102.0,True,10.03,29,97,True,low,True,True,False,Standard (<0.5 EU/mg),True,False,True,True,False,True,True,True,False,False,"DMSO, Water",low,low,0.96
mat-0450,Quaternized Dextran Type-124,Dextran & Dextran Esters,Leuconostoc mesenteroides fermentation,"High-purity biomedical grade dextran engineered for tissue engineering, drug delivery, and barrier applications.",low,23.87,52.21,0.4,2.33,48.28,184.26,17.58,904.0,338.6,False,10.64,41,302,True,med,True,True,True,Low (<0.1 EU/mg),True,False,False,True,True,False,True,True,False,True,"DMSO, Water",low,low,0.92
mat-0451,Crosslinked Cellulose Type-553,Cellulose & Nanocellulose,Porcine cartilage,"High-purity biomedical grade cellulose engineered for tissue engineering, drug delivery, and barrier applications.",high,13.69,44.09,2.08,2.99,51.08,65.18,7.59,514.7,430.3,True,13.65,28,93,False,med,True,True,False,Low (<0.1 EU/mg),True,True,True,False,False,True,True,False,False,False,"DMSO, Water",low,med,0.96
mat-0452,Pharma-Grade Dextran Type-861,Dextran & Dextran Esters,Red Seaweed (Rhodophyta),"High-purity biomedical grade dextran engineered for tissue engineering, drug delivery, and barrier applications.",med,37.33,55.37,3.3,5.67,19.36,64.91,28.66,1971.1,278.9,True,4.23,64,302,True,low,True,True,True,Ultra-Low (<0.05 EU/mg),True,False,False,True,True,False,False,True,True,True,Phosphate Buffered Saline,low,high,0.96
mat-0453,Low-MW Alginate Type-912,Alginate & Salts,Citrus peel / Apple pomace,"High-purity biomedical grade alginate engineered for tissue engineering, drug delivery, and barrier applications.",med,36.62,80.45,1.96,2.82,53.59,100.73,20.07,1575.5,423.5,False,9.91,71,309,False,high,True,True,False,Ultra-Low (<0.05 EU/mg),False,True,True,False,True,True,True,True,False,False,Phosphate Buffered Saline,med,high,0.86
mat-0454,"Film-Forming Carrageenan (Kappa, Iota, Lambda) Type-913","Carrageenan (Kappa, Iota, Lambda)",Aureobasidium pullulans culture,"High-purity biomedical grade carrageenan (kappa, iota, lambda) engineered for tissue engineering, drug delivery, and barrier applications.",med,23.41,44.02,3.06,6.89,52.96,142.83,32.61,369.9,352.7,True,14.29,82,274,True,low,True,True,False,Standard (<0.5 EU/mg),True,True,True,True,False,False,True,True,False,True,"Water, Dilute Acetic Acid",low,med,0.86
mat-0455,Pharma-Grade Hyaluronic Acid Type-255,Hyaluronic Acid & Hyaluronates,Fungal fermentation (Aspergillus niger),"High-purity biomedical grade hyaluronic acid engineered for tissue engineering, drug delivery, and barrier applications.",med,9.72,45.63,2.48,4.43,30.66,133.09,3.29,1573.7,338.2,True,3.15,55,275,True,low,False,True,False,Low (<0.1 EU/mg),False,True,False,False,True,True,True,True,False,True,"DMSO, Water",med,med,0.88
mat-0456,Biomedical Grade Chitosan Type-283,Chitosan & Derivatives,Red Seaweed (Rhodophyta),"High-purity biomedical grade chitosan engineered for tissue engineering, drug delivery, and barrier applications.",med,31.61,50.18,1.87,2.64,48.18,82.84,4.52,203.4,255.7,False,11.71,24,210,True,high,True,False,True,Ultra-Low (<0.05 EU/mg),False,True,True,True,False,False,False,True,True,True,Ethanol/Water 70:30,low,high,0.94
mat-0457,Injectable Grade Chitosan Type-199,Chitosan & Derivatives,Bacterial fermentation (Streptococcus zooepidemicus),"High-purity biomedical grade chitosan engineered for tissue engineering, drug delivery, and barrier applications.",high,9.75,27.15,1.54,3.1,22.97,84.31,11.78,2321.4,103.3,True,5.56,16,109,True,low,False,False,False,Ultra-Low (<0.05 EU/mg),True,False,True,False,False,True,True,True,False,True,"DMSO, Water",med,high,0.85
mat-0458,Low-MW Cellulose Type-229,Cellulose & Nanocellulose,Recombinant yeast production,"High-purity biomedical grade cellulose engineered for tissue engineering, drug delivery, and barrier applications.",med,31.0,76.55,1.26,2.45,52.52,178.41,24.43,1658.8,107.6,False,1.74,14,91,True,high,True,False,False,Standard (<0.5 EU/mg),False,False,False,False,True,False,False,False,False,False,"DMSO, Water",low,low,0.89
mat-0459,Low-MW Alginate Type-956,Alginate & Salts,Porcine cartilage,"High-purity biomedical grade alginate engineered for tissue engineering, drug delivery, and barrier applications.",med,22.37,32.35,1.99,5.11,48.85,130.84,2.8,212.6,411.0,False,10.5,19,263,False,med,True,True,True,Standard (<0.5 EU/mg),True,True,True,False,False,True,True,True,True,False,"Water, Dilute Acetic Acid",med,low,0.88
mat-0460,Sulfated Chitosan Type-563,Chitosan & Derivatives,Fungal fermentation (Aspergillus niger),"High-purity biomedical grade chitosan engineered for tissue engineering, drug delivery, and barrier applications.",med,23.48,38.79,0.37,0.75,52.86,113.42,19.28,797.5,142.1,False,4.14,32,58,True,high,True,True,False,Standard (<0.5 EU/mg),False,False,False,False,False,False,True,True,True,True,Ethanol/Water 70:30,low,high,0.97
mat-0461,Crosslinked Biopolymer Blends Type-721,Biopolymer Blends & Composites,Corn starch / Potato starch,"High-purity biomedical grade biopolymer blends engineered for tissue engineering, drug delivery, and barrier applications.",low,37.39,84.63,3.23,6.62,53.93,125.08,6.49,980.1,38.2,True,15.16,67,90,True,low,False,True,False,Ultra-Low (<0.05 EU/mg),False,True,True,True,True,False,False,False,True,False,"Water, Dilute Acetic Acid",low,high,0.95
mat-0462,"Crosslinked Carrageenan (Kappa, Iota, Lambda) Type-656","Carrageenan (Kappa, Iota, Lambda)",Porcine cartilage,"High-purity biomedical grade carrageenan (kappa, iota, lambda) engineered for tissue engineering, drug delivery, and barrier applications.",high,7.72,44.89,2.67,6.13,39.71,87.45,1.6,735.8,448.9,True,6.52,29,64,False,high,True,True,False,Standard (<0.5 EU/mg),False,False,False,True,True,True,False,False,True,False,"DMSO, Water",high,high,0.96
mat-0463,Sulfated Alginate Type-491,Alginate & Salts,Fungal fermentation (Aspergillus niger),"High-purity biomedical grade alginate engineered for tissue engineering, drug delivery, and barrier applications.",low,24.4,72.26,1.75,4.12,18.65,144.98,27.03,1176.7,102.8,False,10.99,21,263,True,low,True,False,True,Ultra-Low (<0.05 EU/mg),True,True,True,False,True,False,True,True,True,False,"Water, Dilute Acetic Acid",low,high,0.95
mat-0464,Biomedical Grade Chitosan Type-922,Chitosan & Derivatives,Xanthomonas campestris culture,"High-purity biomedical grade chitosan engineered for tissue engineering, drug delivery, and barrier applications.",med,8.8,55.69,3.28,7.07,48.96,91.89,24.43,1914.7,261.5,False,16.33,21,77,False,low,True,True,False,Ultra-Low (<0.05 EU/mg),True,True,False,False,False,True,True,True,False,False,Phosphate Buffered Saline,high,med,1.0
mat-0465,Methacrylated Starch Type-111,Starch & Modified Starches,Leuconostoc mesenteroides fermentation,"High-purity biomedical grade starch engineered for tissue engineering, drug delivery, and barrier applications.",low,37.47,54.15,0.26,2.26,31.03,54.15,29.73,2129.0,177.3,True,6.23,58,118,True,low,True,True,False,Ultra-Low (<0.05 EU/mg),True,False,True,False,False,False,True,False,True,False,Phosphate Buffered Saline,high,low,0.89
mat-0466,High-MW Biopolymer Blends Type-909,Biopolymer Blends & Composites,Aureobasidium pullulans culture,"High-purity biomedical grade biopolymer blends engineered for tissue engineering, drug delivery, and barrier applications.",med,19.18,26.16,3.16,5.8,14.74,64.52,31.44,1773.7,255.6,False,13.34,52,120,False,high,True,True,False,Ultra-Low (<0.05 EU/mg),True,False,True,False,False,False,False,True,False,False,"Water, Dilute Acetic Acid",med,med,0.93
mat-0467,High-MW Hyaluronic Acid Type-554,Hyaluronic Acid & Hyaluronates,Crustacean shells (Crab/Shrimp),"High-purity biomedical grade hyaluronic acid engineered for tissue engineering, drug delivery, and barrier applications.",low,18.52,40.89,0.64,4.39,36.9,80.94,22.62,796.8,250.6,True,9.64,80,207,False,high,True,True,True,Low (<0.1 EU/mg),False,True,False,False,False,True,False,True,False,True,"Water, Dilute Acetic Acid",low,med,0.86
mat-0468,Phosphate-modified Alginate Type-874,Alginate & Salts,Sphingomonas elodea culture,"High-purity biomedical grade alginate engineered for tissue engineering, drug delivery, and barrier applications.",med,31.45,80.87,2.28,3.1,50.14,88.78,15.15,696.7,219.0,False,16.23,50,159,True,low,False,True,False,Ultra-Low (<0.05 EU/mg),False,True,True,False,False,False,False,True,False,True,"Water, Dilute Acetic Acid",med,med,0.95
mat-0469,Pharma-Grade Cellulose Type-396,Cellulose & Nanocellulose,Wood pulp / Cotton linters,"High-purity biomedical grade cellulose engineered for tissue engineering, drug delivery, and barrier applications.",low,27.69,50.78,0.31,3.38,31.63,169.25,26.54,1965.1,65.8,False,11.19,80,115,True,med,True,True,True,Low (<0.1 EU/mg),False,False,False,True,True,False,True,False,False,False,"DMSO, Water",high,high,0.93
mat-0470,Hydrogel-Grade Biopolymer Blends Type-354,Biopolymer Blends & Composites,Sphingomonas elodea culture,"High-purity biomedical grade biopolymer blends engineered for tissue engineering, drug delivery, and barrier applications.",high,20.83,53.66,1.6,5.34,25.96,79.69,31.4,362.2,159.7,False,17.65,13,83,True,high,True,True,True,Standard (<0.5 EU/mg),False,False,True,False,True,False,True,True,False,True,"DMSO, Water",high,high,0.86
mat-0471,"Nanofibrillated Carrageenan (Kappa, Iota, Lambda) Type-870","Carrageenan (Kappa, Iota, Lambda)",Porcine cartilage,"High-purity biomedical grade carrageenan (kappa, iota, lambda) engineered for tissue engineering, drug delivery, and barrier applications.",med,20.8,44.76,0.95,4.86,40.62,64.62,20.91,920.0,273.8,False,9.36,13,39,False,low,True,False,True,Low (<0.1 EU/mg),False,False,False,False,False,False,False,False,True,False,"DMSO, Water",med,low,0.85
mat-0472,Hydrogel-Grade Biopolymer Blends Type-418,Biopolymer Blends & Composites,Citrus peel / Apple pomace,"High-purity biomedical grade biopolymer blends engineered for tissue engineering, drug delivery, and barrier applications.",med,19.57,58.6,1.26,4.85,36.42,155.97,11.84,899.5,107.1,True,8.34,38,241,False,med,True,True,False,Low (<0.1 EU/mg),False,False,False,True,True,False,False,False,True,True,"Water, Dilute Acetic Acid",high,high,0.91
mat-0473,High-MW Hyaluronic Acid Type-279,Hyaluronic Acid & Hyaluronates,Brown Seaweed (Laminaria hyperborea),"High-purity biomedical grade hyaluronic acid engineered for tissue engineering, drug delivery, and barrier applications.",med,43.53,84.45,1.56,5.11,43.17,119.52,14.94,1945.0,279.8,False,1.67,17,121,False,high,False,True,False,Standard (<0.5 EU/mg),False,False,True,True,True,True,False,False,False,False,Phosphate Buffered Saline,low,low,0.88
mat-0474,"Hydrogel-Grade Carrageenan (Kappa, Iota, Lambda) Type-466","Carrageenan (Kappa, Iota, Lambda)",Red Seaweed (Rhodophyta),"High-purity biomedical grade carrageenan (kappa, iota, lambda) engineered for tissue engineering, drug delivery, and barrier applications.",high,40.89,87.78,1.03,1.74,44.51,165.46,30.07,1650.7,197.0,True,13.47,28,69,True,high,True,True,False,Ultra-Low (<0.05 EU/mg),True,False,False,False,True,False,False,True,False,False,Phosphate Buffered Saline,med,low,0.87
mat-0475,Pharma-Grade Pullulan Type-869,Pullulan & Exopolysaccharides,Bacterial fermentation (Streptococcus zooepidemicus),"High-purity biomedical grade pullulan engineered for tissue engineering, drug delivery, and barrier applications.",med,40.15,61.44,2.66,6.47,7.59,112.2,15.88,867.9,171.7,False,6.89,25,139,True,low,True,True,False,Ultra-Low (<0.05 EU/mg),False,False,True,False,False,False,True,True,False,True,"DMSO, Water",low,low,0.88
mat-0476,Nanofibrillated Pullulan Type-488,Pullulan & Exopolysaccharides,Xanthomonas campestris culture,"High-purity biomedical grade pullulan engineered for tissue engineering, drug delivery, and barrier applications.",low,7.91,34.27,2.53,5.22,8.34,136.89,21.83,1059.5,118.7,True,5.48,88,201,True,med,True,True,True,Standard (<0.5 EU/mg),True,False,True,False,True,False,True,True,True,True,"DMSO, Water",med,med,0.93
mat-0477,Hydrogel-Grade Pullulan Type-168,Pullulan & Exopolysaccharides,Recombinant yeast production,"High-purity biomedical grade pullulan engineered for tissue engineering, drug delivery, and barrier applications.",med,44.56,62.11,0.96,3.71,24.77,71.43,3.29,1399.6,370.6,False,12.77,67,192,False,high,True,True,False,Standard (<0.5 EU/mg),False,True,True,True,False,False,False,False,True,True,Ethanol/Water 70:30,med,med,0.94
mat-0478,Film-Forming Hyaluronic Acid Type-590,Hyaluronic Acid & Hyaluronates,Fungal fermentation (Aspergillus niger),"High-purity biomedical grade hyaluronic acid engineered for tissue engineering, drug delivery, and barrier applications.",med,22.98,34.17,1.38,1.72,9.92,121.97,21.54,1907.1,177.8,False,4.14,23,141,True,high,True,True,True,Low (<0.1 EU/mg),True,True,False,True,False,True,True,True,True,True,Phosphate Buffered Saline,low,low,0.86
mat-0479,Ultra-Pure Alginate Type-289,Alginate & Salts,Bacterial fermentation (Streptococcus zooepidemicus),"High-purity biomedical grade alginate engineered for tissue engineering, drug delivery, and barrier applications.",low,5.08,12.92,1.87,3.82,25.87,42.21,2.5,2127.0,272.6,False,13.21,22,41,True,med,True,True,True,Low (<0.1 EU/mg),True,False,False,True,True,True,False,False,False,True,Phosphate Buffered Saline,med,med,0.91
mat-0480,"Quaternized Carrageenan (Kappa, Iota, Lambda) Type-952","Carrageenan (Kappa, Iota, Lambda)",Xanthomonas campestris culture,"High-purity biomedical grade carrageenan (kappa, iota, lambda) engineered for tissue engineering, drug delivery, and barrier applications.",high,6.39,20.33,2.73,2.99,50.94,117.54,7.61,1019.6,368.9,False,17.2,82,290,False,low,True,False,True,Ultra-Low (<0.05 EU/mg),False,False,False,True,True,True,False,False,False,True,"Water, Dilute Acetic Acid",high,low,1.0
mat-0481,Injectable Grade Chitosan Type-557,Chitosan & Derivatives,Leuconostoc mesenteroides fermentation,"High-purity biomedical grade chitosan engineered for tissue engineering, drug delivery, and barrier applications.",med,20.95,62.76,3.22,4.44,39.02,54.89,22.11,1013.1,257.1,True,8.42,77,194,False,high,True,True,False,Standard (<0.5 EU/mg),False,True,False,False,True,True,False,True,False,False,"Water, Dilute Acetic Acid",med,low,0.91
mat-0482,"Sulfated Carrageenan (Kappa, Iota, Lambda) Type-284","Carrageenan (Kappa, Iota, Lambda)",Citrus peel / Apple pomace,"High-purity biomedical grade carrageenan (kappa, iota, lambda) engineered for tissue engineering, drug delivery, and barrier applications.",med,8.1,33.55,1.38,4.21,18.02,31.14,4.41,1164.3,318.7,False,8.84,87,196,False,low,True,True,False,Standard (<0.5 EU/mg),False,True,True,False,False,False,False,True,False,False,"DMSO, Water",med,high,0.86
mat-0483,Low-MW Chondroitin Type-599,Chondroitin & Glycosaminoglycans,Wood pulp / Cotton linters,"High-purity biomedical grade chondroitin engineered for tissue engineering, drug delivery, and barrier applications.",med,12.4,20.76,1.94,5.17,40.47,70.72,4.58,1825.0,187.2,True,8.52,29,126,True,high,False,True,False,Ultra-Low (<0.05 EU/mg),True,False,False,False,True,True,False,False,False,False,"Water, Dilute Acetic Acid",med,med,0.97
mat-0484,Ultra-Pure Hyaluronic Acid Type-965,Hyaluronic Acid & Hyaluronates,Aureobasidium pullulans culture,"High-purity biomedical grade hyaluronic acid engineered for tissue engineering, drug delivery, and barrier applications.",low,38.78,60.3,2.92,5.82,5.99,118.79,3.62,1088.4,417.1,False,8.09,13,262,True,low,True,True,False,Low (<0.1 EU/mg),True,False,False,True,True,True,False,True,True,False,"DMSO, Water",low,low,0.87
mat-0485,High-MW Agarose Type-498,Agarose & Agars,Leuconostoc mesenteroides fermentation,"High-purity biomedical grade agarose engineered for tissue engineering, drug delivery, and barrier applications.",high,36.79,58.58,1.74,2.16,24.33,113.07,24.88,2379.7,50.2,False,17.58,85,190,False,low,False,True,True,Ultra-Low (<0.05 EU/mg),True,True,False,True,False,True,True,True,True,True,"DMSO, Water",low,med,0.94
mat-0486,Ultra-Pure Xanthan Type-104,Xanthan & Gellan Gums,Red Seaweed (Rhodophyta),"High-purity biomedical grade xanthan engineered for tissue engineering, drug delivery, and barrier applications.",med,33.03,82.49,0.39,2.51,48.19,136.84,12.46,838.6,366.7,True,14.6,73,326,False,high,True,True,False,Ultra-Low (<0.05 EU/mg),True,False,False,False,True,False,True,True,False,True,Ethanol/Water 70:30,high,low,0.88
mat-0487,Pharma-Grade Biopolymer Blends Type-892,Biopolymer Blends & Composites,Fungal fermentation (Aspergillus niger),"High-purity biomedical grade biopolymer blends engineered for tissue engineering, drug delivery, and barrier applications.",low,18.29,30.21,2.73,5.45,27.18,133.02,3.8,2247.1,103.9,False,8.56,74,211,False,low,True,True,False,Standard (<0.5 EU/mg),False,True,False,False,True,True,False,False,True,False,Phosphate Buffered Saline,med,low,0.91
mat-0488,Hydrogel-Grade Biopolymer Blends Type-745,Biopolymer Blends & Composites,Recombinant yeast production,"High-purity biomedical grade biopolymer blends engineered for tissue engineering, drug delivery, and barrier applications.",med,41.6,70.91,1.22,1.62,49.9,189.68,25.11,1074.7,207.6,False,7.12,53,270,True,low,True,True,True,Low (<0.1 EU/mg),False,False,True,True,False,False,True,True,True,True,"Water, Dilute Acetic Acid",low,med,0.97
mat-0489,High-MW Agarose Type-715,Agarose & Agars,Xanthomonas campestris culture,"High-purity biomedical grade agarose engineered for tissue engineering, drug delivery, and barrier applications.",low,18.14,36.41,3.3,6.09,7.97,116.35,7.13,205.9,325.5,False,16.65,47,198,True,high,True,True,True,Low (<0.1 EU/mg),True,False,False,False,True,True,True,False,True,True,Ethanol/Water 70:30,low,med,0.88
mat-0490,Hydrogel-Grade Chondroitin Type-287,Chondroitin & Glycosaminoglycans,Citrus peel / Apple pomace,"High-purity biomedical grade chondroitin engineered for tissue engineering, drug delivery, and barrier applications.",high,31.19,67.08,0.98,3.59,38.97,53.45,10.96,2396.3,226.6,False,13.03,23,274,True,med,True,True,True,Low (<0.1 EU/mg),True,True,True,True,False,False,True,False,True,True,"Water, Dilute Acetic Acid",low,med,0.9
mat-0491,Hydrogel-Grade Chitosan Type-319,Chitosan & Derivatives,Corn starch / Potato starch,"High-purity biomedical grade chitosan engineered for tissue engineering, drug delivery, and barrier applications.",low,29.46,78.21,1.07,1.54,21.49,117.37,4.64,670.2,297.7,True,17.33,52,243,True,med,True,True,True,Ultra-Low (<0.05 EU/mg),True,True,True,False,False,True,True,False,False,True,"Water, Dilute Acetic Acid",high,med,0.96
mat-0492,Carboxymethylated Dextran Type-145,Dextran & Dextran Esters,Porcine cartilage,"High-purity biomedical grade dextran engineered for tissue engineering, drug delivery, and barrier applications.",med,14.67,41.22,1.01,3.79,44.42,188.32,23.68,1490.1,137.1,False,15.68,9,24,False,med,True,True,False,Ultra-Low (<0.05 EU/mg),False,True,True,True,False,True,True,False,True,False,Ethanol/Water 70:30,med,low,0.98
mat-0493,Carboxymethylated Hyaluronic Acid Type-208,Hyaluronic Acid & Hyaluronates,Red Seaweed (Rhodophyta),"High-purity biomedical grade hyaluronic acid engineered for tissue engineering, drug delivery, and barrier applications.",med,12.35,20.1,0.74,4.54,43.64,74.56,27.94,873.1,386.6,True,1.46,11,45,False,high,True,True,False,Standard (<0.5 EU/mg),False,False,True,True,True,True,True,False,False,False,Phosphate Buffered Saline,low,high,0.99
mat-0494,Hydrogel-Grade Pectin Type-794,Pectin & Pectinates,Citrus peel / Apple pomace,"High-purity biomedical grade pectin engineered for tissue engineering, drug delivery, and barrier applications.",high,41.94,67.48,2.66,6.64,35.61,183.09,16.61,2164.4,388.7,True,4.07,82,312,False,low,True,True,False,Ultra-Low (<0.05 EU/mg),True,True,True,False,False,False,True,True,False,False,"DMSO, Water",low,high,0.94
mat-0495,Hydrogel-Grade Chitosan Type-555,Chitosan & Derivatives,Fungal fermentation (Aspergillus niger),"High-purity biomedical grade chitosan engineered for tissue engineering, drug delivery, and barrier applications.",low,18.77,31.06,2.53,4.82,14.95,85.35,33.57,382.6,359.9,True,2.33,74,151,False,high,True,True,True,Low (<0.1 EU/mg),True,False,True,False,False,True,False,False,False,True,"Water, Dilute Acetic Acid",med,high,0.93
mat-0496,Ultra-Pure Chondroitin Type-868,Chondroitin & Glycosaminoglycans,Porcine cartilage,"High-purity biomedical grade chondroitin engineered for tissue engineering, drug delivery, and barrier applications.",med,14.45,43.52,2.85,5.34,16.88,103.53,14.08,2365.1,233.7,False,16.31,72,227,False,med,True,True,False,Low (<0.1 EU/mg),True,False,True,True,True,True,True,False,True,True,Phosphate Buffered Saline,high,low,0.86
mat-0497,Carboxymethylated Alginate Type-385,Alginate & Salts,Red Seaweed (Rhodophyta),"High-purity biomedical grade alginate engineered for tissue engineering, drug delivery, and barrier applications.",high,31.19,69.09,3.24,6.71,46.13,65.38,34.13,2397.9,264.0,True,12.98,23,43,True,low,True,False,True,Standard (<0.5 EU/mg),True,True,True,True,False,False,False,True,True,True,Ethanol/Water 70:30,high,low,0.86
mat-0498,Injectable Grade Biopolymer Blends Type-233,Biopolymer Blends & Composites,Leuconostoc mesenteroides fermentation,"High-purity biomedical grade biopolymer blends engineered for tissue engineering, drug delivery, and barrier applications.",low,18.42,25.54,0.96,1.91,42.52,168.0,13.04,2013.7,111.6,False,8.88,52,269,True,high,True,True,True,Low (<0.1 EU/mg),True,True,False,True,False,False,False,True,True,True,"Water, Dilute Acetic Acid",low,med,0.89
mat-0499,Nanofibrillated Chondroitin Type-940,Chondroitin & Glycosaminoglycans,Wood pulp / Cotton linters,"High-purity biomedical grade chondroitin engineered for tissue engineering, drug delivery, and barrier applications.",low,20.48,32.78,2.03,5.28,16.17,42.76,17.81,1327.6,171.4,False,17.48,60,275,False,low,True,True,False,Low (<0.1 EU/mg),False,False,False,True,False,False,False,False,True,False,"DMSO, Water",med,low,0.95
mat-0500,"Injectable Grade Carrageenan (Kappa, Iota, Lambda) Type-293","Carrageenan (Kappa, Iota, Lambda)",Sphingomonas elodea culture,"High-purity biomedical grade carrageenan (kappa, iota, lambda) engineered for tissue engineering, drug delivery, and barrier applications.",med,21.67,27.05,2.3,3.93,29.95,58.08,7.16,466.5,398.1,True,2.69,25,169,True,med,True,False,False,Standard (<0.5 EU/mg),False,False,True,True,True,False,True,False,True,True,Ethanol/Water 70:30,high,low,0.95
mat-0501,"Biomedical Grade Carrageenan (Kappa, Iota, Lambda) Type-489","Carrageenan (Kappa, Iota, Lambda)",Wood pulp / Cotton linters,"High-purity biomedical grade carrageenan (kappa, iota, lambda) engineered for tissue engineering, drug delivery, and barrier applications.",med,27.39,68.61,3.12,6.06,57.93,107.37,16.94,2401.3,401.1,True,7.33,37,166,True,med,False,False,True,Standard (<0.5 EU/mg),True,True,True,False,False,False,True,False,False,False,"DMSO, Water",high,med,0.99
mat-0502,"Biomedical Grade Carrageenan (Kappa, Iota, Lambda) Type-375","Carrageenan (Kappa, Iota, Lambda)",Red Seaweed (Rhodophyta),"High-purity biomedical grade carrageenan (kappa, iota, lambda) engineered for tissue engineering, drug delivery, and barrier applications.",med,23.14,54.55,3.14,6.37,19.75,137.84,31.7,1644.0,426.7,False,17.45,62,265,False,med,True,False,False,Standard (<0.5 EU/mg),False,True,False,True,False,True,True,True,False,False,Ethanol/Water 70:30,low,high,0.95
mat-0503,Phosphate-modified Chitosan Type-440,Chitosan & Derivatives,Recombinant yeast production,"High-purity biomedical grade chitosan engineered for tissue engineering, drug delivery, and barrier applications.",high,41.68,60.47,0.4,1.9,46.82,140.25,12.32,2358.9,263.3,False,6.28,64,171,True,low,True,False,True,Low (<0.1 EU/mg),False,True,False,True,False,True,False,True,False,True,Phosphate Buffered Saline,low,med,0.97
mat-0504,Injectable Grade Pectin Type-424,Pectin & Pectinates,Wood pulp / Cotton linters,"High-purity biomedical grade pectin engineered for tissue engineering, drug delivery, and barrier applications.",med,37.38,62.76,1.5,4.2,30.18,54.77,31.9,2273.6,23.2,True,9.53,74,270,True,low,False,True,False,Ultra-Low (<0.05 EU/mg),True,False,False,True,True,False,False,True,False,False,Ethanol/Water 70:30,med,high,0.95
mat-0505,Methacrylated Xanthan Type-149,Xanthan & Gellan Gums,Fungal fermentation (Aspergillus niger),"High-purity biomedical grade xanthan engineered for tissue engineering, drug delivery, and barrier applications.",med,30.71,43.07,2.3,5.6,6.39,90.46,28.19,2207.0,371.0,True,16.4,66,311,True,high,True,True,False,Low (<0.1 EU/mg),False,True,True,False,True,True,False,True,False,True,"Water, Dilute Acetic Acid",med,med,0.95
mat-0506,Ultra-Pure Xanthan Type-137,Xanthan & Gellan Gums,Crustacean shells (Crab/Shrimp),"High-purity biomedical grade xanthan engineered for tissue engineering, drug delivery, and barrier applications.",high,24.35,60.06,2.58,3.03,15.25,90.09,29.86,607.9,197.2,False,5.01,80,157,True,med,True,True,True,Low (<0.1 EU/mg),True,True,True,True,False,False,False,True,False,True,"Water, Dilute Acetic Acid",high,high,0.88
mat-0507,Biomedical Grade Chondroitin Type-976,Chondroitin & Glycosaminoglycans,Red Seaweed (Rhodophyta),"High-purity biomedical grade chondroitin engineered for tissue engineering, drug delivery, and barrier applications.",high,18.76,56.12,3.39,4.93,54.13,156.43,8.64,701.4,84.3,False,5.01,85,196,True,low,True,False,False,Low (<0.1 EU/mg),False,True,True,True,False,False,True,False,True,False,"DMSO, Water",low,low,0.93
mat-0508,Ultra-Pure Dextran Type-623,Dextran & Dextran Esters,Brown Seaweed (Laminaria hyperborea),"High-purity biomedical grade dextran engineered for tissue engineering, drug delivery, and barrier applications.",med,24.91,73.09,2.7,5.97,50.64,88.63,2.79,183.3,64.9,False,2.88,89,216,True,high,True,False,False,Standard (<0.5 EU/mg),False,False,False,False,False,True,False,False,False,True,Phosphate Buffered Saline,low,low,1.0
mat-0509,Low-MW Hyaluronic Acid Type-265,Hyaluronic Acid & Hyaluronates,Sphingomonas elodea culture,"High-purity biomedical grade hyaluronic acid engineered for tissue engineering, drug delivery, and barrier applications.",med,30.39,69.34,1.09,5.08,24.04,172.69,30.25,1480.3,325.6,True,4.2,52,273,True,med,True,False,False,Ultra-Low (<0.05 EU/mg),True,False,True,False,True,False,True,True,True,True,Ethanol/Water 70:30,med,high,0.97
mat-0510,High-MW Pectin Type-947,Pectin & Pectinates,Bacterial fermentation (Streptococcus zooepidemicus),"High-purity biomedical grade pectin engineered for tissue engineering, drug delivery, and barrier applications.",low,31.76,47.07,2.0,3.36,11.71,100.35,6.47,2237.9,41.6,False,4.13,14,174,False,low,True,True,False,Ultra-Low (<0.05 EU/mg),True,False,False,False,True,False,False,False,True,True,"Water, Dilute Acetic Acid",med,low,0.91
mat-0511,Carboxymethylated Chondroitin Type-173,Chondroitin & Glycosaminoglycans,Fungal fermentation (Aspergillus niger),"High-purity biomedical grade chondroitin engineered for tissue engineering, drug delivery, and barrier applications.",med,41.73,62.13,1.56,1.82,56.33,79.12,25.65,1542.2,103.1,False,8.77,70,267,True,low,True,True,True,Ultra-Low (<0.05 EU/mg),True,False,True,True,True,False,True,True,True,True,Ethanol/Water 70:30,low,low,0.94
mat-0512,Pharma-Grade Biopolymer Blends Type-540,Biopolymer Blends & Composites,Aureobasidium pullulans culture,"High-purity biomedical grade biopolymer blends engineered for tissue engineering, drug delivery, and barrier applications.",med,26.28,60.41,1.48,3.83,33.78,73.97,7.03,1302.8,222.9,True,14.6,30,111,False,high,True,True,False,Ultra-Low (<0.05 EU/mg),False,False,False,True,True,False,True,True,True,False,Ethanol/Water 70:30,med,low,0.85
mat-0513,Biomedical Grade Pullulan Type-842,Pullulan & Exopolysaccharides,Porcine cartilage,"High-purity biomedical grade pullulan engineered for tissue engineering, drug delivery, and barrier applications.",med,18.39,33.88,0.59,1.39,37.24,96.52,2.29,970.4,365.3,False,17.89,79,326,False,med,True,True,True,Standard (<0.5 EU/mg),False,False,False,False,False,False,False,False,False,False,Ethanol/Water 70:30,low,med,0.97
mat-0514,Hydrogel-Grade Agarose Type-455,Agarose & Agars,Corn starch / Potato starch,"High-purity biomedical grade agarose engineered for tissue engineering, drug delivery, and barrier applications.",med,6.35,49.96,0.21,1.96,24.42,132.28,17.25,238.4,335.2,False,10.69,85,194,False,med,True,False,False,Ultra-Low (<0.05 EU/mg),True,False,True,False,True,True,False,False,True,True,Ethanol/Water 70:30,med,low,0.87
mat-0515,Methacrylated Hyaluronic Acid Type-523,Hyaluronic Acid & Hyaluronates,Xanthomonas campestris culture,"High-purity biomedical grade hyaluronic acid engineered for tissue engineering, drug delivery, and barrier applications.",med,16.99,66.43,3.0,5.53,55.39,152.3,20.25,1489.3,157.6,False,7.06,43,268,False,low,True,True,True,Ultra-Low (<0.05 EU/mg),True,False,False,True,False,True,False,True,True,False,Ethanol/Water 70:30,high,med,0.89
mat-0516,"Hydrogel-Grade Carrageenan (Kappa, Iota, Lambda) Type-376","Carrageenan (Kappa, Iota, Lambda)",Corn starch / Potato starch,"High-purity biomedical grade carrageenan (kappa, iota, lambda) engineered for tissue engineering, drug delivery, and barrier applications.",med,26.03,61.45,2.34,4.67,13.04,29.72,12.49,1137.3,276.4,False,13.36,34,186,True,low,True,False,False,Standard (<0.5 EU/mg),False,True,True,True,True,False,True,False,False,False,Ethanol/Water 70:30,low,med,0.94
mat-0517,Sulfated Biopolymer Blends Type-479,Biopolymer Blends & Composites,Citrus peel / Apple pomace,"High-purity biomedical grade biopolymer blends engineered for tissue engineering, drug delivery, and barrier applications.",med,28.42,72.08,0.53,1.66,7.36,56.3,16.0,865.3,418.7,True,13.36,35,76,True,low,True,False,True,Low (<0.1 EU/mg),True,False,False,False,False,False,True,False,False,False,"Water, Dilute Acetic Acid",high,med,1.0
mat-0518,Hydrogel-Grade Alginate Type-687,Alginate & Salts,Aureobasidium pullulans culture,"High-purity biomedical grade alginate engineered for tissue engineering, drug delivery, and barrier applications.",med,7.75,44.51,1.98,2.9,43.27,108.79,8.91,320.3,421.2,False,2.01,33,198,True,low,True,True,False,Low (<0.1 EU/mg),True,True,True,False,False,False,True,False,False,True,"Water, Dilute Acetic Acid",low,med,0.88
mat-0519,Pharma-Grade Dextran Type-693,Dextran & Dextran Esters,Corn starch / Potato starch,"High-purity biomedical grade dextran engineered for tissue engineering, drug delivery, and barrier applications.",med,32.73,73.77,1.45,4.77,50.72,65.29,28.01,2473.2,296.5,True,10.76,42,251,True,low,True,True,False,Ultra-Low (<0.05 EU/mg),False,False,True,False,False,True,True,False,True,False,"Water, Dilute Acetic Acid",low,low,0.93
mat-0520,Film-Forming Biopolymer Blends Type-475,Biopolymer Blends & Composites,Crustacean shells (Crab/Shrimp),"High-purity biomedical grade biopolymer blends engineered for tissue engineering, drug delivery, and barrier applications.",low,37.6,70.03,1.05,2.74,14.96,130.18,25.95,1921.6,343.9,True,4.58,73,165,True,low,True,True,False,Low (<0.1 EU/mg),True,True,True,True,True,True,True,False,False,False,"DMSO, Water",low,high,0.95
mat-0521,Hydrogel-Grade Xanthan Type-538,Xanthan & Gellan Gums,Porcine cartilage,"High-purity biomedical grade xanthan engineered for tissue engineering, drug delivery, and barrier applications.",med,42.31,47.79,3.01,3.75,31.31,126.7,26.66,890.7,405.4,True,4.12,89,292,True,low,True,False,False,Standard (<0.5 EU/mg),False,False,True,True,True,True,False,True,True,True,Ethanol/Water 70:30,med,low,0.99
mat-0522,Phosphate-modified Biopolymer Blends Type-928,Biopolymer Blends & Composites,Sphingomonas elodea culture,"High-purity biomedical grade biopolymer blends engineered for tissue engineering, drug delivery, and barrier applications.",high,41.69,47.43,1.64,2.46,13.99,135.58,11.3,2220.5,35.7,False,16.59,40,290,True,med,True,True,True,Ultra-Low (<0.05 EU/mg),False,True,True,False,True,False,False,True,False,True,"DMSO, Water",high,low,0.9
mat-0523,Low-MW Alginate Type-259,Alginate & Salts,Citrus peel / Apple pomace,"High-purity biomedical grade alginate engineered for tissue engineering, drug delivery, and barrier applications.",med,37.11,68.43,2.44,4.1,46.7,96.14,10.03,1341.8,335.4,True,9.36,87,197,False,high,True,True,True,Low (<0.1 EU/mg),True,True,True,True,False,True,True,False,False,True,"Water, Dilute Acetic Acid",med,low,0.98
mat-0524,Carboxymethylated Dextran Type-810,Dextran & Dextran Esters,Crustacean shells (Crab/Shrimp),"High-purity biomedical grade dextran engineered for tissue engineering, drug delivery, and barrier applications.",high,42.3,74.22,1.3,3.73,39.07,84.32,13.39,1555.7,333.5,True,9.5,29,132,True,med,False,True,True,Standard (<0.5 EU/mg),False,True,True,True,False,False,True,True,True,False,Phosphate Buffered Saline,med,high,0.9
mat-0525,Carboxymethylated Biopolymer Blends Type-705,Biopolymer Blends & Composites,Xanthomonas campestris culture,"High-purity biomedical grade biopolymer blends engineered for tissue engineering, drug delivery, and barrier applications.",med,43.32,89.21,2.62,2.83,34.68,72.05,34.2,841.9,204.8,True,6.32,73,342,False,low,True,True,True,Ultra-Low (<0.05 EU/mg),False,False,True,False,True,False,False,False,True,False,"DMSO, Water",high,high,0.88
mat-0526,"Pharma-Grade Carrageenan (Kappa, Iota, Lambda) Type-424","Carrageenan (Kappa, Iota, Lambda)",Corn starch / Potato starch,"High-purity biomedical grade carrageenan (kappa, iota, lambda) engineered for tissue engineering, drug delivery, and barrier applications.",med,12.4,58.86,1.71,4.93,13.8,74.02,6.65,1133.1,399.8,False,10.32,25,107,True,high,True,True,True,Standard (<0.5 EU/mg),False,True,True,False,False,True,True,True,False,False,"DMSO, Water",low,med,0.89
mat-0527,Pharma-Grade Xanthan Type-931,Xanthan & Gellan Gums,Brown Seaweed (Laminaria hyperborea),"High-purity biomedical grade xanthan engineered for tissue engineering, drug delivery, and barrier applications.",med,11.89,44.9,1.11,4.21,14.89,85.3,4.05,1708.6,284.3,True,12.06,77,264,True,low,True,True,False,Low (<0.1 EU/mg),True,False,True,True,True,True,True,True,True,True,"Water, Dilute Acetic Acid",med,high,0.89
mat-0528,Hydrogel-Grade Xanthan Type-215,Xanthan & Gellan Gums,Sphingomonas elodea culture,"High-purity biomedical grade xanthan engineered for tissue engineering, drug delivery, and barrier applications.",med,11.15,35.74,1.52,3.62,27.08,162.19,4.98,1519.7,243.6,False,10.55,14,227,False,med,True,True,False,Low (<0.1 EU/mg),False,True,False,False,False,True,False,False,False,False,Ethanol/Water 70:30,med,high,0.9
mat-0529,High-MW Chondroitin Type-710,Chondroitin & Glycosaminoglycans,Corn starch / Potato starch,"High-purity biomedical grade chondroitin engineered for tissue engineering, drug delivery, and barrier applications.",high,13.71,48.34,0.48,1.22,56.16,179.37,7.5,604.3,17.5,True,1.96,27,170,True,low,True,True,False,Standard (<0.5 EU/mg),True,True,False,False,True,False,False,True,True,True,"Water, Dilute Acetic Acid",high,high,0.85
mat-0530,Hydrogel-Grade Cellulose Type-542,Cellulose & Nanocellulose,Corn starch / Potato starch,"High-purity biomedical grade cellulose engineered for tissue engineering, drug delivery, and barrier applications.",med,34.5,73.03,2.5,2.94,24.13,61.67,6.9,941.2,249.3,True,15.87,7,185,True,med,True,True,False,Low (<0.1 EU/mg),True,False,True,False,True,True,True,False,False,False,Phosphate Buffered Saline,med,med,0.99
mat-0531,Low-MW Cellulose Type-964,Cellulose & Nanocellulose,Leuconostoc mesenteroides fermentation,"High-purity biomedical grade cellulose engineered for tissue engineering, drug delivery, and barrier applications.",high,13.27,57.51,2.17,3.83,48.43,192.79,8.69,1286.6,406.1,True,9.7,88,160,False,low,True,True,False,Ultra-Low (<0.05 EU/mg),True,True,True,True,True,True,True,True,True,True,Phosphate Buffered Saline,med,low,0.92
mat-0532,"Pharma-Grade Carrageenan (Kappa, Iota, Lambda) Type-976","Carrageenan (Kappa, Iota, Lambda)",Fungal fermentation (Aspergillus niger),"High-purity biomedical grade carrageenan (kappa, iota, lambda) engineered for tissue engineering, drug delivery, and barrier applications.",med,18.01,65.22,2.6,5.46,27.33,162.72,18.02,373.2,29.1,False,15.07,28,45,True,high,True,True,True,Low (<0.1 EU/mg),False,False,False,True,False,True,False,False,True,False,Ethanol/Water 70:30,high,med,0.88
mat-0533,Ultra-Pure Xanthan Type-833,Xanthan & Gellan Gums,Recombinant yeast production,"High-purity biomedical grade xanthan engineered for tissue engineering, drug delivery, and barrier applications.",high,33.06,55.02,2.47,5.79,34.36,151.28,21.99,981.7,375.0,True,6.64,33,204,True,med,True,True,False,Standard (<0.5 EU/mg),True,False,False,True,True,False,False,False,True,False,"DMSO, Water",high,med,0.86
mat-0534,Phosphate-modified Dextran Type-733,Dextran & Dextran Esters,Corn starch / Potato starch,"High-purity biomedical grade dextran engineered for tissue engineering, drug delivery, and barrier applications.",med,27.5,57.4,2.12,3.49,42.38,88.07,13.29,1601.8,261.2,False,5.83,72,185,False,low,True,True,False,Standard (<0.5 EU/mg),False,True,False,True,False,False,True,False,False,False,"Water, Dilute Acetic Acid",high,low,0.95
mat-0535,Injectable Grade Pullulan Type-503,Pullulan & Exopolysaccharides,Crustacean shells (Crab/Shrimp),"High-purity biomedical grade pullulan engineered for tissue engineering, drug delivery, and barrier applications.",med,11.84,54.45,3.45,4.27,12.67,86.89,14.79,831.2,274.8,True,1.5,76,181,False,high,True,True,True,Low (<0.1 EU/mg),True,True,True,False,False,False,True,False,False,True,Ethanol/Water 70:30,med,low,0.85
mat-0536,Injectable Grade Dextran Type-479,Dextran & Dextran Esters,Crustacean shells (Crab/Shrimp),"High-purity biomedical grade dextran engineered for tissue engineering, drug delivery, and barrier applications.",low,13.51,49.09,2.55,5.64,27.18,120.08,30.63,1551.6,293.8,True,16.51,52,264,False,low,True,True,True,Ultra-Low (<0.05 EU/mg),False,False,False,True,False,True,True,False,True,False,"Water, Dilute Acetic Acid",low,low,0.94
mat-0537,Sulfated Cellulose Type-481,Cellulose & Nanocellulose,Sphingomonas elodea culture,"High-purity biomedical grade cellulose engineered for tissue engineering, drug delivery, and barrier applications.",low,14.24,60.59,1.13,5.01,12.23,105.57,2.95,1287.3,302.7,False,10.58,58,263,True,med,False,True,False,Low (<0.1 EU/mg),True,False,False,False,False,True,False,False,True,True,Phosphate Buffered Saline,low,high,0.85
mat-0538,Crosslinked Cellulose Type-750,Cellulose & Nanocellulose,Xanthomonas campestris culture,"High-purity biomedical grade cellulose engineered for tissue engineering, drug delivery, and barrier applications.",med,22.58,28.9,1.8,3.83,26.38,112.15,24.44,915.3,272.8,False,6.68,19,151,True,med,True,True,False,Ultra-Low (<0.05 EU/mg),False,False,True,True,True,True,True,True,False,True,Phosphate Buffered Saline,low,low,0.99
mat-0539,Methacrylated Biopolymer Blends Type-342,Biopolymer Blends & Composites,Porcine cartilage,"High-purity biomedical grade biopolymer blends engineered for tissue engineering, drug delivery, and barrier applications.",med,30.33,56.18,0.63,3.77,34.48,120.86,9.75,964.3,151.2,False,10.51,28,134,False,low,True,True,False,Ultra-Low (<0.05 EU/mg),True,False,True,False,False,False,True,False,True,True,Ethanol/Water 70:30,low,high,0.98
mat-0540,Quaternized Chitosan Type-415,Chitosan & Derivatives,Aureobasidium pullulans culture,"High-purity biomedical grade chitosan engineered for tissue engineering, drug delivery, and barrier applications.",low,22.93,41.76,1.7,4.81,40.12,100.05,6.23,1180.1,242.7,False,3.08,66,140,False,high,True,True,False,Low (<0.1 EU/mg),False,False,True,True,False,True,False,True,True,True,"Water, Dilute Acetic Acid",high,low,0.91
mat-0541,High-MW Biopolymer Blends Type-804,Biopolymer Blends & Composites,Bacterial fermentation (Streptococcus zooepidemicus),"High-purity biomedical grade biopolymer blends engineered for tissue engineering, drug delivery, and barrier applications.",med,30.77,77.1,3.43,5.25,7.06,83.48,19.42,561.4,412.0,True,7.12,29,288,False,low,True,True,False,Ultra-Low (<0.05 EU/mg),True,False,True,True,False,False,False,False,True,False,Phosphate Buffered Saline,med,high,0.86
mat-0542,Phosphate-modified Pullulan Type-984,Pullulan & Exopolysaccharides,Fungal fermentation (Aspergillus niger),"High-purity biomedical grade pullulan engineered for tissue engineering, drug delivery, and barrier applications.",med,32.42,45.88,1.05,2.7,9.82,86.91,26.37,2343.8,270.7,False,11.09,15,187,True,low,True,True,False,Ultra-Low (<0.05 EU/mg),False,False,False,False,True,True,True,True,True,False,"DMSO, Water",low,high,0.85
mat-0543,Film-Forming Cellulose Type-800,Cellulose & Nanocellulose,Sphingomonas elodea culture,"High-purity biomedical grade cellulose engineered for tissue engineering, drug delivery, and barrier applications.",med,8.81,17.63,2.12,4.84,20.98,71.23,23.29,1066.2,333.9,False,11.6,85,333,False,med,True,False,True,Ultra-Low (<0.05 EU/mg),False,False,True,True,True,True,True,True,False,False,"Water, Dilute Acetic Acid",low,med,0.93
mat-0544,Biomedical Grade Cellulose Type-723,Cellulose & Nanocellulose,Recombinant yeast production,"High-purity biomedical grade cellulose engineered for tissue engineering, drug delivery, and barrier applications.",med,8.28,13.93,1.22,3.63,21.46,166.63,32.5,2055.6,357.6,True,8.35,27,241,True,low,True,True,True,Standard (<0.5 EU/mg),False,False,True,True,True,False,True,False,False,True,"Water, Dilute Acetic Acid",high,high,0.95
mat-0545,Phosphate-modified Chondroitin Type-745,Chondroitin & Glycosaminoglycans,Recombinant yeast production,"High-purity biomedical grade chondroitin engineered for tissue engineering, drug delivery, and barrier applications.",low,9.21,35.27,0.26,1.66,35.82,105.35,15.67,638.2,372.2,False,2.7,47,71,False,high,True,True,True,Low (<0.1 EU/mg),False,True,True,True,True,True,True,True,True,False,Ethanol/Water 70:30,low,high,0.98
mat-0546,High-MW Starch Type-349,Starch & Modified Starches,Sphingomonas elodea culture,"High-purity biomedical grade starch engineered for tissue engineering, drug delivery, and barrier applications.",med,27.96,64.01,1.22,3.45,10.56,90.88,5.62,816.0,36.8,True,6.23,66,185,False,low,False,False,False,Standard (<0.5 EU/mg),False,True,False,False,True,False,True,True,False,False,Phosphate Buffered Saline,low,med,0.89
mat-0547,"Ultra-Pure Carrageenan (Kappa, Iota, Lambda) Type-821","Carrageenan (Kappa, Iota, Lambda)",Crustacean shells (Crab/Shrimp),"High-purity biomedical grade carrageenan (kappa, iota, lambda) engineered for tissue engineering, drug delivery, and barrier applications.",med,26.78,75.67,3.42,6.82,28.66,90.0,33.51,1208.4,118.4,False,15.66,55,191,False,high,True,True,False,Low (<0.1 EU/mg),False,False,True,False,True,True,True,False,False,True,"DMSO, Water",low,low,0.93
mat-0548,Injectable Grade Agarose Type-765,Agarose & Agars,Corn starch / Potato starch,"High-purity biomedical grade agarose engineered for tissue engineering, drug delivery, and barrier applications.",med,18.72,34.94,0.7,1.21,49.4,95.3,28.87,1755.0,43.7,True,11.67,66,245,True,med,True,True,False,Ultra-Low (<0.05 EU/mg),False,True,False,True,True,True,True,True,False,True,"Water, Dilute Acetic Acid",med,low,0.92
mat-0549,Sulfated Cellulose Type-237,Cellulose & Nanocellulose,Recombinant yeast production,"High-purity biomedical grade cellulose engineered for tissue engineering, drug delivery, and barrier applications.",med,9.1,42.62,2.4,4.32,34.09,125.15,21.33,2016.5,417.7,False,10.86,12,240,False,med,True,True,False,Standard (<0.5 EU/mg),True,True,True,False,False,False,False,False,True,True,Ethanol/Water 70:30,high,high,0.98
mat-0550,Film-Forming Hyaluronic Acid Type-602,Hyaluronic Acid & Hyaluronates,Fungal fermentation (Aspergillus niger),"High-purity biomedical grade hyaluronic acid engineered for tissue engineering, drug delivery, and barrier applications.",med,40.53,46.49,3.39,6.65,57.79,205.71,27.93,1930.3,379.2,False,14.23,11,128,False,low,True,True,False,Standard (<0.5 EU/mg),False,True,False,False,False,True,True,True,False,False,"DMSO, Water",med,low,0.97
mat-0551,Crosslinked Alginate Type-834,Alginate & Salts,Crustacean shells (Crab/Shrimp),"High-purity biomedical grade alginate engineered for tissue engineering, drug delivery, and barrier applications.",med,29.91,39.98,3.34,4.27,50.42,182.69,33.97,587.8,66.2,True,7.06,28,62,False,low,True,True,False,Low (<0.1 EU/mg),True,False,False,False,True,True,False,False,True,True,"Water, Dilute Acetic Acid",high,high,0.92
mat-0552,"Film-Forming Carrageenan (Kappa, Iota, Lambda) Type-821","Carrageenan (Kappa, Iota, Lambda)",Wood pulp / Cotton linters,"High-purity biomedical grade carrageenan (kappa, iota, lambda) engineered for tissue engineering, drug delivery, and barrier applications.",low,13.6,30.78,3.49,4.6,35.3,55.84,22.32,1829.3,146.2,True,3.62,42,294,True,high,True,True,True,Ultra-Low (<0.05 EU/mg),False,False,True,True,True,False,True,False,False,True,Phosphate Buffered Saline,med,low,0.89
mat-0553,Biomedical Grade Chondroitin Type-789,Chondroitin & Glycosaminoglycans,Bacterial fermentation (Streptococcus zooepidemicus),"High-purity biomedical grade chondroitin engineered for tissue engineering, drug delivery, and barrier applications.",low,8.99,38.0,2.21,2.54,21.8,105.42,4.82,1046.5,32.1,True,3.71,58,301,True,low,False,True,True,Standard (<0.5 EU/mg),False,True,False,False,True,True,False,True,False,True,"Water, Dilute Acetic Acid",med,med,0.92
mat-0554,Ultra-Pure Starch Type-161,Starch & Modified Starches,Fungal fermentation (Aspergillus niger),"High-purity biomedical grade starch engineered for tissue engineering, drug delivery, and barrier applications.",med,10.46,58.45,2.01,2.26,48.92,89.19,16.96,595.3,352.6,False,4.08,18,87,True,high,True,True,False,Ultra-Low (<0.05 EU/mg),True,False,False,True,True,True,True,False,False,False,"DMSO, Water",low,med,0.87
mat-0555,Nanofibrillated Hyaluronic Acid Type-927,Hyaluronic Acid & Hyaluronates,Fungal fermentation (Aspergillus niger),"High-purity biomedical grade hyaluronic acid engineered for tissue engineering, drug delivery, and barrier applications.",med,5.25,21.81,0.93,1.33,58.81,184.32,26.95,838.9,356.1,True,4.29,25,86,False,low,True,True,False,Ultra-Low (<0.05 EU/mg),True,True,True,False,False,False,False,True,False,True,Phosphate Buffered Saline,high,low,0.91
mat-0556,Quaternized Xanthan Type-423,Xanthan & Gellan Gums,Fungal fermentation (Aspergillus niger),"High-purity biomedical grade xanthan engineered for tissue engineering, drug delivery, and barrier applications.",med,10.22,33.62,2.32,4.81,21.51,109.52,34.01,1741.2,129.0,False,15.1,52,245,True,med,True,True,False,Low (<0.1 EU/mg),False,True,True,False,False,False,False,False,False,False,"DMSO, Water",low,low,0.92
mat-0557,Hydrogel-Grade Chitosan Type-109,Chitosan & Derivatives,Leuconostoc mesenteroides fermentation,"High-purity biomedical grade chitosan engineered for tissue engineering, drug delivery, and barrier applications.",med,17.48,34.13,1.84,2.92,50.15,138.2,4.47,1476.7,261.6,False,6.1,79,159,True,med,True,True,False,Standard (<0.5 EU/mg),True,False,True,True,False,True,False,False,False,False,"DMSO, Water",low,high,0.87
mat-0558,Phosphate-modified Cellulose Type-640,Cellulose & Nanocellulose,Corn starch / Potato starch,"High-purity biomedical grade cellulose engineered for tissue engineering, drug delivery, and barrier applications.",med,22.27,33.93,3.01,3.85,59.88,97.78,25.85,1762.9,336.7,True,7.24,49,63,True,low,True,True,False,Ultra-Low (<0.05 EU/mg),True,False,False,False,True,True,True,True,True,True,Ethanol/Water 70:30,low,med,0.97
mat-0559,Phosphate-modified Chitosan Type-976,Chitosan & Derivatives,Recombinant yeast production,"High-purity biomedical grade chitosan engineered for tissue engineering, drug delivery, and barrier applications.",low,27.71,66.07,0.62,1.71,42.7,80.92,16.8,2104.4,306.2,False,13.63,86,122,False,low,True,True,True,Low (<0.1 EU/mg),False,False,False,False,True,True,True,True,False,True,Phosphate Buffered Saline,med,low,0.98
mat-0560,Film-Forming Chondroitin Type-350,Chondroitin & Glycosaminoglycans,Red Seaweed (Rhodophyta),"High-purity biomedical grade chondroitin engineered for tissue engineering, drug delivery, and barrier applications.",low,8.84,53.55,1.18,3.9,35.54,97.25,10.18,1327.9,344.1,False,3.72,9,119,False,high,True,True,True,Low (<0.1 EU/mg),False,False,False,True,False,False,False,False,False,False,"DMSO, Water",med,med,0.87
mat-0561,High-MW Chitosan Type-159,Chitosan & Derivatives,Leuconostoc mesenteroides fermentation,"High-purity biomedical grade chitosan engineered for tissue engineering, drug delivery, and barrier applications.",low,40.25,77.7,2.85,5.73,34.65,57.47,18.48,2313.5,297.2,False,11.22,43,57,True,med,True,True,False,Low (<0.1 EU/mg),False,False,False,True,False,True,False,True,False,False,Phosphate Buffered Saline,low,med,1.0
mat-0562,Ultra-Pure Chitosan Type-401,Chitosan & Derivatives,Fungal fermentation (Aspergillus niger),"High-purity biomedical grade chitosan engineered for tissue engineering, drug delivery, and barrier applications.",low,8.79,48.51,3.33,5.63,23.26,110.11,24.5,2354.9,286.5,False,7.01,9,169,False,low,True,True,False,Low (<0.1 EU/mg),True,False,False,False,True,True,True,True,True,True,"DMSO, Water",low,low,0.86
mat-0563,Hydrogel-Grade Chondroitin Type-279,Chondroitin & Glycosaminoglycans,Bacterial fermentation (Streptococcus zooepidemicus),"High-purity biomedical grade chondroitin engineered for tissue engineering, drug delivery, and barrier applications.",high,10.09,48.17,3.25,5.07,24.3,51.81,23.44,771.6,244.2,False,1.39,61,297,False,low,False,True,False,Ultra-Low (<0.05 EU/mg),False,False,True,False,True,True,False,False,True,False,"DMSO, Water",low,low,0.94
mat-0564,Crosslinked Starch Type-107,Starch & Modified Starches,Citrus peel / Apple pomace,"High-purity biomedical grade starch engineered for tissue engineering, drug delivery, and barrier applications.",med,34.74,67.91,0.8,3.78,32.05,62.9,9.37,1462.1,195.6,False,17.99,75,175,True,med,True,True,True,Ultra-Low (<0.05 EU/mg),True,False,False,True,False,False,False,False,False,True,Phosphate Buffered Saline,med,low,0.99
mat-0565,"Hydrogel-Grade Carrageenan (Kappa, Iota, Lambda) Type-552","Carrageenan (Kappa, Iota, Lambda)",Corn starch / Potato starch,"High-purity biomedical grade carrageenan (kappa, iota, lambda) engineered for tissue engineering, drug delivery, and barrier applications.",high,22.68,66.21,1.02,3.59,31.03,157.21,23.69,1508.7,291.2,False,1.45,59,128,False,high,True,False,False,Low (<0.1 EU/mg),True,False,False,True,False,True,False,False,False,True,"Water, Dilute Acetic Acid",low,low,0.9
mat-0566,Sulfated Xanthan Type-963,Xanthan & Gellan Gums,Wood pulp / Cotton linters,"High-purity biomedical grade xanthan engineered for tissue engineering, drug delivery, and barrier applications.",med,35.05,47.41,0.97,4.16,5.95,71.9,24.65,2032.4,292.8,True,14.08,19,285,True,high,True,True,False,Low (<0.1 EU/mg),False,True,False,True,False,False,True,True,False,False,"Water, Dilute Acetic Acid",med,med,0.89
mat-0567,Ultra-Pure Biopolymer Blends Type-455,Biopolymer Blends & Composites,Recombinant yeast production,"High-purity biomedical grade biopolymer blends engineered for tissue engineering, drug delivery, and barrier applications.",low,9.03,16.0,0.41,3.71,25.41,62.86,26.62,343.3,329.5,True,15.7,22,241,True,med,True,False,False,Low (<0.1 EU/mg),False,True,True,False,True,True,True,True,True,True,"Water, Dilute Acetic Acid",high,med,0.93
mat-0568,"Phosphate-modified Carrageenan (Kappa, Iota, Lambda) Type-718","Carrageenan (Kappa, Iota, Lambda)",Crustacean shells (Crab/Shrimp),"High-purity biomedical grade carrageenan (kappa, iota, lambda) engineered for tissue engineering, drug delivery, and barrier applications.",low,37.3,43.76,0.14,1.47,56.52,180.38,9.56,1913.0,228.4,True,11.11,66,292,True,high,True,True,True,Low (<0.1 EU/mg),False,True,False,True,False,False,False,False,True,True,"Water, Dilute Acetic Acid",low,med,0.9
mat-0569,Nanofibrillated Starch Type-269,Starch & Modified Starches,Sphingomonas elodea culture,"High-purity biomedical grade starch engineered for tissue engineering, drug delivery, and barrier applications.",low,23.9,36.39,1.9,5.4,29.4,143.65,17.3,1981.6,273.4,True,13.21,66,137,False,low,True,True,False,Standard (<0.5 EU/mg),False,True,True,True,False,False,False,False,True,True,"DMSO, Water",med,low,0.86
mat-0570,Nanofibrillated Agarose Type-984,Agarose & Agars,Fungal fermentation (Aspergillus niger),"High-purity biomedical grade agarose engineered for tissue engineering, drug delivery, and barrier applications.",high,5.28,46.2,1.96,4.72,44.4,105.69,13.29,2187.8,230.2,True,4.05,39,203,True,low,True,True,True,Low (<0.1 EU/mg),False,True,False,False,False,False,False,False,False,True,"DMSO, Water",med,high,0.95
mat-0571,Sulfated Alginate Type-734,Alginate & Salts,Sphingomonas elodea culture,"High-purity biomedical grade alginate engineered for tissue engineering, drug delivery, and barrier applications.",low,28.12,77.33,3.27,6.12,56.68,198.75,4.5,279.1,60.8,False,16.23,25,237,True,low,True,True,True,Low (<0.1 EU/mg),False,True,False,True,True,True,True,False,False,True,Phosphate Buffered Saline,low,low,0.9
mat-0572,Pharma-Grade Alginate Type-535,Alginate & Salts,Aureobasidium pullulans culture,"High-purity biomedical grade alginate engineered for tissue engineering, drug delivery, and barrier applications.",high,7.98,13.68,3.02,3.4,10.55,148.17,14.13,1841.3,346.0,False,12.93,58,197,True,high,True,True,True,Ultra-Low (<0.05 EU/mg),True,True,True,False,True,True,False,False,False,False,Phosphate Buffered Saline,med,high,0.97
mat-0573,"Injectable Grade Carrageenan (Kappa, Iota, Lambda) Type-534","Carrageenan (Kappa, Iota, Lambda)",Recombinant yeast production,"High-purity biomedical grade carrageenan (kappa, iota, lambda) engineered for tissue engineering, drug delivery, and barrier applications.",high,17.8,33.91,1.25,4.28,55.29,80.85,19.79,329.4,207.6,False,6.74,19,101,True,high,True,True,False,Ultra-Low (<0.05 EU/mg),False,False,True,False,True,False,True,True,False,True,Phosphate Buffered Saline,med,med,0.92
mat-0574,Film-Forming Chondroitin Type-478,Chondroitin & Glycosaminoglycans,Porcine cartilage,"High-purity biomedical grade chondroitin engineered for tissue engineering, drug delivery, and barrier applications.",med,35.93,62.02,0.22,0.67,10.6,85.1,3.55,1325.1,63.9,False,14.73,90,350,True,med,True,True,True,Ultra-Low (<0.05 EU/mg),False,True,True,True,False,False,True,False,False,False,Phosphate Buffered Saline,med,low,0.87
mat-0575,Quaternized Hyaluronic Acid Type-365,Hyaluronic Acid & Hyaluronates,Porcine cartilage,"High-purity biomedical grade hyaluronic acid engineered for tissue engineering, drug delivery, and barrier applications.",high,32.41,55.54,0.6,2.51,35.53,162.28,34.9,1204.4,198.6,True,1.37,90,297,True,low,True,True,False,Low (<0.1 EU/mg),False,True,False,False,False,True,False,True,True,False,"DMSO, Water",high,low,0.91
mat-0576,Pharma-Grade Xanthan Type-130,Xanthan & Gellan Gums,Porcine cartilage,"High-purity biomedical grade xanthan engineered for tissue engineering, drug delivery, and barrier applications.",med,41.74,70.29,1.44,4.22,14.7,121.85,27.64,1976.9,124.3,False,14.44,74,162,False,low,True,True,False,Ultra-Low (<0.05 EU/mg),False,False,False,True,False,True,False,False,False,True,"DMSO, Water",high,high,0.98
mat-0577,Pharma-Grade Dextran Type-447,Dextran & Dextran Esters,Citrus peel / Apple pomace,"High-purity biomedical grade dextran engineered for tissue engineering, drug delivery, and barrier applications.",med,22.45,30.91,2.5,2.8,50.71,134.49,6.43,575.2,102.4,False,13.79,23,270,True,low,True,True,False,Low (<0.1 EU/mg),False,True,True,True,False,False,False,False,True,False,"Water, Dilute Acetic Acid",med,low,0.86
mat-0578,Low-MW Pectin Type-731,Pectin & Pectinates,Leuconostoc mesenteroides fermentation,"High-purity biomedical grade pectin engineered for tissue engineering, drug delivery, and barrier applications.",med,16.56,59.23,1.47,3.77,6.78,41.38,4.97,1148.4,264.6,True,11.02,29,138,True,low,True,False,False,Standard (<0.5 EU/mg),True,True,False,True,False,False,False,True,True,False,"Water, Dilute Acetic Acid",low,med,0.92
mat-0579,Ultra-Pure Biopolymer Blends Type-321,Biopolymer Blends & Composites,Porcine cartilage,"High-purity biomedical grade biopolymer blends engineered for tissue engineering, drug delivery, and barrier applications.",high,21.0,34.73,3.12,3.47,23.83,35.34,2.6,1520.8,101.8,False,15.23,30,173,False,med,True,False,False,Ultra-Low (<0.05 EU/mg),True,False,False,False,True,True,True,True,False,False,Ethanol/Water 70:30,low,low,0.98
mat-0580,"Pharma-Grade Carrageenan (Kappa, Iota, Lambda) Type-727","Carrageenan (Kappa, Iota, Lambda)",Recombinant yeast production,"High-purity biomedical grade carrageenan (kappa, iota, lambda) engineered for tissue engineering, drug delivery, and barrier applications.",high,18.0,54.45,0.84,3.34,12.0,120.1,34.71,1309.2,248.0,True,3.89,80,154,False,low,True,True,False,Standard (<0.5 EU/mg),False,True,True,False,False,False,False,False,True,False,Phosphate Buffered Saline,high,high,0.9
mat-0581,Phosphate-modified Cellulose Type-600,Cellulose & Nanocellulose,Wood pulp / Cotton linters,"High-purity biomedical grade cellulose engineered for tissue engineering, drug delivery, and barrier applications.",med,30.06,51.87,1.64,1.84,52.25,123.13,28.84,1133.9,227.9,False,13.86,9,109,True,high,True,True,True,Low (<0.1 EU/mg),True,True,True,True,False,False,True,True,False,False,"Water, Dilute Acetic Acid",high,low,0.88
mat-0582,Quaternized Hyaluronic Acid Type-297,Hyaluronic Acid & Hyaluronates,Bacterial fermentation (Streptococcus zooepidemicus),"High-purity biomedical grade hyaluronic acid engineered for tissue engineering, drug delivery, and barrier applications.",med,5.26,17.81,1.32,1.67,49.53,186.35,28.48,958.5,438.3,True,11.59,35,221,False,med,True,True,True,Ultra-Low (<0.05 EU/mg),False,True,True,True,True,True,False,True,False,True,"DMSO, Water",low,low,0.97
mat-0583,Quaternized Chitosan Type-677,Chitosan & Derivatives,Sphingomonas elodea culture,"High-purity biomedical grade chitosan engineered for tissue engineering, drug delivery, and barrier applications.",high,44.99,60.36,0.53,4.4,19.82,67.65,6.92,1512.5,205.5,False,13.82,57,231,True,low,True,True,False,Low (<0.1 EU/mg),True,False,False,False,False,False,True,True,True,False,Phosphate Buffered Saline,high,med,0.95
mat-0584,"Crosslinked Carrageenan (Kappa, Iota, Lambda) Type-558","Carrageenan (Kappa, Iota, Lambda)",Citrus peel / Apple pomace,"High-purity biomedical grade carrageenan (kappa, iota, lambda) engineered for tissue engineering, drug delivery, and barrier applications.",med,36.87,68.24,0.71,2.61,43.66,67.64,13.97,1848.0,66.4,False,15.56,42,298,False,low,True,True,False,Ultra-Low (<0.05 EU/mg),False,True,True,True,False,True,False,True,True,True,Phosphate Buffered Saline,high,high,0.98
mat-0585,Quaternized Pectin Type-995,Pectin & Pectinates,Brown Seaweed (Laminaria hyperborea),"High-purity biomedical grade pectin engineered for tissue engineering, drug delivery, and barrier applications.",med,12.64,49.37,0.31,3.14,52.3,111.95,12.15,786.6,326.7,True,2.89,88,155,False,low,True,True,False,Ultra-Low (<0.05 EU/mg),False,True,False,False,True,False,False,True,True,True,Phosphate Buffered Saline,high,med,0.94
mat-0586,Quaternized Xanthan Type-817,Xanthan & Gellan Gums,Leuconostoc mesenteroides fermentation,"High-purity biomedical grade xanthan engineered for tissue engineering, drug delivery, and barrier applications.",high,28.63,66.75,3.4,4.75,34.85,113.82,15.95,1640.0,375.0,True,17.36,37,138,False,med,True,False,False,Low (<0.1 EU/mg),False,False,False,False,False,True,False,False,True,True,Ethanol/Water 70:30,high,med,0.96
mat-0587,Low-MW Dextran Type-514,Dextran & Dextran Esters,Porcine cartilage,"High-purity biomedical grade dextran engineered for tissue engineering, drug delivery, and barrier applications.",low,34.59,51.57,1.74,4.44,47.84,108.58,32.45,2176.3,290.6,False,13.58,17,231,True,high,True,True,True,Low (<0.1 EU/mg),True,False,False,True,False,False,True,False,True,False,Phosphate Buffered Saline,high,low,0.86
mat-0588,Injectable Grade Hyaluronic Acid Type-266,Hyaluronic Acid & Hyaluronates,Bacterial fermentation (Streptococcus zooepidemicus),"High-purity biomedical grade hyaluronic acid engineered for tissue engineering, drug delivery, and barrier applications.",high,8.49,39.13,0.7,0.94,5.74,114.04,15.49,550.1,315.2,True,3.46,58,72,False,med,True,True,False,Ultra-Low (<0.05 EU/mg),True,True,True,False,False,True,True,True,True,True,"Water, Dilute Acetic Acid",high,low,0.89
mat-0589,Crosslinked Biopolymer Blends Type-651,Biopolymer Blends & Composites,Aureobasidium pullulans culture,"High-purity biomedical grade biopolymer blends engineered for tissue engineering, drug delivery, and barrier applications.",low,11.41,54.05,0.42,4.23,17.22,146.52,24.78,1136.7,19.4,True,8.95,11,189,False,med,True,False,False,Low (<0.1 EU/mg),False,False,True,False,False,True,False,True,True,False,Phosphate Buffered Saline,med,low,0.88
mat-0590,High-MW Agarose Type-555,Agarose & Agars,Recombinant yeast production,"High-purity biomedical grade agarose engineered for tissue engineering, drug delivery, and barrier applications.",med,10.86,25.89,0.48,4.42,53.73,173.84,5.34,1660.8,358.7,False,5.96,18,254,False,low,False,True,True,Ultra-Low (<0.05 EU/mg),False,True,True,False,True,False,False,False,False,False,"DMSO, Water",low,med,0.98
mat-0591,Injectable Grade Cellulose Type-357,Cellulose & Nanocellulose,Aureobasidium pullulans culture,"High-purity biomedical grade cellulose engineered for tissue engineering, drug delivery, and barrier applications.",med,29.95,36.98,1.04,2.87,8.82,64.71,12.9,1352.3,204.2,True,15.24,70,180,True,med,True,True,True,Standard (<0.5 EU/mg),True,False,False,False,False,True,False,True,True,False,Ethanol/Water 70:30,med,med,0.97
mat-0592,Film-Forming Pullulan Type-498,Pullulan & Exopolysaccharides,Aureobasidium pullulans culture,"High-purity biomedical grade pullulan engineered for tissue engineering, drug delivery, and barrier applications.",med,27.81,77.69,0.66,4.18,47.5,109.26,9.05,2128.9,70.2,True,5.92,66,168,True,high,True,True,True,Low (<0.1 EU/mg),True,False,True,False,False,False,False,True,True,False,Ethanol/Water 70:30,low,med,0.97
mat-0593,"Ultra-Pure Carrageenan (Kappa, Iota, Lambda) Type-955","Carrageenan (Kappa, Iota, Lambda)",Porcine cartilage,"High-purity biomedical grade carrageenan (kappa, iota, lambda) engineered for tissue engineering, drug delivery, and barrier applications.",low,36.24,62.7,0.36,3.11,7.75,86.17,23.19,1114.8,51.3,True,8.85,73,221,False,low,True,True,True,Standard (<0.5 EU/mg),False,False,False,False,False,False,True,False,True,False,"Water, Dilute Acetic Acid",med,high,0.89
mat-0594,High-MW Chondroitin Type-631,Chondroitin & Glycosaminoglycans,Citrus peel / Apple pomace,"High-purity biomedical grade chondroitin engineered for tissue engineering, drug delivery, and barrier applications.",high,34.86,65.57,3.29,4.06,31.15,138.56,20.82,408.5,351.9,False,6.82,65,276,True,med,False,True,False,Ultra-Low (<0.05 EU/mg),True,False,True,True,True,False,False,False,True,True,"Water, Dilute Acetic Acid",med,med,0.95
mat-0595,Crosslinked Xanthan Type-122,Xanthan & Gellan Gums,Recombinant yeast production,"High-purity biomedical grade xanthan engineered for tissue engineering, drug delivery, and barrier applications.",med,33.03,77.97,0.51,4.26,15.07,50.75,15.25,2165.4,410.9,False,14.24,85,107,False,high,True,True,True,Ultra-Low (<0.05 EU/mg),True,False,False,True,False,True,False,True,False,False,"Water, Dilute Acetic Acid",high,med,0.97
mat-0596,Quaternized Xanthan Type-968,Xanthan & Gellan Gums,Crustacean shells (Crab/Shrimp),"High-purity biomedical grade xanthan engineered for tissue engineering, drug delivery, and barrier applications.",high,30.47,61.17,0.57,1.22,30.05,76.78,30.19,1143.1,318.1,True,10.36,58,298,True,med,True,True,True,Low (<0.1 EU/mg),False,True,True,False,True,True,True,True,False,True,Phosphate Buffered Saline,med,high,0.9
mat-0597,Crosslinked Biopolymer Blends Type-891,Biopolymer Blends & Composites,Porcine cartilage,"High-purity biomedical grade biopolymer blends engineered for tissue engineering, drug delivery, and barrier applications.",med,8.62,46.81,3.23,5.46,50.23,103.34,10.29,1102.3,138.5,True,4.66,82,216,True,high,True,False,True,Standard (<0.5 EU/mg),True,True,False,False,False,False,True,False,True,True,Ethanol/Water 70:30,high,med,0.88
mat-0598,Carboxymethylated Starch Type-721,Starch & Modified Starches,Leuconostoc mesenteroides fermentation,"High-purity biomedical grade starch engineered for tissue engineering, drug delivery, and barrier applications.",low,44.97,60.41,3.2,6.22,20.29,140.38,28.69,1788.8,354.4,True,9.03,75,146,False,med,True,False,True,Ultra-Low (<0.05 EU/mg),False,True,True,False,True,True,False,False,True,True,Ethanol/Water 70:30,low,low,0.99
mat-0599,Ultra-Pure Biopolymer Blends Type-217,Biopolymer Blends & Composites,Red Seaweed (Rhodophyta),"High-purity biomedical grade biopolymer blends engineered for tissue engineering, drug delivery, and barrier applications.",low,28.96,40.98,2.24,2.6,53.39,91.89,18.69,1417.6,237.7,True,8.83,58,148,True,high,False,True,False,Ultra-Low (<0.05 EU/mg),False,False,True,True,False,True,False,True,False,False,"Water, Dilute Acetic Acid",low,med,0.93
mat-0600,Hydrogel-Grade Agarose Type-706,Agarose & Agars,Xanthomonas campestris culture,"High-purity biomedical grade agarose engineered for tissue engineering, drug delivery, and barrier applications.",low,28.99,74.24,3.02,3.87,30.97,95.84,2.02,227.8,68.7,True,5.23,22,269,True,high,True,True,False,Low (<0.1 EU/mg),False,False,False,True,False,False,True,False,False,False,"Water, Dilute Acetic Acid",low,low,0.85
mat-0601,Carboxymethylated Chondroitin Type-929,Chondroitin & Glycosaminoglycans,Xanthomonas campestris culture,"High-purity biomedical grade chondroitin engineered for tissue engineering, drug delivery, and barrier applications.",high,10.7,23.0,3.08,4.1,37.82,129.8,32.95,517.1,108.0,False,5.38,30,180,False,med,True,False,True,Standard (<0.5 EU/mg),False,False,True,True,False,True,False,False,True,False,"Water, Dilute Acetic Acid",med,med,0.88
mat-0602,Sulfated Biopolymer Blends Type-361,Biopolymer Blends & Composites,Leuconostoc mesenteroides fermentation,"High-purity biomedical grade biopolymer blends engineered for tissue engineering, drug delivery, and barrier applications.",high,33.0,74.68,2.79,5.95,20.31,32.59,9.64,1090.3,318.7,True,3.2,79,324,False,low,True,True,False,Ultra-Low (<0.05 EU/mg),True,True,True,True,False,True,False,False,False,False,Ethanol/Water 70:30,high,low,0.87
mat-0603,"Carboxymethylated Carrageenan (Kappa, Iota, Lambda) Type-680","Carrageenan (Kappa, Iota, Lambda)",Recombinant yeast production,"High-purity biomedical grade carrageenan (kappa, iota, lambda) engineered for tissue engineering, drug delivery, and barrier applications.",med,41.45,86.39,3.18,3.89,7.78,53.7,21.76,1059.3,82.9,False,10.67,23,42,False,med,True,False,False,Standard (<0.5 EU/mg),False,True,True,False,False,True,True,True,False,False,"DMSO, Water",high,high,0.92
mat-0604,Methacrylated Dextran Type-725,Dextran & Dextran Esters,Brown Seaweed (Laminaria hyperborea),"High-purity biomedical grade dextran engineered for tissue engineering, drug delivery, and barrier applications.",med,36.24,41.8,0.51,1.68,14.5,97.76,30.54,741.0,277.5,True,2.81,32,143,True,low,False,True,True,Low (<0.1 EU/mg),False,False,True,False,False,True,True,False,True,True,Ethanol/Water 70:30,high,high,0.86
mat-0605,High-MW Pectin Type-117,Pectin & Pectinates,Bacterial fermentation (Streptococcus zooepidemicus),"High-purity biomedical grade pectin engineered for tissue engineering, drug delivery, and barrier applications.",med,28.0,47.46,3.16,6.57,30.85,45.49,22.03,1171.7,154.0,False,6.19,24,189,True,med,True,True,True,Standard (<0.5 EU/mg),True,True,False,True,True,False,False,False,True,False,"DMSO, Water",low,high,0.99
mat-0606,Nanofibrillated Biopolymer Blends Type-936,Biopolymer Blends & Composites,Crustacean shells (Crab/Shrimp),"High-purity biomedical grade biopolymer blends engineered for tissue engineering, drug delivery, and barrier applications.",med,39.29,62.39,0.55,0.77,31.06,92.09,22.54,156.5,280.9,False,2.89,74,308,False,med,True,True,False,Standard (<0.5 EU/mg),False,True,False,True,False,False,False,True,True,False,Phosphate Buffered Saline,low,high,0.88
mat-0607,Phosphate-modified Xanthan Type-423,Xanthan & Gellan Gums,Recombinant yeast production,"High-purity biomedical grade xanthan engineered for tissue engineering, drug delivery, and barrier applications.",med,5.51,32.84,1.79,4.43,9.03,157.71,13.21,680.5,47.9,True,17.43,25,209,True,high,True,True,True,Low (<0.1 EU/mg),True,False,True,False,False,False,False,False,True,False,"DMSO, Water",med,low,0.92
mat-0608,Sulfated Pullulan Type-986,Pullulan & Exopolysaccharides,Brown Seaweed (Laminaria hyperborea),"High-purity biomedical grade pullulan engineered for tissue engineering, drug delivery, and barrier applications.",high,17.61,25.57,3.39,3.61,51.03,118.93,4.05,1929.1,41.4,False,11.78,78,274,True,med,True,False,True,Standard (<0.5 EU/mg),False,True,False,False,False,True,False,True,True,False,"Water, Dilute Acetic Acid",med,med,0.93
mat-0609,Pharma-Grade Alginate Type-854,Alginate & Salts,Porcine cartilage,"High-purity biomedical grade alginate engineered for tissue engineering, drug delivery, and barrier applications.",low,40.81,66.15,1.02,4.26,26.58,87.78,21.68,424.9,185.3,False,15.0,7,46,False,low,True,False,False,Standard (<0.5 EU/mg),False,False,False,True,False,True,True,True,True,True,"Water, Dilute Acetic Acid",high,low,0.94
mat-0610,Injectable Grade Agarose Type-264,Agarose & Agars,Porcine cartilage,"High-purity biomedical grade agarose engineered for tissue engineering, drug delivery, and barrier applications.",high,34.26,49.99,1.36,4.68,35.51,141.34,10.84,2434.4,337.2,False,10.17,8,99,False,med,True,True,True,Ultra-Low (<0.05 EU/mg),False,False,True,True,True,False,False,True,True,True,Phosphate Buffered Saline,high,med,0.89
mat-0611,Nanofibrillated Chitosan Type-619,Chitosan & Derivatives,Crustacean shells (Crab/Shrimp),"High-purity biomedical grade chitosan engineered for tissue engineering, drug delivery, and barrier applications.",high,38.62,65.55,1.82,5.69,35.71,184.65,2.93,545.2,440.8,True,11.27,85,146,False,low,True,True,False,Low (<0.1 EU/mg),False,False,True,True,False,False,False,True,False,True,"DMSO, Water",low,low,0.95
mat-0612,Phosphate-modified Alginate Type-771,Alginate & Salts,Corn starch / Potato starch,"High-purity biomedical grade alginate engineered for tissue engineering, drug delivery, and barrier applications.",low,44.77,85.71,2.39,3.19,5.99,47.61,31.82,1743.6,219.5,False,7.3,42,207,False,high,True,True,False,Standard (<0.5 EU/mg),True,True,True,False,True,False,False,True,False,True,Ethanol/Water 70:30,med,med,0.97
mat-0613,Low-MW Agarose Type-993,Agarose & Agars,Corn starch / Potato starch,"High-purity biomedical grade agarose engineered for tissue engineering, drug delivery, and barrier applications.",low,18.07,57.22,1.38,1.59,17.76,29.67,26.59,323.1,245.2,True,3.38,69,312,True,low,False,True,True,Low (<0.1 EU/mg),False,True,True,False,False,True,False,True,False,True,Phosphate Buffered Saline,high,high,0.98
mat-0614,Biomedical Grade Alginate Type-748,Alginate & Salts,Corn starch / Potato starch,"High-purity biomedical grade alginate engineered for tissue engineering, drug delivery, and barrier applications.",med,5.32,34.85,0.51,3.98,37.27,130.2,34.61,288.0,335.9,True,3.61,24,49,False,med,True,True,False,Ultra-Low (<0.05 EU/mg),False,False,True,True,True,False,True,True,False,True,Phosphate Buffered Saline,med,med,0.99
mat-0615,Hydrogel-Grade Dextran Type-402,Dextran & Dextran Esters,Xanthomonas campestris culture,"High-purity biomedical grade dextran engineered for tissue engineering, drug delivery, and barrier applications.",med,37.45,86.62,2.11,2.83,22.55,137.15,33.75,811.6,135.5,False,4.98,18,95,True,high,True,True,False,Ultra-Low (<0.05 EU/mg),False,True,False,False,False,False,False,True,True,False,Phosphate Buffered Saline,low,med,0.94
mat-0616,Quaternized Chitosan Type-816,Chitosan & Derivatives,Corn starch / Potato starch,"High-purity biomedical grade chitosan engineered for tissue engineering, drug delivery, and barrier applications.",med,14.39,55.91,0.45,2.25,12.67,98.52,2.52,174.6,207.5,True,13.93,58,80,True,low,True,False,True,Ultra-Low (<0.05 EU/mg),True,True,False,True,True,True,False,True,True,False,"DMSO, Water",low,med,0.91
mat-0617,Nanofibrillated Starch Type-550,Starch & Modified Starches,Aureobasidium pullulans culture,"High-purity biomedical grade starch engineered for tissue engineering, drug delivery, and barrier applications.",low,10.16,26.66,0.36,1.49,22.95,94.88,10.39,1817.7,436.2,False,4.79,47,300,True,med,True,True,False,Low (<0.1 EU/mg),False,False,False,False,True,False,False,False,True,True,Phosphate Buffered Saline,med,high,0.94
mat-0618,Biomedical Grade Pectin Type-786,Pectin & Pectinates,Leuconostoc mesenteroides fermentation,"High-purity biomedical grade pectin engineered for tissue engineering, drug delivery, and barrier applications.",med,26.88,32.19,2.43,2.82,15.22,59.22,26.49,1273.9,218.6,True,10.31,38,55,True,high,True,True,True,Ultra-Low (<0.05 EU/mg),True,True,True,True,False,True,True,True,False,False,Ethanol/Water 70:30,low,low,0.98
mat-0619,Quaternized Hyaluronic Acid Type-345,Hyaluronic Acid & Hyaluronates,Porcine cartilage,"High-purity biomedical grade hyaluronic acid engineered for tissue engineering, drug delivery, and barrier applications.",low,20.79,61.97,3.38,5.01,52.27,153.65,10.15,1182.3,414.1,True,4.96,75,262,True,low,True,True,True,Low (<0.1 EU/mg),False,True,True,False,True,True,True,False,False,True,Phosphate Buffered Saline,med,med,0.95
mat-0620,"Phosphate-modified Carrageenan (Kappa, Iota, Lambda) Type-637","Carrageenan (Kappa, Iota, Lambda)",Brown Seaweed (Laminaria hyperborea),"High-purity biomedical grade carrageenan (kappa, iota, lambda) engineered for tissue engineering, drug delivery, and barrier applications.",high,5.36,40.63,1.23,2.65,9.63,137.61,24.62,448.1,181.2,False,6.64,79,128,True,high,False,True,True,Ultra-Low (<0.05 EU/mg),False,True,True,True,True,False,True,True,False,False,"DMSO, Water",med,low,0.88
mat-0621,Sulfated Alginate Type-843,Alginate & Salts,Leuconostoc mesenteroides fermentation,"High-purity biomedical grade alginate engineered for tissue engineering, drug delivery, and barrier applications.",med,6.35,29.28,3.26,6.23,6.56,128.93,1.62,1462.5,33.0,False,14.6,49,223,True,high,True,True,False,Low (<0.1 EU/mg),True,False,False,True,True,False,False,True,False,False,Ethanol/Water 70:30,high,low,0.91
mat-0622,Low-MW Agarose Type-480,Agarose & Agars,Aureobasidium pullulans culture,"High-purity biomedical grade agarose engineered for tissue engineering, drug delivery, and barrier applications.",high,38.67,63.01,0.64,4.04,18.48,85.16,28.46,1706.5,167.0,False,16.04,40,264,True,med,True,True,False,Standard (<0.5 EU/mg),True,True,True,False,False,True,False,False,True,False,Ethanol/Water 70:30,low,med,0.94
mat-0623,Biomedical Grade Biopolymer Blends Type-312,Biopolymer Blends & Composites,Brown Seaweed (Laminaria hyperborea),"High-purity biomedical grade biopolymer blends engineered for tissue engineering, drug delivery, and barrier applications.",high,36.0,60.64,0.84,1.54,17.23,109.9,31.42,388.4,54.4,True,12.3,20,202,False,high,False,True,True,Standard (<0.5 EU/mg),True,True,False,False,True,True,True,False,False,False,Phosphate Buffered Saline,high,low,0.9
mat-0624,Methacrylated Chondroitin Type-864,Chondroitin & Glycosaminoglycans,Leuconostoc mesenteroides fermentation,"High-purity biomedical grade chondroitin engineered for tissue engineering, drug delivery, and barrier applications.",med,7.57,35.67,1.8,2.54,58.09,96.79,19.12,1433.2,222.6,False,12.24,44,92,False,high,True,True,False,Low (<0.1 EU/mg),False,False,False,False,False,False,False,True,False,False,"DMSO, Water",high,med,0.94
mat-0625,Sulfated Biopolymer Blends Type-297,Biopolymer Blends & Composites,Xanthomonas campestris culture,"High-purity biomedical grade biopolymer blends engineered for tissue engineering, drug delivery, and barrier applications.",med,43.84,87.37,3.02,4.91,16.07,138.63,3.2,1426.1,262.5,True,8.21,56,275,True,low,True,True,False,Standard (<0.5 EU/mg),False,False,False,False,False,False,False,False,False,False,Ethanol/Water 70:30,low,low,0.89
mat-0626,Carboxymethylated Agarose Type-105,Agarose & Agars,Crustacean shells (Crab/Shrimp),"High-purity biomedical grade agarose engineered for tissue engineering, drug delivery, and barrier applications.",low,25.95,46.14,2.78,4.56,34.2,62.79,24.39,989.9,192.5,False,5.49,20,112,True,med,True,True,False,Standard (<0.5 EU/mg),False,False,True,True,True,True,False,False,True,True,Ethanol/Water 70:30,med,low,0.96
mat-0627,Ultra-Pure Dextran Type-351,Dextran & Dextran Esters,Corn starch / Potato starch,"High-purity biomedical grade dextran engineered for tissue engineering, drug delivery, and barrier applications.",low,40.28,58.7,3.28,4.06,16.67,116.69,3.54,256.3,315.2,True,10.28,75,203,True,high,True,True,True,Ultra-Low (<0.05 EU/mg),True,False,True,False,False,False,True,False,False,True,Ethanol/Water 70:30,low,low,0.9
mat-0628,"Carboxymethylated Carrageenan (Kappa, Iota, Lambda) Type-639","Carrageenan (Kappa, Iota, Lambda)",Crustacean shells (Crab/Shrimp),"High-purity biomedical grade carrageenan (kappa, iota, lambda) engineered for tissue engineering, drug delivery, and barrier applications.",med,41.57,67.45,1.3,4.43,46.35,125.25,34.59,2438.2,16.2,False,9.57,88,216,False,high,True,True,False,Standard (<0.5 EU/mg),True,True,False,True,True,False,False,True,True,True,"Water, Dilute Acetic Acid",med,high,0.94
mat-0629,Low-MW Biopolymer Blends Type-440,Biopolymer Blends & Composites,Leuconostoc mesenteroides fermentation,"High-purity biomedical grade biopolymer blends engineered for tissue engineering, drug delivery, and barrier applications.",med,38.66,44.45,0.75,2.14,7.25,30.74,26.43,1712.7,217.3,False,8.93,85,286,True,high,True,True,False,Ultra-Low (<0.05 EU/mg),True,True,True,True,False,False,False,True,False,True,Phosphate Buffered Saline,high,low,0.88
mat-0630,Ultra-Pure Agarose Type-854,Agarose & Agars,Xanthomonas campestris culture,"High-purity biomedical grade agarose engineered for tissue engineering, drug delivery, and barrier applications.",med,26.95,64.19,2.67,3.5,28.1,105.38,32.59,643.0,383.7,False,4.43,7,217,False,low,True,True,False,Standard (<0.5 EU/mg),True,False,True,True,False,True,False,True,False,False,Ethanol/Water 70:30,high,med,0.91
mat-0631,Phosphate-modified Pullulan Type-956,Pullulan & Exopolysaccharides,Crustacean shells (Crab/Shrimp),"High-purity biomedical grade pullulan engineered for tissue engineering, drug delivery, and barrier applications.",high,42.11,57.71,1.66,2.41,40.96,67.63,22.43,2372.7,21.9,True,16.05,36,291,True,low,True,True,False,Ultra-Low (<0.05 EU/mg),False,False,True,False,False,False,False,False,True,False,"DMSO, Water",med,med,0.9
mat-0632,"Nanofibrillated Carrageenan (Kappa, Iota, Lambda) Type-179","Carrageenan (Kappa, Iota, Lambda)",Recombinant yeast production,"High-purity biomedical grade carrageenan (kappa, iota, lambda) engineered for tissue engineering, drug delivery, and barrier applications.",high,26.79,59.88,0.24,2.16,16.56,98.55,13.32,302.3,227.4,True,10.57,45,248,False,low,True,True,False,Standard (<0.5 EU/mg),False,False,True,True,True,True,False,False,True,True,Phosphate Buffered Saline,high,med,0.95
mat-0633,High-MW Hyaluronic Acid Type-746,Hyaluronic Acid & Hyaluronates,Porcine cartilage,"High-purity biomedical grade hyaluronic acid engineered for tissue engineering, drug delivery, and barrier applications.",med,6.11,49.35,2.61,4.89,49.4,73.37,32.6,1670.5,247.6,False,15.44,19,101,True,high,True,True,False,Standard (<0.5 EU/mg),True,True,True,False,True,True,False,True,True,False,Phosphate Buffered Saline,low,med,0.99
mat-0634,Biomedical Grade Pullulan Type-969,Pullulan & Exopolysaccharides,Corn starch / Potato starch,"High-purity biomedical grade pullulan engineered for tissue engineering, drug delivery, and barrier applications.",med,29.3,54.74,0.26,3.17,7.43,86.15,16.92,1593.3,389.4,True,17.94,31,218,False,high,True,True,False,Standard (<0.5 EU/mg),True,True,True,True,False,False,False,True,False,False,"Water, Dilute Acetic Acid",med,low,0.95
mat-0635,Methacrylated Pullulan Type-732,Pullulan & Exopolysaccharides,Aureobasidium pullulans culture,"High-purity biomedical grade pullulan engineered for tissue engineering, drug delivery, and barrier applications.",med,34.57,62.82,2.52,3.78,7.46,68.93,18.55,641.7,437.6,False,2.27,68,108,True,low,False,False,False,Low (<0.1 EU/mg),True,False,False,True,False,False,True,True,False,False,"DMSO, Water",high,low,0.98
mat-0636,Crosslinked Hyaluronic Acid Type-754,Hyaluronic Acid & Hyaluronates,Wood pulp / Cotton linters,"High-purity biomedical grade hyaluronic acid engineered for tissue engineering, drug delivery, and barrier applications.",high,30.1,51.17,1.84,3.04,58.7,149.13,11.33,2300.2,445.5,False,13.39,61,227,True,low,True,False,False,Ultra-Low (<0.05 EU/mg),True,False,True,True,False,False,False,False,True,True,"DMSO, Water",low,low,0.93
mat-0637,Injectable Grade Pullulan Type-860,Pullulan & Exopolysaccharides,Bacterial fermentation (Streptococcus zooepidemicus),"High-purity biomedical grade pullulan engineered for tissue engineering, drug delivery, and barrier applications.",high,10.47,52.81,1.23,2.83,43.79,96.39,6.98,2080.9,109.7,False,2.72,54,103,False,high,True,True,False,Ultra-Low (<0.05 EU/mg),True,False,True,False,False,False,False,False,False,True,"Water, Dilute Acetic Acid",med,high,0.94
mat-0638,Nanofibrillated Starch Type-390,Starch & Modified Starches,Xanthomonas campestris culture,"High-purity biomedical grade starch engineered for tissue engineering, drug delivery, and barrier applications.",low,30.08,47.13,3.27,7.0,11.32,30.23,1.6,180.9,81.1,True,2.49,19,240,True,high,True,True,False,Low (<0.1 EU/mg),False,False,False,False,True,False,True,False,False,False,"Water, Dilute Acetic Acid",high,low,0.94
mat-0639,Film-Forming Chondroitin Type-228,Chondroitin & Glycosaminoglycans,Leuconostoc mesenteroides fermentation,"High-purity biomedical grade chondroitin engineered for tissue engineering, drug delivery, and barrier applications.",med,31.58,81.44,3.4,6.53,6.58,37.8,33.72,1640.9,436.5,True,10.86,89,299,True,low,True,True,True,Ultra-Low (<0.05 EU/mg),True,False,False,False,False,True,True,True,False,False,Phosphate Buffered Saline,med,low,0.97
mat-0640,Low-MW Chitosan Type-912,Chitosan & Derivatives,Recombinant yeast production,"High-purity biomedical grade chitosan engineered for tissue engineering, drug delivery, and barrier applications.",high,10.35,46.8,0.85,3.38,34.93,55.06,34.62,1854.2,437.7,True,16.17,69,266,True,low,True,True,True,Low (<0.1 EU/mg),False,False,False,True,False,False,True,True,True,True,Ethanol/Water 70:30,low,med,0.9
mat-0641,Hydrogel-Grade Agarose Type-469,Agarose & Agars,Corn starch / Potato starch,"High-purity biomedical grade agarose engineered for tissue engineering, drug delivery, and barrier applications.",high,10.6,52.01,2.87,3.49,26.11,104.66,5.8,662.7,259.7,False,13.55,89,298,False,med,True,True,True,Standard (<0.5 EU/mg),False,False,False,True,False,True,True,True,False,True,Phosphate Buffered Saline,high,med,0.9
mat-0642,Pharma-Grade Chondroitin Type-313,Chondroitin & Glycosaminoglycans,Recombinant yeast production,"High-purity biomedical grade chondroitin engineered for tissue engineering, drug delivery, and barrier applications.",high,43.74,83.82,3.25,4.42,35.21,112.57,7.55,2289.9,110.6,True,6.25,37,170,True,med,False,True,False,Standard (<0.5 EU/mg),True,False,False,False,True,True,False,True,True,False,"DMSO, Water",high,high,0.92
mat-0643,Crosslinked Starch Type-165,Starch & Modified Starches,Brown Seaweed (Laminaria hyperborea),"High-purity biomedical grade starch engineered for tissue engineering, drug delivery, and barrier applications.",high,5.32,10.95,1.2,2.33,32.26,103.22,4.67,606.7,317.3,False,9.63,14,79,False,low,True,True,True,Low (<0.1 EU/mg),True,False,True,False,False,False,True,True,True,False,"Water, Dilute Acetic Acid",high,med,0.86
mat-0644,"Biomedical Grade Carrageenan (Kappa, Iota, Lambda) Type-515","Carrageenan (Kappa, Iota, Lambda)",Xanthomonas campestris culture,"High-purity biomedical grade carrageenan (kappa, iota, lambda) engineered for tissue engineering, drug delivery, and barrier applications.",med,21.93,32.73,2.69,6.08,27.36,114.07,29.57,485.6,198.2,True,5.31,16,220,False,low,True,True,False,Low (<0.1 EU/mg),True,True,True,True,False,False,False,True,False,True,Phosphate Buffered Saline,med,high,0.86
mat-0645,Injectable Grade Pectin Type-257,Pectin & Pectinates,Crustacean shells (Crab/Shrimp),"High-purity biomedical grade pectin engineered for tissue engineering, drug delivery, and barrier applications.",med,24.22,33.86,0.36,1.78,37.39,67.22,4.7,2170.8,196.7,True,4.66,73,159,True,low,True,True,True,Ultra-Low (<0.05 EU/mg),True,True,True,True,True,False,False,True,True,True,"Water, Dilute Acetic Acid",low,low,0.96
mat-0646,Nanofibrillated Pectin Type-414,Pectin & Pectinates,Bacterial fermentation (Streptococcus zooepidemicus),"High-purity biomedical grade pectin engineered for tissue engineering, drug delivery, and barrier applications.",med,9.04,24.29,0.69,1.58,25.84,172.04,28.19,522.1,332.5,False,6.84,59,218,False,low,True,True,True,Ultra-Low (<0.05 EU/mg),False,False,True,True,False,False,False,True,False,True,"Water, Dilute Acetic Acid",high,high,0.99
mat-0647,Sulfated Cellulose Type-868,Cellulose & Nanocellulose,Red Seaweed (Rhodophyta),"High-purity biomedical grade cellulose engineered for tissue engineering, drug delivery, and barrier applications.",med,23.94,69.66,2.89,4.14,36.51,135.69,13.58,1611.3,375.4,False,8.0,18,203,True,med,False,True,False,Standard (<0.5 EU/mg),True,False,False,False,True,False,True,True,False,False,Ethanol/Water 70:30,low,med,0.92
mat-0648,Crosslinked Starch Type-355,Starch & Modified Starches,Corn starch / Potato starch,"High-purity biomedical grade starch engineered for tissue engineering, drug delivery, and barrier applications.",high,32.92,45.09,3.09,6.24,57.19,196.52,14.69,1841.2,303.4,False,4.7,81,303,True,high,True,True,False,Standard (<0.5 EU/mg),True,True,False,True,False,False,True,False,True,False,"DMSO, Water",low,low,0.95
mat-0649,Pharma-Grade Xanthan Type-528,Xanthan & Gellan Gums,Bacterial fermentation (Streptococcus zooepidemicus),"High-purity biomedical grade xanthan engineered for tissue engineering, drug delivery, and barrier applications.",high,26.88,41.99,1.02,4.79,20.76,107.55,18.26,1158.5,304.3,True,8.14,19,234,True,med,True,True,True,Standard (<0.5 EU/mg),True,False,True,False,True,True,True,False,True,False,"Water, Dilute Acetic Acid",low,low,0.85
mat-0650,Crosslinked Biopolymer Blends Type-585,Biopolymer Blends & Composites,Brown Seaweed (Laminaria hyperborea),"High-purity biomedical grade biopolymer blends engineered for tissue engineering, drug delivery, and barrier applications.",med,23.86,36.33,2.92,3.14,10.25,95.33,15.69,1282.6,253.7,True,10.54,24,235,False,high,True,True,True,Ultra-Low (<0.05 EU/mg),False,True,False,False,False,True,False,False,True,True,"DMSO, Water",high,med,0.9
mat-0651,Crosslinked Agarose Type-935,Agarose & Agars,Bacterial fermentation (Streptococcus zooepidemicus),"High-purity biomedical grade agarose engineered for tissue engineering, drug delivery, and barrier applications.",med,23.4,62.06,2.09,5.35,39.68,91.76,8.71,2078.5,125.4,True,17.89,21,127,False,high,False,True,False,Low (<0.1 EU/mg),False,False,True,False,True,True,False,True,True,True,"Water, Dilute Acetic Acid",med,low,0.88
mat-0652,Injectable Grade Biopolymer Blends Type-684,Biopolymer Blends & Composites,Crustacean shells (Crab/Shrimp),"High-purity biomedical grade biopolymer blends engineered for tissue engineering, drug delivery, and barrier applications.",low,36.04,52.15,2.15,5.13,6.86,122.47,8.02,694.3,437.7,True,9.2,60,320,True,high,True,True,True,Standard (<0.5 EU/mg),False,True,True,True,False,False,True,True,True,False,"Water, Dilute Acetic Acid",low,med,0.85
mat-0653,Phosphate-modified Pectin Type-770,Pectin & Pectinates,Sphingomonas elodea culture,"High-purity biomedical grade pectin engineered for tissue engineering, drug delivery, and barrier applications.",med,31.31,71.03,0.26,1.64,54.44,87.06,32.05,503.7,257.2,False,15.53,22,242,True,high,False,False,False,Low (<0.1 EU/mg),False,True,True,True,False,False,False,False,True,True,Phosphate Buffered Saline,med,low,0.86
mat-0654,Pharma-Grade Chitosan Type-589,Chitosan & Derivatives,Aureobasidium pullulans culture,"High-purity biomedical grade chitosan engineered for tissue engineering, drug delivery, and barrier applications.",high,8.85,51.53,3.26,3.84,55.64,119.14,4.17,1999.9,53.5,True,14.48,21,139,True,high,True,True,False,Low (<0.1 EU/mg),True,False,False,True,True,True,False,True,True,True,"DMSO, Water",high,med,0.9
mat-0655,Hydrogel-Grade Dextran Type-813,Dextran & Dextran Esters,Fungal fermentation (Aspergillus niger),"High-purity biomedical grade dextran engineered for tissue engineering, drug delivery, and barrier applications.",high,29.3,77.94,1.72,3.86,32.0,83.24,15.86,1572.2,115.1,True,1.83,88,357,False,high,False,True,True,Standard (<0.5 EU/mg),False,True,True,True,True,False,False,True,True,True,"Water, Dilute Acetic Acid",med,low,0.9
mat-0656,Phosphate-modified Agarose Type-779,Agarose & Agars,Corn starch / Potato starch,"High-purity biomedical grade agarose engineered for tissue engineering, drug delivery, and barrier applications.",high,12.42,20.41,1.96,5.25,23.54,173.31,7.38,1691.6,335.4,True,1.23,88,288,False,med,True,True,False,Standard (<0.5 EU/mg),False,False,False,False,False,True,True,True,False,True,Ethanol/Water 70:30,med,med,0.9
mat-0657,Hydrogel-Grade Xanthan Type-511,Xanthan & Gellan Gums,Bacterial fermentation (Streptococcus zooepidemicus),"High-purity biomedical grade xanthan engineered for tissue engineering, drug delivery, and barrier applications.",med,36.13,54.46,0.6,4.56,29.65,141.07,16.77,1065.8,68.6,False,8.01,10,156,False,low,True,True,True,Standard (<0.5 EU/mg),False,True,True,True,False,False,True,False,True,False,"Water, Dilute Acetic Acid",low,low,1.0
mat-0658,Sulfated Agarose Type-654,Agarose & Agars,Aureobasidium pullulans culture,"High-purity biomedical grade agarose engineered for tissue engineering, drug delivery, and barrier applications.",low,15.88,64.62,2.68,4.73,34.5,45.58,15.16,601.6,326.9,True,7.1,27,112,True,low,True,True,False,Ultra-Low (<0.05 EU/mg),True,False,False,False,True,True,False,False,True,True,Ethanol/Water 70:30,low,low,0.96
mat-0659,Carboxymethylated Pullulan Type-563,Pullulan & Exopolysaccharides,Aureobasidium pullulans culture,"High-purity biomedical grade pullulan engineered for tissue engineering, drug delivery, and barrier applications.",high,14.13,59.18,0.45,1.09,18.55,121.93,29.17,2372.4,148.3,False,17.45,63,151,True,high,True,True,False,Ultra-Low (<0.05 EU/mg),False,True,False,False,True,False,True,True,True,True,"Water, Dilute Acetic Acid",low,med,0.87
mat-0660,Hydrogel-Grade Pectin Type-987,Pectin & Pectinates,Sphingomonas elodea culture,"High-purity biomedical grade pectin engineered for tissue engineering, drug delivery, and barrier applications.",high,14.7,23.17,1.23,4.31,48.27,129.75,31.86,2335.1,125.6,False,10.54,65,226,True,high,True,True,False,Standard (<0.5 EU/mg),True,True,False,True,False,False,True,True,False,True,Phosphate Buffered Saline,low,low,0.97
mat-0661,"Pharma-Grade Carrageenan (Kappa, Iota, Lambda) Type-835","Carrageenan (Kappa, Iota, Lambda)",Red Seaweed (Rhodophyta),"High-purity biomedical grade carrageenan (kappa, iota, lambda) engineered for tissue engineering, drug delivery, and barrier applications.",med,41.71,57.49,2.55,5.02,5.76,129.76,20.01,2400.9,412.6,False,11.15,46,70,False,low,True,True,False,Standard (<0.5 EU/mg),False,True,False,False,True,False,True,False,True,True,"DMSO, Water",med,med,0.92
mat-0662,Methacrylated Cellulose Type-874,Cellulose & Nanocellulose,Wood pulp / Cotton linters,"High-purity biomedical grade cellulose engineered for tissue engineering, drug delivery, and barrier applications.",med,40.75,49.48,1.18,3.07,10.13,51.3,23.74,312.4,268.6,True,3.55,35,59,False,low,True,True,False,Standard (<0.5 EU/mg),False,False,False,False,False,False,True,False,True,False,Phosphate Buffered Saline,low,high,0.87
mat-0663,Low-MW Pectin Type-317,Pectin & Pectinates,Wood pulp / Cotton linters,"High-purity biomedical grade pectin engineered for tissue engineering, drug delivery, and barrier applications.",med,35.67,53.0,1.64,2.32,11.08,67.42,9.76,2201.8,274.2,False,10.18,47,295,False,high,False,True,False,Standard (<0.5 EU/mg),False,True,True,False,True,False,False,True,True,True,Phosphate Buffered Saline,high,low,0.94
mat-0664,Biomedical Grade Starch Type-714,Starch & Modified Starches,Wood pulp / Cotton linters,"High-purity biomedical grade starch engineered for tissue engineering, drug delivery, and barrier applications.",med,42.24,85.41,1.2,3.44,49.57,133.12,9.08,806.9,411.1,True,11.37,57,165,True,med,True,True,False,Standard (<0.5 EU/mg),True,True,True,False,True,False,False,True,True,False,Phosphate Buffered Saline,high,low,0.98
mat-0665,Phosphate-modified Agarose Type-314,Agarose & Agars,Red Seaweed (Rhodophyta),"High-purity biomedical grade agarose engineered for tissue engineering, drug delivery, and barrier applications.",high,38.37,61.2,3.45,6.76,46.33,192.29,5.56,692.0,79.0,True,6.27,52,69,True,low,True,True,False,Low (<0.1 EU/mg),True,True,True,False,True,False,False,True,True,True,"Water, Dilute Acetic Acid",high,low,0.88
mat-0666,"Biomedical Grade Carrageenan (Kappa, Iota, Lambda) Type-449","Carrageenan (Kappa, Iota, Lambda)",Corn starch / Potato starch,"High-purity biomedical grade carrageenan (kappa, iota, lambda) engineered for tissue engineering, drug delivery, and barrier applications.",low,10.85,53.73,1.38,4.31,20.44,99.35,18.72,1015.9,436.7,False,1.24,64,151,True,low,True,True,False,Low (<0.1 EU/mg),True,True,True,False,False,False,True,False,False,False,Ethanol/Water 70:30,med,high,0.89
mat-0667,Methacrylated Cellulose Type-113,Cellulose & Nanocellulose,Porcine cartilage,"High-purity biomedical grade cellulose engineered for tissue engineering, drug delivery, and barrier applications.",high,29.6,77.12,1.3,4.08,43.46,68.08,4.19,1210.7,229.5,False,13.15,50,93,False,low,True,True,False,Low (<0.1 EU/mg),True,True,True,True,False,False,True,False,True,True,Phosphate Buffered Saline,low,low,0.86
mat-0668,Sulfated Alginate Type-589,Alginate & Salts,Xanthomonas campestris culture,"High-purity biomedical grade alginate engineered for tissue engineering, drug delivery, and barrier applications.",med,42.09,48.17,2.24,4.26,28.52,85.46,6.04,616.3,224.0,False,11.04,16,100,False,high,True,True,False,Ultra-Low (<0.05 EU/mg),True,False,True,True,False,True,False,True,True,True,"Water, Dilute Acetic Acid",high,low,0.92
mat-0669,Injectable Grade Starch Type-351,Starch & Modified Starches,Aureobasidium pullulans culture,"High-purity biomedical grade starch engineered for tissue engineering, drug delivery, and barrier applications.",high,27.58,63.94,3.07,5.94,9.02,39.07,16.15,1558.7,285.6,False,7.58,33,111,False,high,True,True,False,Low (<0.1 EU/mg),False,False,False,True,False,True,True,True,True,True,Ethanol/Water 70:30,high,low,0.97
mat-0670,Quaternized Biopolymer Blends Type-267,Biopolymer Blends & Composites,Sphingomonas elodea culture,"High-purity biomedical grade biopolymer blends engineered for tissue engineering, drug delivery, and barrier applications.",med,16.71,41.11,3.04,6.57,52.93,114.56,28.48,1296.5,447.1,False,17.04,35,176,False,med,True,True,False,Standard (<0.5 EU/mg),False,False,False,False,False,False,True,True,False,False,Ethanol/Water 70:30,low,low,0.9
mat-0671,Low-MW Xanthan Type-422,Xanthan & Gellan Gums,Crustacean shells (Crab/Shrimp),"High-purity biomedical grade xanthan engineered for tissue engineering, drug delivery, and barrier applications.",high,28.14,76.82,1.52,3.18,56.08,186.3,6.29,1729.6,391.2,True,13.81,60,326,True,high,False,True,False,Standard (<0.5 EU/mg),False,True,False,False,True,True,True,True,False,False,Ethanol/Water 70:30,low,low,0.87
mat-0672,Carboxymethylated Cellulose Type-605,Cellulose & Nanocellulose,Red Seaweed (Rhodophyta),"High-purity biomedical grade cellulose engineered for tissue engineering, drug delivery, and barrier applications.",med,39.28,86.35,2.48,5.45,5.34,142.84,34.08,1849.1,214.0,True,7.48,73,236,True,med,True,True,False,Low (<0.1 EU/mg),True,False,False,True,True,True,False,True,True,False,Ethanol/Water 70:30,low,high,0.99
mat-0673,Sulfated Dextran Type-884,Dextran & Dextran Esters,Sphingomonas elodea culture,"High-purity biomedical grade dextran engineered for tissue engineering, drug delivery, and barrier applications.",med,20.82,44.13,0.85,1.58,52.46,199.59,18.93,621.1,59.6,True,16.04,26,53,True,high,True,True,False,Low (<0.1 EU/mg),False,False,True,True,True,False,False,False,True,True,"DMSO, Water",med,high,0.96
mat-0674,Pharma-Grade Alginate Type-311,Alginate & Salts,Corn starch / Potato starch,"High-purity biomedical grade alginate engineered for tissue engineering, drug delivery, and barrier applications.",low,18.42,53.89,2.16,3.45,28.92,167.16,5.96,1471.4,173.0,False,5.9,13,85,True,low,True,True,False,Standard (<0.5 EU/mg),True,False,True,True,True,True,False,False,False,True,"DMSO, Water",med,high,0.96
mat-0675,Biomedical Grade Chondroitin Type-161,Chondroitin & Glycosaminoglycans,Leuconostoc mesenteroides fermentation,"High-purity biomedical grade chondroitin engineered for tissue engineering, drug delivery, and barrier applications.",high,13.67,42.25,1.83,4.46,45.05,60.05,10.05,310.1,134.0,False,5.27,51,272,False,high,True,True,False,Low (<0.1 EU/mg),True,False,True,False,False,False,False,False,True,True,"Water, Dilute Acetic Acid",high,high,0.85
mat-0676,Nanofibrillated Agarose Type-425,Agarose & Agars,Corn starch / Potato starch,"High-purity biomedical grade agarose engineered for tissue engineering, drug delivery, and barrier applications.",med,9.4,52.24,1.63,2.83,10.02,149.82,2.75,2238.2,357.7,True,8.0,84,202,False,high,True,True,True,Ultra-Low (<0.05 EU/mg),False,False,True,True,False,False,False,False,True,True,Phosphate Buffered Saline,med,low,0.92
mat-0677,Pharma-Grade Chitosan Type-428,Chitosan & Derivatives,Recombinant yeast production,"High-purity biomedical grade chitosan engineered for tissue engineering, drug delivery, and barrier applications.",low,43.79,72.92,1.37,2.54,40.4,59.78,13.15,918.8,320.5,False,5.35,37,177,True,med,True,True,True,Ultra-Low (<0.05 EU/mg),False,False,True,True,False,False,False,False,False,True,"Water, Dilute Acetic Acid",low,low,0.87
mat-0678,Quaternized Pullulan Type-309,Pullulan & Exopolysaccharides,Brown Seaweed (Laminaria hyperborea),"High-purity biomedical grade pullulan engineered for tissue engineering, drug delivery, and barrier applications.",high,23.48,50.03,1.41,3.86,49.61,90.69,12.11,1649.2,366.8,True,3.97,23,226,False,med,True,True,False,Ultra-Low (<0.05 EU/mg),True,True,False,True,True,False,True,True,False,False,"DMSO, Water",med,high,0.99
mat-0679,High-MW Alginate Type-999,Alginate & Salts,Porcine cartilage,"High-purity biomedical grade alginate engineered for tissue engineering, drug delivery, and barrier applications.",med,10.61,21.38,2.59,5.27,55.68,93.46,27.64,294.5,204.7,True,3.66,13,99,False,low,True,True,False,Standard (<0.5 EU/mg),True,False,False,False,False,True,False,True,False,True,"DMSO, Water",med,high,0.94
mat-0680,Injectable Grade Starch Type-508,Starch & Modified Starches,Corn starch / Potato starch,"High-purity biomedical grade starch engineered for tissue engineering, drug delivery, and barrier applications.",high,21.27,28.1,2.17,4.96,33.82,76.65,11.13,775.1,17.7,False,3.76,43,127,False,high,True,True,False,Low (<0.1 EU/mg),True,True,True,True,False,True,True,False,True,False,Ethanol/Water 70:30,med,high,0.89
mat-0681,Injectable Grade Chitosan Type-216,Chitosan & Derivatives,Citrus peel / Apple pomace,"High-purity biomedical grade chitosan engineered for tissue engineering, drug delivery, and barrier applications.",med,30.62,40.76,3.19,4.64,45.99,69.46,3.82,1815.8,410.2,False,1.35,71,101,True,med,True,True,True,Ultra-Low (<0.05 EU/mg),False,False,False,True,True,False,False,True,False,False,"Water, Dilute Acetic Acid",high,low,0.87
mat-0682,"Sulfated Carrageenan (Kappa, Iota, Lambda) Type-583","Carrageenan (Kappa, Iota, Lambda)",Aureobasidium pullulans culture,"High-purity biomedical grade carrageenan (kappa, iota, lambda) engineered for tissue engineering, drug delivery, and barrier applications.",low,15.09,31.0,3.15,5.27,27.72,126.42,30.08,1745.1,115.6,True,1.59,33,93,False,high,True,True,False,Low (<0.1 EU/mg),True,False,False,False,False,True,False,True,False,True,"Water, Dilute Acetic Acid",low,high,0.98
mat-0683,Biomedical Grade Xanthan Type-244,Xanthan & Gellan Gums,Crustacean shells (Crab/Shrimp),"High-purity biomedical grade xanthan engineered for tissue engineering, drug delivery, and barrier applications.",med,31.56,40.45,2.37,4.0,5.96,28.0,2.31,1949.4,133.1,True,9.52,21,240,True,high,True,True,False,Low (<0.1 EU/mg),False,False,True,False,True,True,True,True,True,True,"Water, Dilute Acetic Acid",high,high,0.94
mat-0684,Nanofibrillated Alginate Type-554,Alginate & Salts,Leuconostoc mesenteroides fermentation,"High-purity biomedical grade alginate engineered for tissue engineering, drug delivery, and barrier applications.",low,5.14,52.46,3.0,5.22,7.47,91.21,34.41,692.0,317.6,False,2.28,76,182,True,high,True,True,True,Low (<0.1 EU/mg),False,False,False,True,True,False,False,True,True,True,Phosphate Buffered Saline,low,high,0.95
mat-0685,High-MW Pullulan Type-457,Pullulan & Exopolysaccharides,Recombinant yeast production,"High-purity biomedical grade pullulan engineered for tissue engineering, drug delivery, and barrier applications.",high,35.44,54.08,1.66,4.51,19.1,93.22,1.63,966.6,325.8,True,17.89,18,50,False,high,True,True,False,Low (<0.1 EU/mg),True,False,False,True,False,False,True,True,True,False,Phosphate Buffered Saline,high,med,0.94
mat-0686,Sulfated Dextran Type-851,Dextran & Dextran Esters,Recombinant yeast production,"High-purity biomedical grade dextran engineered for tissue engineering, drug delivery, and barrier applications.",med,6.15,43.93,1.48,3.53,31.34,162.69,18.55,1275.0,392.7,True,12.26,76,200,False,low,True,True,False,Ultra-Low (<0.05 EU/mg),True,True,False,True,False,False,True,True,True,False,"DMSO, Water",med,med,0.93
mat-0687,Nanofibrillated Chondroitin Type-111,Chondroitin & Glycosaminoglycans,Aureobasidium pullulans culture,"High-purity biomedical grade chondroitin engineered for tissue engineering, drug delivery, and barrier applications.",med,12.79,46.75,0.39,2.09,49.94,83.6,19.93,1655.9,307.4,True,8.99,81,218,False,high,True,True,True,Ultra-Low (<0.05 EU/mg),False,False,True,False,False,False,False,False,True,True,Ethanol/Water 70:30,high,high,0.85
mat-0688,Hydrogel-Grade Chitosan Type-174,Chitosan & Derivatives,Sphingomonas elodea culture,"High-purity biomedical grade chitosan engineered for tissue engineering, drug delivery, and barrier applications.",high,16.64,56.43,0.47,4.27,26.31,103.91,21.02,1493.4,429.5,True,11.12,52,268,False,low,True,True,False,Ultra-Low (<0.05 EU/mg),False,True,True,False,True,True,True,False,False,True,"DMSO, Water",high,med,0.9
mat-0689,Ultra-Pure Dextran Type-741,Dextran & Dextran Esters,Bacterial fermentation (Streptococcus zooepidemicus),"High-purity biomedical grade dextran engineered for tissue engineering, drug delivery, and barrier applications.",med,35.96,67.49,0.16,0.75,53.25,110.84,1.94,1662.8,182.2,True,9.49,28,53,False,high,True,True,False,Low (<0.1 EU/mg),True,True,False,True,True,True,False,True,True,True,"DMSO, Water",high,low,0.85
mat-0690,Injectable Grade Hyaluronic Acid Type-367,Hyaluronic Acid & Hyaluronates,Porcine cartilage,"High-purity biomedical grade hyaluronic acid engineered for tissue engineering, drug delivery, and barrier applications.",low,20.4,57.38,0.57,3.44,36.58,97.47,17.23,2012.6,289.4,True,12.91,48,315,True,high,True,True,False,Standard (<0.5 EU/mg),False,False,False,False,True,False,False,True,False,False,Ethanol/Water 70:30,med,low,0.89
mat-0691,High-MW Chondroitin Type-387,Chondroitin & Glycosaminoglycans,Corn starch / Potato starch,"High-purity biomedical grade chondroitin engineered for tissue engineering, drug delivery, and barrier applications.",med,40.85,89.73,2.35,4.14,56.01,137.99,23.82,2200.6,232.9,False,10.63,36,230,False,high,True,True,False,Ultra-Low (<0.05 EU/mg),False,False,False,True,True,True,False,False,False,False,"Water, Dilute Acetic Acid",high,high,0.89
mat-0692,Injectable Grade Hyaluronic Acid Type-766,Hyaluronic Acid & Hyaluronates,Corn starch / Potato starch,"High-purity biomedical grade hyaluronic acid engineered for tissue engineering, drug delivery, and barrier applications.",high,29.4,44.23,2.92,4.08,18.41,164.97,15.93,1553.1,158.4,True,7.18,46,223,True,med,False,True,True,Ultra-Low (<0.05 EU/mg),False,False,True,True,True,False,True,False,True,True,"Water, Dilute Acetic Acid",high,med,0.92
mat-0693,Methacrylated Chondroitin Type-245,Chondroitin & Glycosaminoglycans,Recombinant yeast production,"High-purity biomedical grade chondroitin engineered for tissue engineering, drug delivery, and barrier applications.",high,17.59,51.16,3.24,5.97,58.32,68.99,20.33,217.2,195.6,False,10.59,51,121,False,low,True,True,False,Ultra-Low (<0.05 EU/mg),False,True,True,True,False,True,False,True,True,True,"DMSO, Water",high,med,0.97
mat-0694,Biomedical Grade Xanthan Type-800,Xanthan & Gellan Gums,Bacterial fermentation (Streptococcus zooepidemicus),"High-purity biomedical grade xanthan engineered for tissue engineering, drug delivery, and barrier applications.",high,35.02,67.94,2.93,4.39,9.33,120.35,31.84,412.4,115.2,False,10.88,42,141,False,med,True,True,True,Standard (<0.5 EU/mg),False,False,True,False,True,True,False,False,True,True,Ethanol/Water 70:30,med,med,0.9
mat-0695,Carboxymethylated Alginate Type-747,Alginate & Salts,Porcine cartilage,"High-purity biomedical grade alginate engineered for tissue engineering, drug delivery, and barrier applications.",med,6.64,38.8,3.19,3.7,17.77,40.9,17.47,2269.4,144.0,False,6.45,35,281,True,med,True,True,False,Ultra-Low (<0.05 EU/mg),False,True,True,False,False,False,True,True,True,False,"DMSO, Water",med,med,0.96
mat-0696,Film-Forming Biopolymer Blends Type-865,Biopolymer Blends & Composites,Brown Seaweed (Laminaria hyperborea),"High-purity biomedical grade biopolymer blends engineered for tissue engineering, drug delivery, and barrier applications.",high,15.29,24.86,2.66,2.97,19.16,45.75,34.19,1689.3,182.6,True,11.1,14,245,True,low,True,True,True,Low (<0.1 EU/mg),False,True,False,False,True,False,False,True,False,True,Phosphate Buffered Saline,high,high,0.96
mat-0697,Crosslinked Dextran Type-792,Dextran & Dextran Esters,Porcine cartilage,"High-purity biomedical grade dextran engineered for tissue engineering, drug delivery, and barrier applications.",low,11.93,51.16,1.05,2.12,47.65,186.42,19.27,240.4,230.9,True,12.25,90,181,True,low,True,True,False,Ultra-Low (<0.05 EU/mg),True,True,True,True,True,True,False,True,False,False,Ethanol/Water 70:30,med,med,0.92
mat-0698,"Phosphate-modified Carrageenan (Kappa, Iota, Lambda) Type-165","Carrageenan (Kappa, Iota, Lambda)",Fungal fermentation (Aspergillus niger),"High-purity biomedical grade carrageenan (kappa, iota, lambda) engineered for tissue engineering, drug delivery, and barrier applications.",high,16.71,22.8,1.07,2.25,54.24,137.23,25.19,1670.2,119.4,False,4.98,17,50,True,high,False,True,True,Standard (<0.5 EU/mg),True,False,True,False,True,True,False,True,False,False,"Water, Dilute Acetic Acid",med,low,0.98
mat-0699,High-MW Pullulan Type-962,Pullulan & Exopolysaccharides,Corn starch / Potato starch,"High-purity biomedical grade pullulan engineered for tissue engineering, drug delivery, and barrier applications.",low,29.58,68.04,2.59,4.65,50.11,81.9,4.78,1442.4,184.7,True,14.42,63,188,False,med,True,True,True,Low (<0.1 EU/mg),False,False,True,False,False,False,True,False,True,True,Ethanol/Water 70:30,med,med,0.86
mat-0700,Low-MW Biopolymer Blends Type-106,Biopolymer Blends & Composites,Brown Seaweed (Laminaria hyperborea),"High-purity biomedical grade biopolymer blends engineered for tissue engineering, drug delivery, and barrier applications.",high,20.09,61.4,0.93,3.01,38.71,172.9,26.45,877.7,162.3,True,4.06,47,265,False,med,True,True,True,Low (<0.1 EU/mg),True,False,False,False,False,False,True,True,True,False,"Water, Dilute Acetic Acid",low,low,0.98
mat-0701,Biomedical Grade Pullulan Type-235,Pullulan & Exopolysaccharides,Red Seaweed (Rhodophyta),"High-purity biomedical grade pullulan engineered for tissue engineering, drug delivery, and barrier applications.",low,6.94,45.71,0.44,1.57,25.64,49.72,11.9,499.9,53.4,True,7.28,37,139,True,high,True,True,True,Standard (<0.5 EU/mg),False,True,False,True,False,True,True,True,False,True,"DMSO, Water",high,low,0.92
mat-0702,Phosphate-modified Pullulan Type-823,Pullulan & Exopolysaccharides,Wood pulp / Cotton linters,"High-purity biomedical grade pullulan engineered for tissue engineering, drug delivery, and barrier applications.",med,22.14,35.43,0.25,1.79,9.44,117.26,4.84,268.3,218.5,True,8.87,62,199,False,high,True,True,False,Standard (<0.5 EU/mg),False,True,True,True,False,True,False,True,True,True,Ethanol/Water 70:30,high,med,0.9
mat-0703,Sulfated Starch Type-720,Starch & Modified Starches,Red Seaweed (Rhodophyta),"High-purity biomedical grade starch engineered for tissue engineering, drug delivery, and barrier applications.",low,20.82,41.05,2.9,5.38,29.94,109.73,9.42,1198.4,311.1,True,12.76,71,341,False,low,True,True,True,Low (<0.1 EU/mg),True,False,False,False,True,True,False,False,False,True,"DMSO, Water",low,low,0.93
mat-0704,Methacrylated Pullulan Type-865,Pullulan & Exopolysaccharides,Wood pulp / Cotton linters,"High-purity biomedical grade pullulan engineered for tissue engineering, drug delivery, and barrier applications.",high,6.86,44.68,0.84,3.53,44.46,188.21,23.85,2409.3,142.8,False,16.08,29,296,False,low,True,True,False,Low (<0.1 EU/mg),True,False,False,True,False,True,True,False,True,False,Phosphate Buffered Saline,low,high,0.91
mat-0705,Pharma-Grade Pullulan Type-531,Pullulan & Exopolysaccharides,Bacterial fermentation (Streptococcus zooepidemicus),"High-purity biomedical grade pullulan engineered for tissue engineering, drug delivery, and barrier applications.",high,21.63,48.19,2.96,4.64,25.74,172.51,14.48,1349.7,222.5,True,4.84,77,209,True,low,True,True,False,Standard (<0.5 EU/mg),True,False,True,True,False,True,True,True,True,False,"Water, Dilute Acetic Acid",med,med,0.94
mat-0706,High-MW Pectin Type-144,Pectin & Pectinates,Wood pulp / Cotton linters,"High-purity biomedical grade pectin engineered for tissue engineering, drug delivery, and barrier applications.",low,34.71,70.56,2.07,2.58,29.84,57.8,6.76,1277.6,238.2,True,2.67,21,263,False,high,True,True,True,Ultra-Low (<0.05 EU/mg),False,False,False,False,True,False,True,True,True,False,"Water, Dilute Acetic Acid",low,med,0.93
mat-0707,Injectable Grade Agarose Type-443,Agarose & Agars,Corn starch / Potato starch,"High-purity biomedical grade agarose engineered for tissue engineering, drug delivery, and barrier applications.",med,34.51,64.39,1.92,2.51,56.73,202.24,15.99,1307.4,288.0,False,8.03,38,100,False,low,True,True,False,Ultra-Low (<0.05 EU/mg),False,False,True,False,True,False,False,False,True,False,"Water, Dilute Acetic Acid",low,high,0.98
mat-0708,Nanofibrillated Cellulose Type-973,Cellulose & Nanocellulose,Sphingomonas elodea culture,"High-purity biomedical grade cellulose engineered for tissue engineering, drug delivery, and barrier applications.",high,30.93,75.85,0.28,2.5,57.13,164.81,5.31,636.9,372.3,False,2.49,70,262,True,high,True,True,True,Standard (<0.5 EU/mg),True,False,True,True,True,False,False,False,True,True,Ethanol/Water 70:30,high,high,0.98
mat-0709,Methacrylated Cellulose Type-788,Cellulose & Nanocellulose,Brown Seaweed (Laminaria hyperborea),"High-purity biomedical grade cellulose engineered for tissue engineering, drug delivery, and barrier applications.",med,34.99,56.71,2.74,4.85,23.8,92.75,33.92,2188.8,309.2,True,3.77,42,167,True,low,False,True,False,Low (<0.1 EU/mg),False,False,True,True,False,True,False,False,False,True,"Water, Dilute Acetic Acid",high,low,0.96
mat-0710,Injectable Grade Agarose Type-138,Agarose & Agars,Fungal fermentation (Aspergillus niger),"High-purity biomedical grade agarose engineered for tissue engineering, drug delivery, and barrier applications.",med,20.81,51.53,0.99,2.17,50.36,161.63,20.09,898.1,51.3,False,4.86,13,151,True,med,True,True,False,Standard (<0.5 EU/mg),True,False,False,False,False,True,False,True,True,True,"DMSO, Water",med,high,0.97
mat-0711,Quaternized Cellulose Type-766,Cellulose & Nanocellulose,Porcine cartilage,"High-purity biomedical grade cellulose engineered for tissue engineering, drug delivery, and barrier applications.",high,21.74,49.61,0.33,1.31,57.96,133.83,32.8,1214.1,220.4,True,3.23,35,199,True,high,False,True,False,Standard (<0.5 EU/mg),True,False,True,True,True,False,True,True,True,False,Ethanol/Water 70:30,med,low,0.86
mat-0712,High-MW Pullulan Type-764,Pullulan & Exopolysaccharides,Porcine cartilage,"High-purity biomedical grade pullulan engineered for tissue engineering, drug delivery, and barrier applications.",med,15.74,34.08,3.4,6.92,19.89,123.61,23.88,519.8,133.0,False,1.32,83,254,False,med,True,False,True,Standard (<0.5 EU/mg),False,True,False,False,False,True,False,True,False,False,Ethanol/Water 70:30,low,high,0.93
mat-0713,High-MW Chondroitin Type-297,Chondroitin & Glycosaminoglycans,Red Seaweed (Rhodophyta),"High-purity biomedical grade chondroitin engineered for tissue engineering, drug delivery, and barrier applications.",low,17.44,51.07,1.12,2.55,10.13,108.81,3.37,2286.9,88.8,True,12.41,16,43,True,med,True,True,True,Standard (<0.5 EU/mg),True,True,True,True,False,False,False,False,False,True,Phosphate Buffered Saline,high,med,0.89
mat-0714,Sulfated Pullulan Type-195,Pullulan & Exopolysaccharides,Aureobasidium pullulans culture,"High-purity biomedical grade pullulan engineered for tissue engineering, drug delivery, and barrier applications.",med,38.39,71.52,1.94,5.01,38.49,50.76,22.31,691.7,359.4,True,5.91,87,177,False,low,True,True,False,Low (<0.1 EU/mg),False,False,True,True,False,True,True,False,True,False,Ethanol/Water 70:30,low,high,0.93
mat-0715,Hydrogel-Grade Agarose Type-726,Agarose & Agars,Wood pulp / Cotton linters,"High-purity biomedical grade agarose engineered for tissue engineering, drug delivery, and barrier applications.",high,25.31,65.23,1.33,2.62,20.64,132.48,7.42,2367.9,425.7,False,6.97,64,215,True,med,True,True,False,Low (<0.1 EU/mg),False,False,False,True,True,False,False,False,False,True,Ethanol/Water 70:30,high,low,0.98
mat-0716,Sulfated Dextran Type-436,Dextran & Dextran Esters,Crustacean shells (Crab/Shrimp),"High-purity biomedical grade dextran engineered for tissue engineering, drug delivery, and barrier applications.",med,9.98,39.71,0.78,1.12,37.56,129.98,10.68,1443.6,427.8,True,16.9,43,262,False,high,False,True,False,Standard (<0.5 EU/mg),False,False,True,False,True,False,True,False,True,True,Ethanol/Water 70:30,high,med,0.99
mat-0717,Ultra-Pure Alginate Type-876,Alginate & Salts,Bacterial fermentation (Streptococcus zooepidemicus),"High-purity biomedical grade alginate engineered for tissue engineering, drug delivery, and barrier applications.",high,15.43,63.24,2.53,6.32,10.64,75.55,29.28,1134.3,330.3,True,12.16,16,246,True,high,True,True,True,Standard (<0.5 EU/mg),True,True,False,True,False,False,False,True,False,False,"Water, Dilute Acetic Acid",high,med,0.97
mat-0718,Film-Forming Agarose Type-824,Agarose & Agars,Aureobasidium pullulans culture,"High-purity biomedical grade agarose engineered for tissue engineering, drug delivery, and barrier applications.",high,14.17,34.61,0.25,3.58,46.22,93.22,7.46,1468.3,41.7,True,16.31,64,141,False,low,True,True,False,Standard (<0.5 EU/mg),True,False,False,False,True,False,False,True,False,True,Ethanol/Water 70:30,high,low,0.96
mat-0719,Film-Forming Agarose Type-672,Agarose & Agars,Recombinant yeast production,"High-purity biomedical grade agarose engineered for tissue engineering, drug delivery, and barrier applications.",low,20.41,39.95,1.29,1.56,51.19,64.23,4.16,1945.7,203.3,False,11.3,17,137,True,med,True,True,True,Standard (<0.5 EU/mg),False,False,False,False,False,True,True,False,False,False,Phosphate Buffered Saline,low,low,0.96
mat-0720,Carboxymethylated Cellulose Type-411,Cellulose & Nanocellulose,Xanthomonas campestris culture,"High-purity biomedical grade cellulose engineered for tissue engineering, drug delivery, and barrier applications.",med,30.15,46.77,1.83,4.3,46.1,156.72,9.29,1412.5,306.7,True,4.5,54,293,False,low,True,True,False,Ultra-Low (<0.05 EU/mg),True,True,False,False,False,False,False,False,False,True,"DMSO, Water",low,med,0.89
mat-0721,Methacrylated Agarose Type-651,Agarose & Agars,Citrus peel / Apple pomace,"High-purity biomedical grade agarose engineered for tissue engineering, drug delivery, and barrier applications.",med,25.38,70.96,1.98,5.55,31.86,111.29,27.75,2420.5,387.8,False,12.69,90,226,False,high,True,True,True,Low (<0.1 EU/mg),False,False,False,True,True,False,False,False,False,False,Ethanol/Water 70:30,low,med,0.98
mat-0722,Film-Forming Chitosan Type-591,Chitosan & Derivatives,Corn starch / Potato starch,"High-purity biomedical grade chitosan engineered for tissue engineering, drug delivery, and barrier applications.",med,8.22,40.07,1.29,2.62,9.18,124.79,27.18,1681.6,101.5,True,14.45,89,126,False,high,True,True,True,Standard (<0.5 EU/mg),True,True,False,False,False,True,False,False,False,True,Ethanol/Water 70:30,low,low,0.98
mat-0723,Sulfated Hyaluronic Acid Type-540,Hyaluronic Acid & Hyaluronates,Crustacean shells (Crab/Shrimp),"High-purity biomedical grade hyaluronic acid engineered for tissue engineering, drug delivery, and barrier applications.",med,41.62,76.82,0.15,3.99,19.31,33.36,34.98,1881.6,40.9,True,14.89,81,280,False,low,True,True,False,Standard (<0.5 EU/mg),False,False,True,True,True,False,True,False,False,False,"DMSO, Water",low,med,0.96
mat-0724,Methacrylated Dextran Type-535,Dextran & Dextran Esters,Fungal fermentation (Aspergillus niger),"High-purity biomedical grade dextran engineered for tissue engineering, drug delivery, and barrier applications.",med,35.56,58.94,1.76,1.96,44.63,157.26,15.29,1727.4,387.7,False,10.4,25,47,False,high,True,True,False,Standard (<0.5 EU/mg),False,True,True,False,True,True,True,True,True,True,"DMSO, Water",med,med,0.98
mat-0725,Carboxymethylated Starch Type-958,Starch & Modified Starches,Red Seaweed (Rhodophyta),"High-purity biomedical grade starch engineered for tissue engineering, drug delivery, and barrier applications.",med,29.93,53.93,3.21,3.66,8.01,27.42,30.83,1400.0,175.5,False,9.34,64,202,True,high,True,True,False,Standard (<0.5 EU/mg),False,True,False,False,False,False,True,True,True,False,Ethanol/Water 70:30,med,low,0.85
mat-0726,Film-Forming Chondroitin Type-788,Chondroitin & Glycosaminoglycans,Brown Seaweed (Laminaria hyperborea),"High-purity biomedical grade chondroitin engineered for tissue engineering, drug delivery, and barrier applications.",high,14.04,41.74,2.29,5.68,59.57,144.79,26.55,1794.3,388.1,False,6.41,70,329,False,low,True,False,False,Low (<0.1 EU/mg),True,True,True,False,False,True,False,False,False,True,Ethanol/Water 70:30,low,high,0.99
mat-0727,Nanofibrillated Biopolymer Blends Type-473,Biopolymer Blends & Composites,Xanthomonas campestris culture,"High-purity biomedical grade biopolymer blends engineered for tissue engineering, drug delivery, and barrier applications.",low,9.76,39.53,1.21,4.74,49.37,67.47,20.84,863.4,399.9,True,16.6,77,283,False,med,True,True,False,Low (<0.1 EU/mg),False,False,False,True,True,True,True,True,False,True,"Water, Dilute Acetic Acid",high,low,1.0
mat-0728,High-MW Pullulan Type-938,Pullulan & Exopolysaccharides,Wood pulp / Cotton linters,"High-purity biomedical grade pullulan engineered for tissue engineering, drug delivery, and barrier applications.",high,12.56,23.28,2.16,5.46,22.15,54.13,24.59,2209.3,262.7,True,17.63,13,79,True,low,True,True,False,Ultra-Low (<0.05 EU/mg),True,True,False,False,True,True,True,True,False,False,Ethanol/Water 70:30,low,low,0.99
mat-0729,Crosslinked Starch Type-139,Starch & Modified Starches,Bacterial fermentation (Streptococcus zooepidemicus),"High-purity biomedical grade starch engineered for tissue engineering, drug delivery, and barrier applications.",low,17.29,22.75,1.6,2.13,44.17,179.29,22.16,2236.8,189.2,False,12.35,47,224,False,med,True,True,True,Ultra-Low (<0.05 EU/mg),False,False,True,True,True,True,False,False,False,True,"Water, Dilute Acetic Acid",med,med,0.95
mat-0730,"Hydrogel-Grade Carrageenan (Kappa, Iota, Lambda) Type-851","Carrageenan (Kappa, Iota, Lambda)",Porcine cartilage,"High-purity biomedical grade carrageenan (kappa, iota, lambda) engineered for tissue engineering, drug delivery, and barrier applications.",low,21.77,31.48,2.46,4.11,40.24,146.84,4.62,288.4,341.7,True,3.89,39,121,True,med,True,True,False,Low (<0.1 EU/mg),True,True,False,False,False,True,False,False,True,True,Phosphate Buffered Saline,high,med,0.92
mat-0731,Hydrogel-Grade Biopolymer Blends Type-825,Biopolymer Blends & Composites,Fungal fermentation (Aspergillus niger),"High-purity biomedical grade biopolymer blends engineered for tissue engineering, drug delivery, and barrier applications.",high,5.44,36.03,0.57,3.81,39.83,181.01,22.72,1306.9,344.4,False,2.03,32,126,True,low,True,True,False,Ultra-Low (<0.05 EU/mg),False,False,True,False,True,False,True,True,False,True,Ethanol/Water 70:30,med,low,0.99
mat-0732,Ultra-Pure Biopolymer Blends Type-439,Biopolymer Blends & Composites,Xanthomonas campestris culture,"High-purity biomedical grade biopolymer blends engineered for tissue engineering, drug delivery, and barrier applications.",high,40.38,81.51,0.18,3.91,55.24,197.92,14.88,2044.1,29.3,True,4.11,30,178,True,med,True,True,False,Ultra-Low (<0.05 EU/mg),False,False,False,True,True,False,True,False,False,False,Ethanol/Water 70:30,low,low,0.86
mat-0733,Quaternized Agarose Type-742,Agarose & Agars,Recombinant yeast production,"High-purity biomedical grade agarose engineered for tissue engineering, drug delivery, and barrier applications.",med,37.21,52.14,2.0,4.22,55.97,127.96,30.98,966.8,316.8,True,2.44,56,96,False,high,True,False,False,Low (<0.1 EU/mg),True,True,True,False,True,False,False,False,False,True,"Water, Dilute Acetic Acid",low,high,0.85
mat-0734,High-MW Starch Type-878,Starch & Modified Starches,Sphingomonas elodea culture,"High-purity biomedical grade starch engineered for tissue engineering, drug delivery, and barrier applications.",high,39.27,67.72,2.81,5.92,45.14,133.56,33.35,1488.4,145.5,True,5.56,79,117,False,low,True,True,True,Ultra-Low (<0.05 EU/mg),True,False,False,True,True,False,True,True,False,False,"Water, Dilute Acetic Acid",high,med,0.98
mat-0735,Nanofibrillated Biopolymer Blends Type-513,Biopolymer Blends & Composites,Recombinant yeast production,"High-purity biomedical grade biopolymer blends engineered for tissue engineering, drug delivery, and barrier applications.",med,34.93,58.55,2.82,4.46,41.35,134.37,7.09,1969.6,423.3,True,15.86,27,125,True,low,True,True,True,Low (<0.1 EU/mg),False,False,False,False,False,False,False,False,True,False,Ethanol/Water 70:30,med,high,0.88
mat-0736,Pharma-Grade Pectin Type-387,Pectin & Pectinates,Aureobasidium pullulans culture,"High-purity biomedical grade pectin engineered for tissue engineering, drug delivery, and barrier applications.",med,27.99,48.05,0.37,1.93,16.04,157.31,12.3,959.8,356.4,False,11.27,27,291,False,high,True,False,True,Standard (<0.5 EU/mg),True,False,False,True,False,False,False,True,True,False,"DMSO, Water",med,med,0.88
mat-0737,"Sulfated Carrageenan (Kappa, Iota, Lambda) Type-464","Carrageenan (Kappa, Iota, Lambda)",Porcine cartilage,"High-purity biomedical grade carrageenan (kappa, iota, lambda) engineered for tissue engineering, drug delivery, and barrier applications.",med,35.7,75.74,1.58,5.15,38.63,110.31,21.56,708.3,328.0,True,10.7,33,226,True,low,True,True,True,Low (<0.1 EU/mg),True,False,False,True,True,False,True,True,False,True,Ethanol/Water 70:30,high,high,0.88
mat-0738,Sulfated Agarose Type-666,Agarose & Agars,Crustacean shells (Crab/Shrimp),"High-purity biomedical grade agarose engineered for tissue engineering, drug delivery, and barrier applications.",med,25.8,42.23,2.33,2.72,9.55,108.28,18.46,228.9,13.6,True,4.5,45,61,True,med,True,True,True,Standard (<0.5 EU/mg),False,False,False,True,False,False,False,False,False,True,Ethanol/Water 70:30,low,high,0.87
mat-0739,Ultra-Pure Agarose Type-729,Agarose & Agars,Corn starch / Potato starch,"High-purity biomedical grade agarose engineered for tissue engineering, drug delivery, and barrier applications.",med,15.69,54.34,3.47,6.08,12.58,41.62,22.58,1911.1,183.8,False,11.68,15,83,True,high,True,False,False,Standard (<0.5 EU/mg),True,False,True,True,True,False,False,True,True,True,"DMSO, Water",med,med,0.98
mat-0740,Low-MW Pullulan Type-191,Pullulan & Exopolysaccharides,Brown Seaweed (Laminaria hyperborea),"High-purity biomedical grade pullulan engineered for tissue engineering, drug delivery, and barrier applications.",med,21.67,36.46,2.16,3.87,40.27,87.65,26.57,155.9,256.9,True,15.16,50,106,True,high,True,True,True,Low (<0.1 EU/mg),True,False,False,True,False,True,False,True,True,False,Ethanol/Water 70:30,high,high,0.88
mat-0741,Biomedical Grade Biopolymer Blends Type-878,Biopolymer Blends & Composites,Bacterial fermentation (Streptococcus zooepidemicus),"High-purity biomedical grade biopolymer blends engineered for tissue engineering, drug delivery, and barrier applications.",med,30.76,65.59,1.72,3.59,28.89,91.98,12.19,2260.0,221.8,False,6.68,85,233,True,high,True,True,False,Standard (<0.5 EU/mg),False,False,True,False,False,True,True,True,False,True,"DMSO, Water",med,high,0.89
mat-0742,Quaternized Alginate Type-315,Alginate & Salts,Citrus peel / Apple pomace,"High-purity biomedical grade alginate engineered for tissue engineering, drug delivery, and barrier applications.",med,23.66,73.39,2.36,2.98,57.24,157.32,16.99,2168.2,347.3,False,5.24,16,164,False,low,True,False,False,Standard (<0.5 EU/mg),False,False,False,True,True,False,False,False,False,True,"DMSO, Water",high,med,0.98
mat-0743,Methacrylated Starch Type-319,Starch & Modified Starches,Aureobasidium pullulans culture,"High-purity biomedical grade starch engineered for tissue engineering, drug delivery, and barrier applications.",med,11.07,54.8,1.92,5.79,24.22,36.69,27.47,1912.2,355.7,False,9.36,83,251,False,med,False,True,False,Low (<0.1 EU/mg),True,False,True,True,False,True,True,True,False,False,"Water, Dilute Acetic Acid",med,low,0.92
mat-0744,Sulfated Pectin Type-926,Pectin & Pectinates,Aureobasidium pullulans culture,"High-purity biomedical grade pectin engineered for tissue engineering, drug delivery, and barrier applications.",high,22.78,60.01,0.97,4.89,41.82,120.3,28.61,2078.2,118.0,False,3.29,51,228,False,low,True,True,False,Ultra-Low (<0.05 EU/mg),False,True,True,False,True,True,False,True,True,True,"DMSO, Water",med,high,0.95
mat-0745,Film-Forming Xanthan Type-140,Xanthan & Gellan Gums,Porcine cartilage,"High-purity biomedical grade xanthan engineered for tissue engineering, drug delivery, and barrier applications.",low,34.99,82.3,1.66,4.86,19.83,34.51,19.69,1796.7,88.4,False,6.47,19,236,True,low,True,True,False,Low (<0.1 EU/mg),False,False,False,True,False,True,False,False,True,False,Ethanol/Water 70:30,high,high,0.94
mat-0746,Methacrylated Chitosan Type-159,Chitosan & Derivatives,Red Seaweed (Rhodophyta),"High-purity biomedical grade chitosan engineered for tissue engineering, drug delivery, and barrier applications.",low,26.36,41.01,2.75,6.62,17.68,76.04,5.07,605.5,13.2,False,4.38,84,337,False,low,True,True,False,Ultra-Low (<0.05 EU/mg),False,True,False,False,False,False,True,False,True,True,"Water, Dilute Acetic Acid",high,low,0.99
mat-0747,Pharma-Grade Xanthan Type-333,Xanthan & Gellan Gums,Porcine cartilage,"High-purity biomedical grade xanthan engineered for tissue engineering, drug delivery, and barrier applications.",med,30.16,73.12,2.01,2.79,50.34,132.25,34.14,955.4,427.4,False,5.19,67,216,True,low,True,False,False,Ultra-Low (<0.05 EU/mg),True,True,True,True,True,True,True,False,True,False,Phosphate Buffered Saline,med,low,0.99
mat-0748,"Methacrylated Carrageenan (Kappa, Iota, Lambda) Type-908","Carrageenan (Kappa, Iota, Lambda)",Xanthomonas campestris culture,"High-purity biomedical grade carrageenan (kappa, iota, lambda) engineered for tissue engineering, drug delivery, and barrier applications.",med,37.24,48.84,1.23,3.78,21.84,168.58,26.92,1211.0,126.2,False,7.54,54,177,True,med,True,True,True,Low (<0.1 EU/mg),True,True,False,True,True,False,False,True,True,False,Phosphate Buffered Saline,low,low,0.93
mat-0749,Biomedical Grade Xanthan Type-652,Xanthan & Gellan Gums,Fungal fermentation (Aspergillus niger),"High-purity biomedical grade xanthan engineered for tissue engineering, drug delivery, and barrier applications.",med,13.66,56.35,2.56,4.71,47.92,133.11,31.58,2175.6,423.2,False,7.62,24,122,True,low,True,True,True,Ultra-Low (<0.05 EU/mg),False,True,True,True,True,False,True,True,False,True,Phosphate Buffered Saline,low,high,0.92
mat-0750,Sulfated Biopolymer Blends Type-398,Biopolymer Blends & Composites,Red Seaweed (Rhodophyta),"High-purity biomedical grade biopolymer blends engineered for tissue engineering, drug delivery, and barrier applications.",high,6.85,37.64,3.47,6.18,31.57,56.75,19.71,1972.4,176.0,False,1.24,60,321,True,high,True,False,False,Low (<0.1 EU/mg),False,False,True,False,True,False,True,True,True,True,"DMSO, Water",med,high,0.9
mat-0751,Carboxymethylated Agarose Type-729,Agarose & Agars,Corn starch / Potato starch,"High-purity biomedical grade agarose engineered for tissue engineering, drug delivery, and barrier applications.",med,9.37,41.95,1.46,2.89,54.84,170.22,21.91,198.0,355.2,False,14.57,79,109,False,high,True,True,True,Standard (<0.5 EU/mg),True,False,True,True,True,False,True,True,False,True,"DMSO, Water",med,low,0.92
mat-0752,High-MW Hyaluronic Acid Type-440,Hyaluronic Acid & Hyaluronates,Bacterial fermentation (Streptococcus zooepidemicus),"High-purity biomedical grade hyaluronic acid engineered for tissue engineering, drug delivery, and barrier applications.",low,14.96,60.52,2.58,5.75,23.75,57.81,28.16,480.4,59.8,True,10.45,72,319,False,med,True,True,False,Standard (<0.5 EU/mg),True,True,False,True,False,True,True,True,False,False,"DMSO, Water",low,med,0.98
mat-0753,Carboxymethylated Dextran Type-446,Dextran & Dextran Esters,Wood pulp / Cotton linters,"High-purity biomedical grade dextran engineered for tissue engineering, drug delivery, and barrier applications.",med,13.71,49.77,1.27,1.57,13.96,35.37,3.08,2048.3,48.9,True,4.38,80,263,False,high,False,True,False,Standard (<0.5 EU/mg),True,True,False,False,True,False,False,True,False,True,Phosphate Buffered Saline,low,med,0.91
mat-0754,Hydrogel-Grade Dextran Type-158,Dextran & Dextran Esters,Aureobasidium pullulans culture,"High-purity biomedical grade dextran engineered for tissue engineering, drug delivery, and barrier applications.",med,10.18,56.13,2.48,2.7,10.13,75.03,19.62,694.9,289.2,False,4.71,64,275,False,low,True,True,False,Ultra-Low (<0.05 EU/mg),False,False,True,True,False,False,True,False,False,False,Phosphate Buffered Saline,low,high,0.96
mat-0755,Crosslinked Biopolymer Blends Type-145,Biopolymer Blends & Composites,Bacterial fermentation (Streptococcus zooepidemicus),"High-purity biomedical grade biopolymer blends engineered for tissue engineering, drug delivery, and barrier applications.",med,15.57,56.18,2.64,5.59,29.82,167.56,34.45,2255.9,126.2,False,3.15,7,175,False,high,True,True,False,Ultra-Low (<0.05 EU/mg),True,True,True,False,False,True,False,False,True,False,"Water, Dilute Acetic Acid",med,high,0.97
mat-0756,"Hydrogel-Grade Carrageenan (Kappa, Iota, Lambda) Type-468","Carrageenan (Kappa, Iota, Lambda)",Recombinant yeast production,"High-purity biomedical grade carrageenan (kappa, iota, lambda) engineered for tissue engineering, drug delivery, and barrier applications.",med,40.59,81.71,1.51,2.16,10.91,88.69,34.77,1260.7,144.9,False,7.28,51,279,False,med,True,True,False,Low (<0.1 EU/mg),False,True,False,False,False,True,True,True,False,False,Ethanol/Water 70:30,high,med,0.85
mat-0757,Sulfated Agarose Type-840,Agarose & Agars,Aureobasidium pullulans culture,"High-purity biomedical grade agarose engineered for tissue engineering, drug delivery, and barrier applications.",high,12.28,56.23,2.31,5.79,8.72,91.44,32.7,1987.2,219.6,False,16.04,65,303,False,med,True,True,False,Ultra-Low (<0.05 EU/mg),True,False,True,False,False,True,False,True,True,True,"DMSO, Water",low,med,0.87
mat-0758,Phosphate-modified Pullulan Type-529,Pullulan & Exopolysaccharides,Brown Seaweed (Laminaria hyperborea),"High-purity biomedical grade pullulan engineered for tissue engineering, drug delivery, and barrier applications.",low,36.72,60.03,3.39,6.07,14.24,52.48,9.27,1758.4,351.6,True,14.43,34,165,False,med,True,True,False,Low (<0.1 EU/mg),False,False,True,True,False,False,True,True,False,False,"DMSO, Water",med,low,0.94
mat-0759,Low-MW Alginate Type-617,Alginate & Salts,Citrus peel / Apple pomace,"High-purity biomedical grade alginate engineered for tissue engineering, drug delivery, and barrier applications.",med,33.62,40.81,2.77,6.24,19.57,103.92,29.24,940.4,244.0,False,5.32,21,40,False,low,True,False,False,Standard (<0.5 EU/mg),True,False,True,False,False,False,True,False,False,True,"DMSO, Water",high,med,0.93
mat-0760,Methacrylated Xanthan Type-657,Xanthan & Gellan Gums,Corn starch / Potato starch,"High-purity biomedical grade xanthan engineered for tissue engineering, drug delivery, and barrier applications.",low,12.22,27.51,2.11,2.8,11.73,146.01,32.22,230.3,405.7,False,10.61,60,180,True,high,True,True,False,Low (<0.1 EU/mg),False,True,True,False,True,False,False,False,True,True,"DMSO, Water",high,high,0.91
mat-0761,High-MW Pectin Type-537,Pectin & Pectinates,Crustacean shells (Crab/Shrimp),"High-purity biomedical grade pectin engineered for tissue engineering, drug delivery, and barrier applications.",med,35.41,64.8,1.82,3.81,6.07,27.07,2.88,1388.6,147.4,True,3.72,9,98,True,high,True,True,True,Ultra-Low (<0.05 EU/mg),False,False,False,False,True,False,False,False,True,True,"Water, Dilute Acetic Acid",med,med,0.91
mat-0762,Quaternized Dextran Type-765,Dextran & Dextran Esters,Sphingomonas elodea culture,"High-purity biomedical grade dextran engineered for tissue engineering, drug delivery, and barrier applications.",low,8.91,21.61,2.42,4.79,18.91,52.82,3.2,2189.1,185.2,False,10.18,50,213,True,low,True,False,False,Ultra-Low (<0.05 EU/mg),True,True,True,False,True,False,True,True,False,False,"DMSO, Water",high,low,0.88
mat-0763,Methacrylated Agarose Type-177,Agarose & Agars,Wood pulp / Cotton linters,"High-purity biomedical grade agarose engineered for tissue engineering, drug delivery, and barrier applications.",high,26.26,53.77,0.44,3.05,5.38,66.48,25.7,1478.9,228.4,False,12.44,10,90,False,low,True,True,False,Low (<0.1 EU/mg),False,True,True,True,True,False,True,False,True,False,Ethanol/Water 70:30,high,low,0.94
mat-0764,Quaternized Alginate Type-648,Alginate & Salts,Xanthomonas campestris culture,"High-purity biomedical grade alginate engineered for tissue engineering, drug delivery, and barrier applications.",high,41.58,83.05,0.36,3.76,49.11,149.54,4.29,1563.6,438.4,False,6.82,65,233,True,med,False,True,False,Low (<0.1 EU/mg),False,True,False,True,False,True,True,True,True,False,"DMSO, Water",high,med,0.89
mat-0765,Sulfated Xanthan Type-825,Xanthan & Gellan Gums,Porcine cartilage,"High-purity biomedical grade xanthan engineered for tissue engineering, drug delivery, and barrier applications.",med,11.87,50.69,1.11,3.72,15.87,149.54,30.31,1613.2,213.5,False,3.97,55,254,False,low,True,True,False,Ultra-Low (<0.05 EU/mg),True,True,True,True,True,False,True,False,True,False,"DMSO, Water",high,med,0.99
mat-0766,Ultra-Pure Xanthan Type-838,Xanthan & Gellan Gums,Crustacean shells (Crab/Shrimp),"High-purity biomedical grade xanthan engineered for tissue engineering, drug delivery, and barrier applications.",med,5.38,13.34,2.48,4.52,31.28,59.12,30.95,1103.0,315.6,True,3.31,40,132,True,low,True,True,True,Low (<0.1 EU/mg),False,True,True,False,True,False,True,True,True,False,Phosphate Buffered Saline,low,med,0.9
mat-0767,Carboxymethylated Alginate Type-603,Alginate & Salts,Recombinant yeast production,"High-purity biomedical grade alginate engineered for tissue engineering, drug delivery, and barrier applications.",med,27.86,68.32,3.09,5.7,33.69,61.31,21.95,673.5,440.7,False,8.73,46,143,True,high,True,True,False,Standard (<0.5 EU/mg),False,False,False,False,False,True,False,True,True,True,Phosphate Buffered Saline,med,low,0.96
mat-0768,Pharma-Grade Dextran Type-898,Dextran & Dextran Esters,Bacterial fermentation (Streptococcus zooepidemicus),"High-purity biomedical grade dextran engineered for tissue engineering, drug delivery, and barrier applications.",med,5.42,42.81,0.59,2.93,36.61,145.05,22.81,1166.0,380.7,False,2.33,89,262,False,low,True,True,False,Standard (<0.5 EU/mg),False,False,False,True,False,True,True,True,False,False,Phosphate Buffered Saline,high,high,0.96
mat-0769,Sulfated Chondroitin Type-553,Chondroitin & Glycosaminoglycans,Citrus peel / Apple pomace,"High-purity biomedical grade chondroitin engineered for tissue engineering, drug delivery, and barrier applications.",high,15.71,46.4,2.21,3.57,17.72,108.16,21.18,801.4,385.6,True,14.49,51,154,False,high,True,True,True,Standard (<0.5 EU/mg),True,True,True,True,False,True,False,False,True,True,"Water, Dilute Acetic Acid",low,low,0.91
mat-0770,Film-Forming Alginate Type-283,Alginate & Salts,Brown Seaweed (Laminaria hyperborea),"High-purity biomedical grade alginate engineered for tissue engineering, drug delivery, and barrier applications.",med,24.03,40.44,2.25,4.5,15.5,140.15,6.77,718.1,162.6,False,16.59,58,96,True,low,True,True,False,Ultra-Low (<0.05 EU/mg),True,False,False,False,False,True,False,True,False,True,Phosphate Buffered Saline,high,high,0.95
mat-0771,Sulfated Starch Type-412,Starch & Modified Starches,Fungal fermentation (Aspergillus niger),"High-purity biomedical grade starch engineered for tissue engineering, drug delivery, and barrier applications.",low,29.83,51.54,1.37,1.9,22.64,104.14,28.72,2362.2,349.1,True,11.05,38,228,True,med,True,True,False,Standard (<0.5 EU/mg),False,True,False,True,False,False,False,False,False,True,"DMSO, Water",med,low,0.88
mat-0772,Biomedical Grade Pullulan Type-765,Pullulan & Exopolysaccharides,Brown Seaweed (Laminaria hyperborea),"High-purity biomedical grade pullulan engineered for tissue engineering, drug delivery, and barrier applications.",high,21.38,27.17,2.77,3.43,27.58,155.93,3.99,1723.6,246.0,False,16.18,62,197,False,low,True,True,False,Low (<0.1 EU/mg),False,True,False,True,True,False,False,False,False,False,"DMSO, Water",low,med,0.88
mat-0773,Pharma-Grade Cellulose Type-532,Cellulose & Nanocellulose,Crustacean shells (Crab/Shrimp),"High-purity biomedical grade cellulose engineered for tissue engineering, drug delivery, and barrier applications.",high,25.21,63.74,2.12,2.74,9.33,59.16,26.77,1871.9,383.8,True,11.28,69,339,True,high,True,True,False,Ultra-Low (<0.05 EU/mg),True,False,True,True,False,False,False,True,False,False,"Water, Dilute Acetic Acid",med,high,0.86
mat-0774,"Sulfated Carrageenan (Kappa, Iota, Lambda) Type-442","Carrageenan (Kappa, Iota, Lambda)",Corn starch / Potato starch,"High-purity biomedical grade carrageenan (kappa, iota, lambda) engineered for tissue engineering, drug delivery, and barrier applications.",high,26.45,38.66,1.73,3.92,5.66,148.55,25.44,518.0,10.8,True,12.51,44,287,True,high,True,True,False,Low (<0.1 EU/mg),False,True,True,True,True,False,False,False,True,False,Ethanol/Water 70:30,med,high,0.93
mat-0775,Methacrylated Agarose Type-181,Agarose & Agars,Wood pulp / Cotton linters,"High-purity biomedical grade agarose engineered for tissue engineering, drug delivery, and barrier applications.",med,15.54,22.13,1.58,3.78,44.78,117.7,3.79,1468.8,345.7,True,2.61,45,240,False,low,True,True,True,Ultra-Low (<0.05 EU/mg),True,False,True,True,True,False,True,True,True,True,Phosphate Buffered Saline,med,high,0.98
mat-0776,Sulfated Starch Type-439,Starch & Modified Starches,Porcine cartilage,"High-purity biomedical grade starch engineered for tissue engineering, drug delivery, and barrier applications.",high,14.61,40.75,1.72,4.94,6.01,44.02,14.18,1765.7,221.7,True,15.31,20,224,False,high,True,True,False,Low (<0.1 EU/mg),False,True,True,False,False,False,False,True,True,False,Ethanol/Water 70:30,high,low,0.93
mat-0777,Pharma-Grade Chondroitin Type-137,Chondroitin & Glycosaminoglycans,Xanthomonas campestris culture,"High-purity biomedical grade chondroitin engineered for tissue engineering, drug delivery, and barrier applications.",med,41.74,84.67,2.03,4.11,39.71,82.88,18.59,467.5,176.1,False,4.8,32,190,True,high,True,True,True,Standard (<0.5 EU/mg),True,False,True,False,True,False,True,True,False,False,"Water, Dilute Acetic Acid",med,high,0.93
mat-0778,Sulfated Xanthan Type-421,Xanthan & Gellan Gums,Wood pulp / Cotton linters,"High-purity biomedical grade xanthan engineered for tissue engineering, drug delivery, and barrier applications.",med,20.5,48.54,1.79,2.73,10.49,105.28,14.15,491.4,78.3,False,11.81,14,30,True,low,True,True,False,Ultra-Low (<0.05 EU/mg),True,False,False,False,False,True,True,False,True,False,"Water, Dilute Acetic Acid",med,low,0.99
mat-0779,Low-MW Xanthan Type-890,Xanthan & Gellan Gums,Recombinant yeast production,"High-purity biomedical grade xanthan engineered for tissue engineering, drug delivery, and barrier applications.",med,41.33,61.49,1.5,3.34,44.03,166.18,29.97,661.1,65.9,False,14.16,69,100,False,low,True,True,False,Standard (<0.5 EU/mg),False,False,False,False,True,True,True,True,False,True,Ethanol/Water 70:30,high,high,0.98
mat-0780,Pharma-Grade Cellulose Type-172,Cellulose & Nanocellulose,Bacterial fermentation (Streptococcus zooepidemicus),"High-purity biomedical grade cellulose engineered for tissue engineering, drug delivery, and barrier applications.",high,14.39,22.85,1.35,2.41,9.05,136.03,5.18,1402.6,316.0,False,12.61,87,163,False,low,True,True,False,Low (<0.1 EU/mg),False,True,True,False,False,True,True,True,True,False,"DMSO, Water",high,high,0.94
mat-0781,Pharma-Grade Pectin Type-597,Pectin & Pectinates,Corn starch / Potato starch,"High-purity biomedical grade pectin engineered for tissue engineering, drug delivery, and barrier applications.",med,31.76,46.27,0.32,0.69,19.4,68.73,8.13,313.9,55.6,True,6.44,50,107,True,low,True,True,False,Standard (<0.5 EU/mg),True,False,False,False,True,False,False,True,False,True,"DMSO, Water",med,low,0.89
mat-0782,Methacrylated Pullulan Type-639,Pullulan & Exopolysaccharides,Bacterial fermentation (Streptococcus zooepidemicus),"High-purity biomedical grade pullulan engineered for tissue engineering, drug delivery, and barrier applications.",low,12.92,29.74,2.84,5.94,26.43,80.49,5.69,1946.7,211.4,False,11.27,13,259,False,low,True,False,False,Ultra-Low (<0.05 EU/mg),False,False,True,True,True,True,True,False,False,True,Phosphate Buffered Saline,high,med,0.99
mat-0783,Ultra-Pure Alginate Type-953,Alginate & Salts,Corn starch / Potato starch,"High-purity biomedical grade alginate engineered for tissue engineering, drug delivery, and barrier applications.",low,11.71,50.87,1.63,2.72,8.6,109.03,3.02,1298.9,427.1,True,2.67,11,66,True,high,True,True,True,Low (<0.1 EU/mg),True,False,True,False,True,False,False,True,True,False,"DMSO, Water",med,high,0.91
mat-0784,"Carboxymethylated Carrageenan (Kappa, Iota, Lambda) Type-997","Carrageenan (Kappa, Iota, Lambda)",Leuconostoc mesenteroides fermentation,"High-purity biomedical grade carrageenan (kappa, iota, lambda) engineered for tissue engineering, drug delivery, and barrier applications.",med,30.42,61.69,1.86,3.09,18.88,38.59,1.91,1676.6,188.3,True,1.63,13,260,False,low,True,True,False,Low (<0.1 EU/mg),False,False,False,True,True,True,False,True,True,True,"DMSO, Water",low,high,0.96
mat-0785,Film-Forming Agarose Type-153,Agarose & Agars,Crustacean shells (Crab/Shrimp),"High-purity biomedical grade agarose engineered for tissue engineering, drug delivery, and barrier applications.",med,5.95,52.44,1.01,2.33,56.96,180.38,12.7,1541.0,207.0,True,5.1,73,242,False,high,False,True,True,Standard (<0.5 EU/mg),True,False,True,True,True,False,True,True,True,False,Phosphate Buffered Saline,med,high,0.91
mat-0786,Crosslinked Starch Type-836,Starch & Modified Starches,Corn starch / Potato starch,"High-purity biomedical grade starch engineered for tissue engineering, drug delivery, and barrier applications.",high,43.29,75.89,2.3,4.23,10.71,84.33,33.71,2192.3,345.9,True,5.79,70,161,True,high,True,True,False,Ultra-Low (<0.05 EU/mg),False,True,True,False,False,False,True,False,True,True,Ethanol/Water 70:30,high,low,0.97
mat-0787,Methacrylated Biopolymer Blends Type-723,Biopolymer Blends & Composites,Corn starch / Potato starch,"High-purity biomedical grade biopolymer blends engineered for tissue engineering, drug delivery, and barrier applications.",med,6.34,11.6,1.34,3.98,31.27,73.33,12.2,1577.7,62.1,True,7.73,50,76,False,high,True,True,True,Ultra-Low (<0.05 EU/mg),False,False,False,False,True,False,True,True,False,False,Ethanol/Water 70:30,med,low,0.98
mat-0788,Phosphate-modified Cellulose Type-834,Cellulose & Nanocellulose,Bacterial fermentation (Streptococcus zooepidemicus),"High-purity biomedical grade cellulose engineered for tissue engineering, drug delivery, and barrier applications.",med,10.29,46.59,3.44,6.39,59.21,124.86,26.54,2417.5,169.3,True,11.35,90,132,False,low,True,True,False,Low (<0.1 EU/mg),True,True,True,True,True,False,False,True,False,True,"DMSO, Water",low,high,0.89
mat-0789,Injectable Grade Pectin Type-864,Pectin & Pectinates,Aureobasidium pullulans culture,"High-purity biomedical grade pectin engineered for tissue engineering, drug delivery, and barrier applications.",med,8.28,55.92,3.01,3.21,41.99,129.84,6.19,1944.9,243.6,False,12.39,55,95,False,med,True,True,True,Low (<0.1 EU/mg),False,False,True,False,False,True,False,False,False,False,"Water, Dilute Acetic Acid",high,low,0.87
mat-0790,Injectable Grade Alginate Type-643,Alginate & Salts,Leuconostoc mesenteroides fermentation,"High-purity biomedical grade alginate engineered for tissue engineering, drug delivery, and barrier applications.",low,10.59,34.07,2.65,4.85,59.12,184.19,5.57,1053.4,290.8,True,15.12,26,137,False,med,True,True,False,Low (<0.1 EU/mg),False,True,False,True,False,False,False,False,True,True,Phosphate Buffered Saline,low,high,0.95
mat-0791,Phosphate-modified Chondroitin Type-851,Chondroitin & Glycosaminoglycans,Bacterial fermentation (Streptococcus zooepidemicus),"High-purity biomedical grade chondroitin engineered for tissue engineering, drug delivery, and barrier applications.",med,44.1,55.4,3.16,3.93,53.78,176.49,28.47,2292.0,86.9,True,8.95,40,218,True,low,True,False,False,Ultra-Low (<0.05 EU/mg),False,False,False,True,False,False,True,True,True,False,Phosphate Buffered Saline,low,low,0.91
mat-0792,Phosphate-modified Chitosan Type-824,Chitosan & Derivatives,Leuconostoc mesenteroides fermentation,"High-purity biomedical grade chitosan engineered for tissue engineering, drug delivery, and barrier applications.",low,27.48,54.03,2.96,4.37,24.12,128.59,27.69,281.1,291.7,False,12.94,28,288,False,high,True,False,False,Standard (<0.5 EU/mg),True,True,False,False,True,False,True,True,False,True,"DMSO, Water",med,high,0.85
mat-0793,Crosslinked Hyaluronic Acid Type-431,Hyaluronic Acid & Hyaluronates,Leuconostoc mesenteroides fermentation,"High-purity biomedical grade hyaluronic acid engineered for tissue engineering, drug delivery, and barrier applications.",med,26.41,31.71,2.22,3.73,39.06,128.55,17.91,1958.5,327.5,True,11.31,52,316,False,med,True,False,False,Ultra-Low (<0.05 EU/mg),False,False,True,True,True,False,True,False,False,True,Phosphate Buffered Saline,high,high,0.91
mat-0794,Sulfated Starch Type-768,Starch & Modified Starches,Red Seaweed (Rhodophyta),"High-purity biomedical grade starch engineered for tissue engineering, drug delivery, and barrier applications.",high,9.16,21.37,3.32,4.63,51.76,90.5,2.53,183.9,28.9,False,17.26,11,99,True,high,True,True,True,Ultra-Low (<0.05 EU/mg),True,True,True,True,False,True,True,True,False,True,"DMSO, Water",med,med,0.93
mat-0795,Low-MW Hyaluronic Acid Type-102,Hyaluronic Acid & Hyaluronates,Red Seaweed (Rhodophyta),"High-purity biomedical grade hyaluronic acid engineered for tissue engineering, drug delivery, and barrier applications.",low,7.56,32.77,0.18,1.5,34.96,80.43,24.06,1176.6,325.2,False,11.5,62,183,False,med,True,True,False,Ultra-Low (<0.05 EU/mg),False,True,True,True,False,True,True,True,False,False,Phosphate Buffered Saline,low,med,0.98
mat-0796,Pharma-Grade Cellulose Type-148,Cellulose & Nanocellulose,Crustacean shells (Crab/Shrimp),"High-purity biomedical grade cellulose engineered for tissue engineering, drug delivery, and barrier applications.",med,5.43,30.76,0.54,1.96,13.44,115.03,9.24,1807.7,93.8,False,12.67,88,242,True,med,True,True,True,Ultra-Low (<0.05 EU/mg),True,True,True,False,False,True,True,False,False,False,"DMSO, Water",high,high,0.9
mat-0797,Crosslinked Cellulose Type-978,Cellulose & Nanocellulose,Crustacean shells (Crab/Shrimp),"High-purity biomedical grade cellulose engineered for tissue engineering, drug delivery, and barrier applications.",med,16.14,32.51,3.31,4.99,28.97,75.92,17.05,222.0,250.5,False,14.45,49,77,True,med,True,True,False,Low (<0.1 EU/mg),False,True,True,True,False,True,True,False,True,False,"Water, Dilute Acetic Acid",high,high,0.99
mat-0798,Phosphate-modified Agarose Type-686,Agarose & Agars,Sphingomonas elodea culture,"High-purity biomedical grade agarose engineered for tissue engineering, drug delivery, and barrier applications.",med,34.23,74.01,0.52,3.9,43.96,106.11,24.89,1786.3,68.6,True,6.65,77,189,False,high,True,True,True,Ultra-Low (<0.05 EU/mg),True,False,False,False,True,False,True,False,True,True,"Water, Dilute Acetic Acid",low,med,0.97
mat-0799,Quaternized Starch Type-618,Starch & Modified Starches,Xanthomonas campestris culture,"High-purity biomedical grade starch engineered for tissue engineering, drug delivery, and barrier applications.",med,12.26,37.3,1.95,4.2,27.1,68.05,34.44,799.4,268.5,True,1.53,52,69,False,low,True,True,False,Ultra-Low (<0.05 EU/mg),True,True,True,False,False,False,False,True,True,False,Ethanol/Water 70:30,high,med,0.92
mat-0800,Methacrylated Dextran Type-713,Dextran & Dextran Esters,Aureobasidium pullulans culture,"High-purity biomedical grade dextran engineered for tissue engineering, drug delivery, and barrier applications.",high,8.53,44.16,2.77,6.73,48.86,90.15,25.24,1932.7,215.8,True,8.63,39,219,True,low,False,True,False,Ultra-Low (<0.05 EU/mg),False,True,True,False,True,True,True,True,True,False,"DMSO, Water",low,low,0.99
mat-0801,Carboxymethylated Cellulose Type-569,Cellulose & Nanocellulose,Corn starch / Potato starch,"High-purity biomedical grade cellulose engineered for tissue engineering, drug delivery, and barrier applications.",med,7.81,43.03,2.26,5.83,37.27,148.28,1.74,2472.7,228.2,False,16.36,21,161,False,high,True,True,True,Low (<0.1 EU/mg),False,False,True,True,True,False,False,True,False,False,"Water, Dilute Acetic Acid",high,med,0.97
mat-0802,"Methacrylated Carrageenan (Kappa, Iota, Lambda) Type-505","Carrageenan (Kappa, Iota, Lambda)",Sphingomonas elodea culture,"High-purity biomedical grade carrageenan (kappa, iota, lambda) engineered for tissue engineering, drug delivery, and barrier applications.",med,33.47,78.81,0.13,0.35,18.05,110.28,22.12,2453.5,383.8,False,14.33,47,297,False,med,True,True,True,Ultra-Low (<0.05 EU/mg),True,False,True,False,False,False,True,False,False,False,"Water, Dilute Acetic Acid",high,med,0.85
mat-0803,Pharma-Grade Biopolymer Blends Type-365,Biopolymer Blends & Composites,Bacterial fermentation (Streptococcus zooepidemicus),"High-purity biomedical grade biopolymer blends engineered for tissue engineering, drug delivery, and barrier applications.",med,31.09,59.28,3.23,5.39,57.51,156.67,30.38,1890.8,213.3,False,7.31,47,291,True,high,True,True,False,Standard (<0.5 EU/mg),True,False,False,False,True,False,True,False,True,True,"DMSO, Water",high,high,0.86
mat-0804,Film-Forming Xanthan Type-577,Xanthan & Gellan Gums,Red Seaweed (Rhodophyta),"High-purity biomedical grade xanthan engineered for tissue engineering, drug delivery, and barrier applications.",high,8.76,55.21,2.27,3.2,41.17,141.04,1.59,1343.5,105.9,True,3.7,32,302,False,med,True,False,False,Standard (<0.5 EU/mg),False,True,False,True,True,True,True,True,False,False,Phosphate Buffered Saline,low,med,0.89
mat-0805,Biomedical Grade Chondroitin Type-827,Chondroitin & Glycosaminoglycans,Citrus peel / Apple pomace,"High-purity biomedical grade chondroitin engineered for tissue engineering, drug delivery, and barrier applications.",high,16.39,41.66,0.99,3.81,15.36,160.96,9.73,1282.9,42.9,False,14.51,49,80,True,high,True,True,False,Low (<0.1 EU/mg),True,True,True,False,True,False,False,True,True,False,Ethanol/Water 70:30,med,med,0.93
mat-0806,Methacrylated Biopolymer Blends Type-918,Biopolymer Blends & Composites,Corn starch / Potato starch,"High-purity biomedical grade biopolymer blends engineered for tissue engineering, drug delivery, and barrier applications.",low,11.4,41.2,0.95,3.67,10.13,109.01,17.5,1871.2,355.7,False,6.66,63,284,True,low,True,True,False,Standard (<0.5 EU/mg),True,True,False,False,False,False,False,False,True,True,Ethanol/Water 70:30,med,med,0.9
mat-0807,Phosphate-modified Starch Type-440,Starch & Modified Starches,Crustacean shells (Crab/Shrimp),"High-purity biomedical grade starch engineered for tissue engineering, drug delivery, and barrier applications.",low,21.32,58.08,1.56,3.66,31.8,117.25,28.37,882.3,359.2,True,12.06,69,292,True,high,True,True,False,Ultra-Low (<0.05 EU/mg),True,True,True,True,False,False,True,False,True,True,Phosphate Buffered Saline,low,low,0.93
mat-0808,Quaternized Starch Type-792,Starch & Modified Starches,Crustacean shells (Crab/Shrimp),"High-purity biomedical grade starch engineered for tissue engineering, drug delivery, and barrier applications.",med,23.32,55.57,1.57,5.34,30.42,168.9,3.75,950.8,57.4,True,2.14,81,201,False,med,True,True,False,Low (<0.1 EU/mg),True,False,True,True,True,True,True,True,True,False,Phosphate Buffered Saline,low,low,0.98
mat-0809,Ultra-Pure Cellulose Type-591,Cellulose & Nanocellulose,Fungal fermentation (Aspergillus niger),"High-purity biomedical grade cellulose engineered for tissue engineering, drug delivery, and barrier applications.",low,41.79,48.69,0.29,2.62,53.65,135.18,23.35,1194.5,133.1,False,14.29,47,207,False,med,True,True,False,Low (<0.1 EU/mg),True,True,False,True,True,True,True,True,True,False,"Water, Dilute Acetic Acid",med,med,0.91
mat-0810,Quaternized Agarose Type-615,Agarose & Agars,Aureobasidium pullulans culture,"High-purity biomedical grade agarose engineered for tissue engineering, drug delivery, and barrier applications.",med,34.63,51.81,1.49,4.9,27.93,134.9,2.15,1152.5,375.3,False,8.59,87,232,False,low,True,True,False,Standard (<0.5 EU/mg),False,False,False,False,True,False,True,False,False,False,"DMSO, Water",med,med,0.97
mat-0811,Sulfated Chitosan Type-188,Chitosan & Derivatives,Brown Seaweed (Laminaria hyperborea),"High-purity biomedical grade chitosan engineered for tissue engineering, drug delivery, and barrier applications.",high,25.56,57.86,3.34,4.12,21.85,87.69,3.55,1557.0,235.6,True,16.21,16,223,False,low,True,True,True,Ultra-Low (<0.05 EU/mg),True,False,True,False,False,False,True,True,True,False,"DMSO, Water",med,med,1.0
mat-0812,"Film-Forming Carrageenan (Kappa, Iota, Lambda) Type-476","Carrageenan (Kappa, Iota, Lambda)",Xanthomonas campestris culture,"High-purity biomedical grade carrageenan (kappa, iota, lambda) engineered for tissue engineering, drug delivery, and barrier applications.",low,23.65,52.22,3.15,6.69,46.85,196.39,5.97,1759.1,114.8,False,12.49,41,97,False,low,True,True,False,Standard (<0.5 EU/mg),False,True,False,True,True,False,True,False,False,True,Ethanol/Water 70:30,low,low,0.92
mat-0813,High-MW Xanthan Type-841,Xanthan & Gellan Gums,Crustacean shells (Crab/Shrimp),"High-purity biomedical grade xanthan engineered for tissue engineering, drug delivery, and barrier applications.",med,16.41,34.23,0.86,4.77,36.84,149.32,21.5,1214.6,76.7,False,8.13,13,194,True,low,True,True,False,Low (<0.1 EU/mg),False,True,True,False,False,True,True,True,False,True,Phosphate Buffered Saline,med,high,0.89
mat-0814,Low-MW Dextran Type-802,Dextran & Dextran Esters,Porcine cartilage,"High-purity biomedical grade dextran engineered for tissue engineering, drug delivery, and barrier applications.",high,14.19,49.91,0.7,1.21,59.44,93.54,31.69,1256.1,408.0,False,5.72,65,249,True,high,True,True,False,Ultra-Low (<0.05 EU/mg),False,False,True,False,True,False,False,True,True,False,"Water, Dilute Acetic Acid",med,med,0.87
mat-0815,Pharma-Grade Biopolymer Blends Type-316,Biopolymer Blends & Composites,Red Seaweed (Rhodophyta),"High-purity biomedical grade biopolymer blends engineered for tissue engineering, drug delivery, and barrier applications.",med,42.65,83.06,2.99,3.54,54.39,90.66,16.86,1985.3,279.5,True,15.79,61,277,False,med,True,True,False,Low (<0.1 EU/mg),False,False,False,True,False,False,True,False,False,False,"Water, Dilute Acetic Acid",med,med,0.94
mat-0816,Nanofibrillated Chitosan Type-159,Chitosan & Derivatives,Bacterial fermentation (Streptococcus zooepidemicus),"High-purity biomedical grade chitosan engineered for tissue engineering, drug delivery, and barrier applications.",high,36.88,64.53,0.68,3.67,42.06,114.25,10.4,213.0,281.6,False,4.71,40,245,True,med,True,True,False,Low (<0.1 EU/mg),True,True,True,False,True,False,False,False,False,True,Phosphate Buffered Saline,low,low,0.9
mat-0817,"Sulfated Carrageenan (Kappa, Iota, Lambda) Type-220","Carrageenan (Kappa, Iota, Lambda)",Leuconostoc mesenteroides fermentation,"High-purity biomedical grade carrageenan (kappa, iota, lambda) engineered for tissue engineering, drug delivery, and barrier applications.",med,7.09,41.75,2.56,3.51,20.12,161.3,19.32,2212.3,27.5,True,3.68,60,209,True,med,True,False,False,Low (<0.1 EU/mg),True,False,False,False,True,False,True,True,True,False,"DMSO, Water",high,med,0.94
mat-0818,Carboxymethylated Pullulan Type-557,Pullulan & Exopolysaccharides,Wood pulp / Cotton linters,"High-purity biomedical grade pullulan engineered for tissue engineering, drug delivery, and barrier applications.",med,16.79,48.06,3.28,7.12,31.5,118.17,9.94,1264.9,359.5,True,2.55,62,116,False,low,True,True,False,Ultra-Low (<0.05 EU/mg),True,True,False,False,False,False,False,False,False,False,Ethanol/Water 70:30,med,high,0.89
mat-0819,Injectable Grade Dextran Type-401,Dextran & Dextran Esters,Fungal fermentation (Aspergillus niger),"High-purity biomedical grade dextran engineered for tissue engineering, drug delivery, and barrier applications.",med,5.17,51.48,3.25,3.97,56.46,205.22,34.45,1127.5,401.8,True,12.81,84,320,True,high,True,True,True,Standard (<0.5 EU/mg),True,False,False,True,True,True,True,False,False,False,"DMSO, Water",high,low,0.91
mat-0820,Biomedical Grade Biopolymer Blends Type-457,Biopolymer Blends & Composites,Corn starch / Potato starch,"High-purity biomedical grade biopolymer blends engineered for tissue engineering, drug delivery, and barrier applications.",low,40.48,89.63,1.49,4.74,12.49,41.01,32.37,2189.4,37.3,False,1.67,60,245,False,high,True,True,True,Ultra-Low (<0.05 EU/mg),True,True,True,False,False,True,True,True,True,False,Phosphate Buffered Saline,high,high,0.96
mat-0821,High-MW Dextran Type-649,Dextran & Dextran Esters,Corn starch / Potato starch,"High-purity biomedical grade dextran engineered for tissue engineering, drug delivery, and barrier applications.",med,11.48,29.9,3.07,4.61,15.34,34.11,28.52,455.6,43.7,True,9.46,30,293,True,med,True,True,False,Ultra-Low (<0.05 EU/mg),False,False,False,True,False,False,False,False,True,True,Phosphate Buffered Saline,high,high,0.95
mat-0822,Quaternized Hyaluronic Acid Type-242,Hyaluronic Acid & Hyaluronates,Fungal fermentation (Aspergillus niger),"High-purity biomedical grade hyaluronic acid engineered for tissue engineering, drug delivery, and barrier applications.",high,41.59,70.14,1.94,3.78,7.28,146.83,29.45,1591.6,181.6,False,4.15,71,165,False,med,True,True,True,Low (<0.1 EU/mg),True,True,False,True,True,True,True,True,True,False,"DMSO, Water",high,med,1.0
mat-0823,Injectable Grade Hyaluronic Acid Type-553,Hyaluronic Acid & Hyaluronates,Recombinant yeast production,"High-purity biomedical grade hyaluronic acid engineered for tissue engineering, drug delivery, and barrier applications.",high,26.81,37.94,3.31,6.18,47.78,83.84,6.32,1237.5,176.6,True,13.34,26,43,False,med,True,True,False,Low (<0.1 EU/mg),True,False,True,True,True,False,False,False,False,True,Ethanol/Water 70:30,med,low,0.88
mat-0824,Low-MW Xanthan Type-979,Xanthan & Gellan Gums,Porcine cartilage,"High-purity biomedical grade xanthan engineered for tissue engineering, drug delivery, and barrier applications.",high,23.12,57.11,2.71,3.12,23.18,80.73,13.44,1522.4,106.1,True,14.24,35,113,True,high,True,False,False,Low (<0.1 EU/mg),False,True,False,True,True,False,False,False,False,False,Phosphate Buffered Saline,high,med,0.98
mat-0825,Biomedical Grade Dextran Type-139,Dextran & Dextran Esters,Wood pulp / Cotton linters,"High-purity biomedical grade dextran engineered for tissue engineering, drug delivery, and barrier applications.",low,21.62,70.32,1.93,5.76,24.78,116.51,22.86,2180.9,185.9,False,5.11,57,246,False,high,True,False,True,Standard (<0.5 EU/mg),False,False,False,True,True,True,True,True,True,False,Ethanol/Water 70:30,med,high,0.92
mat-0826,Methacrylated Chondroitin Type-129,Chondroitin & Glycosaminoglycans,Crustacean shells (Crab/Shrimp),"High-purity biomedical grade chondroitin engineered for tissue engineering, drug delivery, and barrier applications.",med,21.93,34.21,2.4,3.59,22.2,149.84,24.2,805.8,80.3,False,1.73,59,85,False,low,True,True,False,Low (<0.1 EU/mg),True,True,True,True,False,True,False,True,True,True,Ethanol/Water 70:30,med,high,0.94
mat-0827,Hydrogel-Grade Starch Type-661,Starch & Modified Starches,Porcine cartilage,"High-purity biomedical grade starch engineered for tissue engineering, drug delivery, and barrier applications.",high,6.53,41.84,3.32,4.91,17.02,91.0,29.56,614.7,187.6,True,3.37,90,334,False,low,True,True,False,Ultra-Low (<0.05 EU/mg),False,False,False,False,False,False,False,False,False,False,Ethanol/Water 70:30,low,med,0.9
mat-0828,Crosslinked Xanthan Type-804,Xanthan & Gellan Gums,Xanthomonas campestris culture,"High-purity biomedical grade xanthan engineered for tissue engineering, drug delivery, and barrier applications.",med,27.53,60.95,1.61,2.95,25.05,159.66,29.63,2259.3,256.0,False,17.03,47,128,False,low,True,True,False,Standard (<0.5 EU/mg),True,True,False,False,True,True,True,True,False,False,"DMSO, Water",med,high,0.89
mat-0829,Ultra-Pure Hyaluronic Acid Type-923,Hyaluronic Acid & Hyaluronates,Bacterial fermentation (Streptococcus zooepidemicus),"High-purity biomedical grade hyaluronic acid engineered for tissue engineering, drug delivery, and barrier applications.",low,37.27,48.37,2.24,5.35,53.49,128.34,2.36,1867.0,250.6,False,17.18,31,230,True,low,True,True,True,Ultra-Low (<0.05 EU/mg),False,True,True,True,False,True,False,True,False,True,Phosphate Buffered Saline,high,low,0.97
mat-0830,Quaternized Chitosan Type-835,Chitosan & Derivatives,Recombinant yeast production,"High-purity biomedical grade chitosan engineered for tissue engineering, drug delivery, and barrier applications.",med,19.14,49.87,2.08,2.51,6.48,145.99,17.53,2295.8,49.0,True,16.39,48,216,False,low,True,False,True,Low (<0.1 EU/mg),True,False,True,False,False,False,True,True,True,False,Phosphate Buffered Saline,med,med,0.93
mat-0831,Low-MW Alginate Type-605,Alginate & Salts,Bacterial fermentation (Streptococcus zooepidemicus),"High-purity biomedical grade alginate engineered for tissue engineering, drug delivery, and barrier applications.",med,10.14,49.7,0.61,3.75,39.06,172.66,25.21,1330.9,447.3,True,2.75,82,252,True,low,True,False,True,Standard (<0.5 EU/mg),True,False,False,False,False,True,True,True,True,True,Phosphate Buffered Saline,low,high,0.88
mat-0832,Sulfated Starch Type-675,Starch & Modified Starches,Sphingomonas elodea culture,"High-purity biomedical grade starch engineered for tissue engineering, drug delivery, and barrier applications.",high,13.28,38.18,0.62,3.71,53.46,151.1,17.88,2480.5,438.5,True,16.51,17,36,True,high,True,True,False,Standard (<0.5 EU/mg),False,False,True,False,True,True,True,True,True,True,Phosphate Buffered Saline,med,med,0.94
mat-0833,Ultra-Pure Agarose Type-604,Agarose & Agars,Fungal fermentation (Aspergillus niger),"High-purity biomedical grade agarose engineered for tissue engineering, drug delivery, and barrier applications.",med,25.77,65.42,1.27,4.61,32.28,90.83,25.06,991.5,388.3,False,3.75,16,223,True,low,True,True,False,Standard (<0.5 EU/mg),True,True,True,False,False,True,True,False,True,True,"DMSO, Water",med,med,0.85
mat-0834,Phosphate-modified Starch Type-722,Starch & Modified Starches,Wood pulp / Cotton linters,"High-purity biomedical grade starch engineered for tissue engineering, drug delivery, and barrier applications.",med,28.89,71.57,1.45,4.26,18.51,128.71,34.56,732.4,313.6,True,1.69,20,196,True,low,True,False,True,Standard (<0.5 EU/mg),True,False,True,True,True,True,False,True,True,False,Ethanol/Water 70:30,high,med,0.89
mat-0835,Nanofibrillated Chondroitin Type-810,Chondroitin & Glycosaminoglycans,Leuconostoc mesenteroides fermentation,"High-purity biomedical grade chondroitin engineered for tissue engineering, drug delivery, and barrier applications.",med,29.92,64.22,0.93,2.4,45.27,172.97,18.01,484.0,384.4,False,16.54,25,230,False,high,True,True,False,Low (<0.1 EU/mg),True,False,True,True,False,True,True,False,False,True,"DMSO, Water",low,med,0.98
mat-0836,Crosslinked Xanthan Type-248,Xanthan & Gellan Gums,Bacterial fermentation (Streptococcus zooepidemicus),"High-purity biomedical grade xanthan engineered for tissue engineering, drug delivery, and barrier applications.",med,6.3,42.57,1.5,3.37,33.54,101.4,31.6,792.7,199.5,False,17.05,41,105,False,low,True,True,True,Low (<0.1 EU/mg),True,False,False,False,True,False,False,False,True,True,Ethanol/Water 70:30,med,high,0.9
mat-0837,High-MW Pullulan Type-213,Pullulan & Exopolysaccharides,Sphingomonas elodea culture,"High-purity biomedical grade pullulan engineered for tissue engineering, drug delivery, and barrier applications.",high,15.12,23.7,1.59,3.86,43.87,153.46,25.05,2245.3,42.0,False,3.19,46,257,True,low,True,True,False,Low (<0.1 EU/mg),False,True,False,False,False,False,False,False,False,True,"DMSO, Water",high,low,0.91
mat-0838,Carboxymethylated Biopolymer Blends Type-969,Biopolymer Blends & Composites,Porcine cartilage,"High-purity biomedical grade biopolymer blends engineered for tissue engineering, drug delivery, and barrier applications.",high,44.67,72.16,0.4,1.61,6.5,57.11,28.28,790.8,311.8,False,17.86,79,274,False,med,True,True,True,Low (<0.1 EU/mg),True,False,True,True,False,True,True,False,False,False,Phosphate Buffered Saline,high,low,0.95
mat-0839,Injectable Grade Chondroitin Type-555,Chondroitin & Glycosaminoglycans,Sphingomonas elodea culture,"High-purity biomedical grade chondroitin engineered for tissue engineering, drug delivery, and barrier applications.",high,13.31,54.21,0.89,2.49,48.24,65.99,20.96,2118.7,287.6,True,17.66,81,194,False,low,True,True,True,Standard (<0.5 EU/mg),False,True,True,True,True,False,False,True,True,False,Ethanol/Water 70:30,high,med,0.88
mat-0840,Methacrylated Chondroitin Type-932,Chondroitin & Glycosaminoglycans,Red Seaweed (Rhodophyta),"High-purity biomedical grade chondroitin engineered for tissue engineering, drug delivery, and barrier applications.",low,32.64,45.41,1.76,4.13,44.19,134.89,30.86,441.7,367.0,False,5.49,85,297,False,high,True,True,True,Standard (<0.5 EU/mg),False,False,False,True,False,False,True,True,True,True,"DMSO, Water",high,high,0.98
mat-0841,Methacrylated Xanthan Type-309,Xanthan & Gellan Gums,Wood pulp / Cotton linters,"High-purity biomedical grade xanthan engineered for tissue engineering, drug delivery, and barrier applications.",med,28.2,68.44,2.47,3.88,15.13,68.96,5.44,1111.9,103.7,True,15.03,61,217,False,high,True,False,False,Low (<0.1 EU/mg),True,False,True,False,True,True,False,False,False,False,"Water, Dilute Acetic Acid",high,high,0.89
mat-0842,Film-Forming Pectin Type-896,Pectin & Pectinates,Aureobasidium pullulans culture,"High-purity biomedical grade pectin engineered for tissue engineering, drug delivery, and barrier applications.",med,16.27,52.72,3.0,3.86,43.81,143.0,31.3,726.3,324.0,True,14.42,76,193,True,med,True,True,False,Ultra-Low (<0.05 EU/mg),False,False,True,True,True,True,False,False,False,False,"DMSO, Water",high,med,0.86
mat-0843,Quaternized Alginate Type-630,Alginate & Salts,Leuconostoc mesenteroides fermentation,"High-purity biomedical grade alginate engineered for tissue engineering, drug delivery, and barrier applications.",low,34.15,83.46,2.94,6.43,57.81,202.18,24.12,1376.1,271.6,True,16.86,7,270,True,low,False,True,True,Ultra-Low (<0.05 EU/mg),False,False,False,True,True,True,True,False,False,False,Phosphate Buffered Saline,high,med,0.98
mat-0844,Crosslinked Dextran Type-849,Dextran & Dextran Esters,Recombinant yeast production,"High-purity biomedical grade dextran engineered for tissue engineering, drug delivery, and barrier applications.",high,25.65,55.25,2.32,3.8,44.07,87.83,35.0,1722.4,437.0,False,8.9,14,268,True,high,True,True,True,Low (<0.1 EU/mg),True,True,True,True,True,False,False,True,False,False,"DMSO, Water",high,low,0.87
mat-0845,Quaternized Agarose Type-836,Agarose & Agars,Recombinant yeast production,"High-purity biomedical grade agarose engineered for tissue engineering, drug delivery, and barrier applications.",med,44.71,87.01,2.3,3.87,8.47,61.51,26.89,1721.3,68.8,True,14.11,7,28,True,high,False,True,False,Standard (<0.5 EU/mg),True,False,True,True,False,True,False,False,True,True,"Water, Dilute Acetic Acid",med,high,0.86
mat-0846,Crosslinked Pullulan Type-379,Pullulan & Exopolysaccharides,Leuconostoc mesenteroides fermentation,"High-purity biomedical grade pullulan engineered for tissue engineering, drug delivery, and barrier applications.",med,11.18,47.47,1.58,4.53,34.75,165.88,32.78,563.6,190.3,True,15.52,43,194,False,med,True,True,False,Ultra-Low (<0.05 EU/mg),False,True,True,True,False,False,False,False,False,True,"Water, Dilute Acetic Acid",low,med,0.9
mat-0847,Injectable Grade Hyaluronic Acid Type-252,Hyaluronic Acid & Hyaluronates,Crustacean shells (Crab/Shrimp),"High-purity biomedical grade hyaluronic acid engineered for tissue engineering, drug delivery, and barrier applications.",low,44.0,66.87,3.47,4.53,16.92,145.24,14.53,2387.3,122.5,True,17.21,54,294,True,low,True,False,False,Ultra-Low (<0.05 EU/mg),False,True,False,True,False,True,False,False,True,True,Ethanol/Water 70:30,med,med,0.96
mat-0848,High-MW Starch Type-228,Starch & Modified Starches,Citrus peel / Apple pomace,"High-purity biomedical grade starch engineered for tissue engineering, drug delivery, and barrier applications.",high,13.0,52.2,2.05,5.99,8.4,130.2,29.66,2217.4,185.8,False,11.29,33,146,True,med,True,True,True,Low (<0.1 EU/mg),False,False,True,True,False,True,True,False,True,True,Ethanol/Water 70:30,high,low,0.87
mat-0849,Injectable Grade Cellulose Type-334,Cellulose & Nanocellulose,Sphingomonas elodea culture,"High-purity biomedical grade cellulose engineered for tissue engineering, drug delivery, and barrier applications.",med,35.67,72.12,3.11,3.34,43.11,96.82,23.44,739.8,404.3,True,13.68,8,158,True,low,True,True,False,Standard (<0.5 EU/mg),True,False,False,False,True,True,False,False,True,False,"DMSO, Water",low,med,0.87
mat-0850,Injectable Grade Pullulan Type-827,Pullulan & Exopolysaccharides,Xanthomonas campestris culture,"High-purity biomedical grade pullulan engineered for tissue engineering, drug delivery, and barrier applications.",med,35.11,71.03,0.49,4.3,36.43,100.42,2.05,2446.5,286.2,False,7.41,52,223,False,high,True,True,True,Standard (<0.5 EU/mg),True,False,True,False,False,True,False,True,True,False,Phosphate Buffered Saline,high,high,0.91
mat-0851,Quaternized Pullulan Type-731,Pullulan & Exopolysaccharides,Bacterial fermentation (Streptococcus zooepidemicus),"High-purity biomedical grade pullulan engineered for tissue engineering, drug delivery, and barrier applications.",med,43.46,72.14,1.99,4.61,36.47,77.4,16.8,2288.9,216.2,True,12.59,17,221,True,low,True,True,True,Standard (<0.5 EU/mg),False,False,False,True,True,True,False,True,False,False,"DMSO, Water",high,high,0.93
mat-0852,Biomedical Grade Xanthan Type-885,Xanthan & Gellan Gums,Crustacean shells (Crab/Shrimp),"High-purity biomedical grade xanthan engineered for tissue engineering, drug delivery, and barrier applications.",med,23.31,72.88,1.78,3.77,52.9,178.94,20.83,1399.9,118.5,False,13.37,18,32,True,high,True,True,False,Ultra-Low (<0.05 EU/mg),True,True,True,False,False,False,True,False,False,True,"DMSO, Water",low,high,0.94
mat-0853,"Quaternized Carrageenan (Kappa, Iota, Lambda) Type-710","Carrageenan (Kappa, Iota, Lambda)",Wood pulp / Cotton linters,"High-purity biomedical grade carrageenan (kappa, iota, lambda) engineered for tissue engineering, drug delivery, and barrier applications.",low,27.25,47.9,2.78,4.07,24.93,143.95,23.37,616.2,216.8,False,4.85,13,103,True,low,True,True,False,Low (<0.1 EU/mg),False,False,True,True,False,False,False,True,True,True,Phosphate Buffered Saline,med,high,0.92
mat-0854,"Crosslinked Carrageenan (Kappa, Iota, Lambda) Type-712","Carrageenan (Kappa, Iota, Lambda)",Fungal fermentation (Aspergillus niger),"High-purity biomedical grade carrageenan (kappa, iota, lambda) engineered for tissue engineering, drug delivery, and barrier applications.",med,20.66,61.52,2.07,2.4,5.57,92.39,15.93,1842.0,330.0,False,4.69,26,251,False,med,False,True,False,Standard (<0.5 EU/mg),True,False,False,False,False,True,False,False,True,True,Phosphate Buffered Saline,med,low,0.99
mat-0855,Hydrogel-Grade Pectin Type-889,Pectin & Pectinates,Sphingomonas elodea culture,"High-purity biomedical grade pectin engineered for tissue engineering, drug delivery, and barrier applications.",med,19.63,67.36,0.47,1.76,46.32,170.37,25.48,1133.4,433.0,False,5.48,70,193,True,high,True,True,True,Standard (<0.5 EU/mg),False,True,True,False,False,False,False,True,True,False,Ethanol/Water 70:30,high,med,0.92
mat-0856,"Nanofibrillated Carrageenan (Kappa, Iota, Lambda) Type-871","Carrageenan (Kappa, Iota, Lambda)",Leuconostoc mesenteroides fermentation,"High-purity biomedical grade carrageenan (kappa, iota, lambda) engineered for tissue engineering, drug delivery, and barrier applications.",med,44.07,61.37,2.87,4.42,38.34,104.8,12.18,653.7,27.9,True,13.75,14,104,True,low,True,True,False,Standard (<0.5 EU/mg),False,False,False,True,False,True,False,True,False,False,"DMSO, Water",high,med,0.88
mat-0857,Low-MW Alginate Type-939,Alginate & Salts,Fungal fermentation (Aspergillus niger),"High-purity biomedical grade alginate engineered for tissue engineering, drug delivery, and barrier applications.",med,20.56,62.57,1.81,2.25,33.66,49.96,12.56,879.3,283.6,False,8.38,45,89,True,med,True,True,False,Standard (<0.5 EU/mg),True,True,False,True,True,True,True,False,True,True,"DMSO, Water",high,med,1.0
mat-0858,Injectable Grade Pullulan Type-518,Pullulan & Exopolysaccharides,Sphingomonas elodea culture,"High-purity biomedical grade pullulan engineered for tissue engineering, drug delivery, and barrier applications.",med,42.05,50.21,2.01,4.64,7.33,133.33,5.61,1374.7,107.5,True,7.46,76,302,False,low,True,True,True,Standard (<0.5 EU/mg),True,True,True,False,False,True,True,True,True,True,Phosphate Buffered Saline,med,med,0.98
mat-0859,Nanofibrillated Alginate Type-194,Alginate & Salts,Citrus peel / Apple pomace,"High-purity biomedical grade alginate engineered for tissue engineering, drug delivery, and barrier applications.",med,20.39,66.53,2.85,5.32,38.42,156.32,5.38,2296.4,285.2,False,1.81,52,238,True,high,True,True,False,Low (<0.1 EU/mg),False,False,True,False,False,True,False,True,True,False,Phosphate Buffered Saline,high,low,0.96
mat-0860,Film-Forming Biopolymer Blends Type-970,Biopolymer Blends & Composites,Leuconostoc mesenteroides fermentation,"High-purity biomedical grade biopolymer blends engineered for tissue engineering, drug delivery, and barrier applications.",high,43.17,86.31,3.46,3.73,55.51,163.79,21.61,346.8,433.6,True,4.69,24,76,True,med,True,True,True,Standard (<0.5 EU/mg),False,True,True,True,False,True,False,False,False,False,"DMSO, Water",low,high,0.92
mat-0861,Ultra-Pure Pullulan Type-497,Pullulan & Exopolysaccharides,Corn starch / Potato starch,"High-purity biomedical grade pullulan engineered for tissue engineering, drug delivery, and barrier applications.",low,32.62,77.95,3.44,7.08,48.39,162.08,25.65,1676.7,413.4,False,11.14,54,105,False,med,True,True,True,Standard (<0.5 EU/mg),False,True,True,True,True,True,True,True,True,True,Phosphate Buffered Saline,med,med,0.94
mat-0862,Nanofibrillated Chondroitin Type-887,Chondroitin & Glycosaminoglycans,Red Seaweed (Rhodophyta),"High-purity biomedical grade chondroitin engineered for tissue engineering, drug delivery, and barrier applications.",med,41.61,49.29,2.78,3.82,48.49,172.73,12.92,1161.6,299.6,True,15.41,81,293,True,high,True,False,True,Ultra-Low (<0.05 EU/mg),False,True,False,True,True,True,True,True,True,False,"Water, Dilute Acetic Acid",high,low,0.91
mat-0863,Injectable Grade Pectin Type-205,Pectin & Pectinates,Sphingomonas elodea culture,"High-purity biomedical grade pectin engineered for tissue engineering, drug delivery, and barrier applications.",high,35.75,52.14,2.64,5.91,51.19,183.89,25.0,1775.7,229.8,True,5.51,77,211,False,med,True,True,False,Ultra-Low (<0.05 EU/mg),True,False,True,False,True,False,True,False,False,False,"DMSO, Water",med,high,0.93
mat-0864,Phosphate-modified Xanthan Type-752,Xanthan & Gellan Gums,Leuconostoc mesenteroides fermentation,"High-purity biomedical grade xanthan engineered for tissue engineering, drug delivery, and barrier applications.",high,18.94,53.36,1.76,2.5,59.05,79.99,6.29,1603.9,17.1,False,8.83,90,330,False,low,True,True,False,Standard (<0.5 EU/mg),False,False,False,False,True,False,True,True,True,False,Ethanol/Water 70:30,med,low,0.93
mat-0865,Sulfated Xanthan Type-226,Xanthan & Gellan Gums,Red Seaweed (Rhodophyta),"High-purity biomedical grade xanthan engineered for tissue engineering, drug delivery, and barrier applications.",high,31.89,53.78,1.86,4.27,5.79,151.04,33.72,1060.4,277.9,False,17.28,17,92,False,med,True,True,True,Low (<0.1 EU/mg),True,False,True,False,False,False,False,True,True,False,Ethanol/Water 70:30,med,low,0.98
mat-0866,Methacrylated Chondroitin Type-941,Chondroitin & Glycosaminoglycans,Xanthomonas campestris culture,"High-purity biomedical grade chondroitin engineered for tissue engineering, drug delivery, and barrier applications.",med,11.33,56.69,2.89,4.98,12.27,34.41,32.92,907.4,130.3,True,6.92,50,263,True,low,True,True,False,Standard (<0.5 EU/mg),False,False,True,False,True,True,False,True,False,True,"Water, Dilute Acetic Acid",high,med,0.99
mat-0867,Quaternized Cellulose Type-303,Cellulose & Nanocellulose,Porcine cartilage,"High-purity biomedical grade cellulose engineered for tissue engineering, drug delivery, and barrier applications.",low,33.76,61.94,1.36,3.13,23.12,167.62,22.39,827.2,75.7,True,3.33,22,39,True,low,False,True,False,Standard (<0.5 EU/mg),True,True,False,True,False,True,False,True,False,True,"DMSO, Water",med,high,0.96
mat-0868,Pharma-Grade Hyaluronic Acid Type-994,Hyaluronic Acid & Hyaluronates,Wood pulp / Cotton linters,"High-purity biomedical grade hyaluronic acid engineered for tissue engineering, drug delivery, and barrier applications.",low,10.94,57.7,1.55,3.77,17.54,57.92,22.36,1479.7,309.8,True,9.64,90,111,True,high,True,True,True,Ultra-Low (<0.05 EU/mg),False,False,False,True,False,False,False,False,False,False,Phosphate Buffered Saline,med,low,0.97
mat-0869,Nanofibrillated Pectin Type-635,Pectin & Pectinates,Leuconostoc mesenteroides fermentation,"High-purity biomedical grade pectin engineered for tissue engineering, drug delivery, and barrier applications.",low,34.96,84.61,2.9,3.67,22.09,136.79,5.8,906.5,153.9,True,16.3,74,183,True,med,True,True,True,Low (<0.1 EU/mg),True,False,True,True,False,False,False,False,False,False,"DMSO, Water",high,low,0.93
mat-0870,Nanofibrillated Pullulan Type-607,Pullulan & Exopolysaccharides,Wood pulp / Cotton linters,"High-purity biomedical grade pullulan engineered for tissue engineering, drug delivery, and barrier applications.",med,32.85,60.37,0.37,3.1,8.06,84.23,8.45,1757.4,371.5,False,10.53,84,195,True,med,True,True,True,Low (<0.1 EU/mg),True,False,False,True,False,False,True,True,True,True,"DMSO, Water",low,med,0.99
mat-0871,Low-MW Starch Type-705,Starch & Modified Starches,Porcine cartilage,"High-purity biomedical grade starch engineered for tissue engineering, drug delivery, and barrier applications.",high,20.28,39.05,2.51,3.9,56.24,96.13,21.44,1589.0,220.7,True,12.68,53,183,True,low,True,True,False,Low (<0.1 EU/mg),False,False,True,True,True,True,True,False,True,False,Ethanol/Water 70:30,high,high,0.92
mat-0872,Pharma-Grade Chondroitin Type-655,Chondroitin & Glycosaminoglycans,Sphingomonas elodea culture,"High-purity biomedical grade chondroitin engineered for tissue engineering, drug delivery, and barrier applications.",med,27.06,50.66,0.33,2.55,32.86,160.16,17.45,1098.2,427.1,True,3.14,80,172,False,high,True,True,False,Low (<0.1 EU/mg),True,False,False,True,True,True,True,True,True,True,Phosphate Buffered Saline,high,med,0.89
mat-0873,Hydrogel-Grade Chitosan Type-549,Chitosan & Derivatives,Crustacean shells (Crab/Shrimp),"High-purity biomedical grade chitosan engineered for tissue engineering, drug delivery, and barrier applications.",med,13.27,23.56,1.16,4.94,45.58,182.02,8.81,1081.4,213.9,False,9.12,70,214,True,med,True,True,False,Ultra-Low (<0.05 EU/mg),False,True,True,False,False,True,True,True,True,True,Phosphate Buffered Saline,low,high,0.97
mat-0874,Film-Forming Cellulose Type-976,Cellulose & Nanocellulose,Leuconostoc mesenteroides fermentation,"High-purity biomedical grade cellulose engineered for tissue engineering, drug delivery, and barrier applications.",med,43.34,55.77,1.99,3.18,29.22,98.95,25.23,656.4,100.6,True,16.43,53,287,True,high,True,False,False,Ultra-Low (<0.05 EU/mg),True,False,False,True,True,True,True,False,False,True,Ethanol/Water 70:30,high,high,0.89
mat-0875,High-MW Pullulan Type-215,Pullulan & Exopolysaccharides,Leuconostoc mesenteroides fermentation,"High-purity biomedical grade pullulan engineered for tissue engineering, drug delivery, and barrier applications.",med,44.26,85.19,1.3,2.09,19.38,45.95,30.74,1911.0,215.8,True,9.16,9,180,True,med,True,False,True,Standard (<0.5 EU/mg),False,False,False,False,False,False,True,True,True,False,Phosphate Buffered Saline,low,low,0.96
mat-0876,Crosslinked Agarose Type-805,Agarose & Agars,Corn starch / Potato starch,"High-purity biomedical grade agarose engineered for tissue engineering, drug delivery, and barrier applications.",med,24.86,51.86,1.67,3.84,31.19,92.45,8.52,2002.5,197.1,True,15.2,46,105,False,med,False,True,True,Standard (<0.5 EU/mg),True,False,True,False,False,True,True,True,True,False,"DMSO, Water",low,med,0.98
mat-0877,High-MW Chitosan Type-176,Chitosan & Derivatives,Fungal fermentation (Aspergillus niger),"High-purity biomedical grade chitosan engineered for tissue engineering, drug delivery, and barrier applications.",med,9.25,28.11,3.39,4.76,15.09,52.92,34.06,1323.6,78.8,True,5.59,81,101,True,low,True,True,True,Ultra-Low (<0.05 EU/mg),False,False,True,False,True,False,False,True,True,False,"DMSO, Water",high,high,0.91
mat-0878,Crosslinked Xanthan Type-496,Xanthan & Gellan Gums,Red Seaweed (Rhodophyta),"High-purity biomedical grade xanthan engineered for tissue engineering, drug delivery, and barrier applications.",low,6.46,41.86,0.5,3.74,46.89,121.02,15.98,675.7,86.3,False,9.75,56,294,True,med,False,True,False,Standard (<0.5 EU/mg),False,False,False,True,True,False,False,True,True,True,Ethanol/Water 70:30,med,high,0.94
mat-0879,Biomedical Grade Dextran Type-611,Dextran & Dextran Esters,Bacterial fermentation (Streptococcus zooepidemicus),"High-purity biomedical grade dextran engineered for tissue engineering, drug delivery, and barrier applications.",med,12.32,54.97,1.51,4.82,37.24,118.36,15.11,1446.8,245.9,False,13.87,11,200,False,low,False,True,False,Ultra-Low (<0.05 EU/mg),False,True,True,False,False,False,False,True,True,False,Phosphate Buffered Saline,low,med,0.91
mat-0880,Biomedical Grade Dextran Type-534,Dextran & Dextran Esters,Porcine cartilage,"High-purity biomedical grade dextran engineered for tissue engineering, drug delivery, and barrier applications.",high,19.03,41.75,3.06,4.26,23.41,95.63,26.34,1054.8,124.1,False,17.54,17,209,False,high,True,True,False,Ultra-Low (<0.05 EU/mg),False,True,True,False,True,False,True,False,False,True,"Water, Dilute Acetic Acid",high,high,0.89
mat-0881,Nanofibrillated Chondroitin Type-725,Chondroitin & Glycosaminoglycans,Corn starch / Potato starch,"High-purity biomedical grade chondroitin engineered for tissue engineering, drug delivery, and barrier applications.",med,14.08,47.15,1.23,1.53,29.25,153.31,10.87,2187.2,24.3,False,10.02,54,185,True,low,True,True,False,Low (<0.1 EU/mg),True,True,True,False,False,False,True,False,True,False,Phosphate Buffered Saline,med,low,0.86
mat-0882,Hydrogel-Grade Biopolymer Blends Type-381,Biopolymer Blends & Composites,Fungal fermentation (Aspergillus niger),"High-purity biomedical grade biopolymer blends engineered for tissue engineering, drug delivery, and barrier applications.",med,33.87,56.25,0.7,4.66,19.17,33.27,4.96,2035.1,397.0,False,7.26,36,281,False,low,True,True,True,Ultra-Low (<0.05 EU/mg),False,False,False,False,True,True,True,True,False,True,"DMSO, Water",med,low,0.9
mat-0883,Injectable Grade Hyaluronic Acid Type-154,Hyaluronic Acid & Hyaluronates,Sphingomonas elodea culture,"High-purity biomedical grade hyaluronic acid engineered for tissue engineering, drug delivery, and barrier applications.",high,28.02,69.84,0.34,3.87,6.16,104.12,16.11,1284.9,244.7,False,3.13,45,193,False,med,True,True,False,Low (<0.1 EU/mg),True,False,True,False,False,True,False,False,False,False,"DMSO, Water",high,high,0.88
mat-0884,Ultra-Pure Starch Type-927,Starch & Modified Starches,Citrus peel / Apple pomace,"High-purity biomedical grade starch engineered for tissue engineering, drug delivery, and barrier applications.",med,35.74,71.62,1.49,2.4,30.7,142.37,30.33,1255.4,200.4,False,2.22,17,92,True,high,True,False,True,Low (<0.1 EU/mg),True,True,True,True,False,False,False,False,False,True,Phosphate Buffered Saline,low,med,0.91
mat-0885,Methacrylated Pullulan Type-109,Pullulan & Exopolysaccharides,Citrus peel / Apple pomace,"High-purity biomedical grade pullulan engineered for tissue engineering, drug delivery, and barrier applications.",high,25.2,74.26,1.76,2.21,7.47,129.84,15.05,1656.8,62.4,True,14.95,41,75,False,low,False,True,False,Standard (<0.5 EU/mg),False,False,False,True,True,True,False,False,False,True,"DMSO, Water",med,high,0.89
mat-0886,Ultra-Pure Xanthan Type-988,Xanthan & Gellan Gums,Wood pulp / Cotton linters,"High-purity biomedical grade xanthan engineered for tissue engineering, drug delivery, and barrier applications.",high,29.81,56.37,1.85,4.38,15.4,146.76,20.06,2075.0,117.7,False,14.7,39,178,True,med,True,True,False,Standard (<0.5 EU/mg),False,False,False,True,False,True,True,True,True,True,"DMSO, Water",high,med,0.92
mat-0887,Film-Forming Chondroitin Type-450,Chondroitin & Glycosaminoglycans,Brown Seaweed (Laminaria hyperborea),"High-purity biomedical grade chondroitin engineered for tissue engineering, drug delivery, and barrier applications.",med,30.0,37.43,2.63,3.43,50.84,151.7,31.61,1576.6,273.2,False,7.6,35,59,True,low,True,False,True,Low (<0.1 EU/mg),True,True,False,True,False,False,True,True,False,True,Phosphate Buffered Saline,low,low,0.87
mat-0888,Phosphate-modified Xanthan Type-465,Xanthan & Gellan Gums,Bacterial fermentation (Streptococcus zooepidemicus),"High-purity biomedical grade xanthan engineered for tissue engineering, drug delivery, and barrier applications.",low,44.06,63.75,0.17,0.86,9.31,151.94,6.19,241.6,448.6,False,16.88,23,65,False,high,True,True,True,Low (<0.1 EU/mg),True,False,False,False,False,True,False,False,False,False,Phosphate Buffered Saline,high,high,0.99
mat-0889,Carboxymethylated Hyaluronic Acid Type-950,Hyaluronic Acid & Hyaluronates,Sphingomonas elodea culture,"High-purity biomedical grade hyaluronic acid engineered for tissue engineering, drug delivery, and barrier applications.",med,32.2,47.85,2.92,4.54,9.66,41.61,6.37,1744.5,346.5,True,8.53,42,123,False,low,True,True,True,Standard (<0.5 EU/mg),False,False,True,False,False,True,True,True,True,False,Ethanol/Water 70:30,med,med,0.96
mat-0890,Sulfated Dextran Type-205,Dextran & Dextran Esters,Xanthomonas campestris culture,"High-purity biomedical grade dextran engineered for tissue engineering, drug delivery, and barrier applications.",high,5.6,42.49,1.1,3.41,37.19,63.31,25.39,914.5,23.4,True,12.19,43,265,False,low,True,True,False,Ultra-Low (<0.05 EU/mg),False,False,False,True,False,False,True,True,True,True,"DMSO, Water",med,med,0.9
mat-0891,Film-Forming Biopolymer Blends Type-562,Biopolymer Blends & Composites,Xanthomonas campestris culture,"High-purity biomedical grade biopolymer blends engineered for tissue engineering, drug delivery, and barrier applications.",med,24.73,46.47,3.07,4.68,53.37,79.82,8.76,1201.3,384.7,True,9.31,67,100,True,med,True,True,True,Ultra-Low (<0.05 EU/mg),False,False,False,False,False,True,False,False,True,True,Ethanol/Water 70:30,med,high,0.98
mat-0892,Low-MW Alginate Type-437,Alginate & Salts,Citrus peel / Apple pomace,"High-purity biomedical grade alginate engineered for tissue engineering, drug delivery, and barrier applications.",med,18.74,25.08,0.67,2.58,29.57,126.94,28.01,1032.7,64.5,True,16.51,26,291,True,high,True,True,False,Ultra-Low (<0.05 EU/mg),False,True,True,False,True,False,True,True,False,False,Ethanol/Water 70:30,med,high,0.89
mat-0893,Quaternized Pectin Type-464,Pectin & Pectinates,Aureobasidium pullulans culture,"High-purity biomedical grade pectin engineered for tissue engineering, drug delivery, and barrier applications.",high,40.51,61.87,1.58,2.49,11.77,160.66,33.54,1709.4,99.6,False,12.95,60,286,True,high,True,True,False,Ultra-Low (<0.05 EU/mg),True,True,False,True,False,True,True,False,True,False,Ethanol/Water 70:30,high,med,0.93
mat-0894,Low-MW Biopolymer Blends Type-195,Biopolymer Blends & Composites,Xanthomonas campestris culture,"High-purity biomedical grade biopolymer blends engineered for tissue engineering, drug delivery, and barrier applications.",high,23.27,38.69,1.43,3.09,7.54,148.88,24.34,720.0,40.2,False,1.81,80,273,True,low,True,True,False,Low (<0.1 EU/mg),True,True,True,False,True,True,True,True,False,False,"Water, Dilute Acetic Acid",low,high,0.96
mat-0895,Biomedical Grade Xanthan Type-851,Xanthan & Gellan Gums,Bacterial fermentation (Streptococcus zooepidemicus),"High-purity biomedical grade xanthan engineered for tissue engineering, drug delivery, and barrier applications.",high,42.62,67.12,1.8,2.16,55.03,158.23,31.3,1426.9,290.0,True,17.05,15,137,False,med,False,True,True,Ultra-Low (<0.05 EU/mg),False,False,False,True,False,True,True,True,False,True,Phosphate Buffered Saline,med,low,0.96
mat-0896,Sulfated Agarose Type-399,Agarose & Agars,Red Seaweed (Rhodophyta),"High-purity biomedical grade agarose engineered for tissue engineering, drug delivery, and barrier applications.",med,34.12,57.71,1.03,1.34,30.47,118.7,27.18,1947.7,345.1,False,8.03,63,244,True,high,True,True,False,Ultra-Low (<0.05 EU/mg),False,True,False,False,False,True,False,False,False,True,Ethanol/Water 70:30,low,low,0.97
mat-0897,Injectable Grade Starch Type-547,Starch & Modified Starches,Corn starch / Potato starch,"High-purity biomedical grade starch engineered for tissue engineering, drug delivery, and barrier applications.",med,10.77,43.45,0.13,0.91,25.84,146.99,26.93,2140.2,423.0,False,5.71,82,294,False,med,True,True,True,Low (<0.1 EU/mg),True,True,True,True,True,False,False,False,True,True,"Water, Dilute Acetic Acid",low,med,0.88
mat-0898,Pharma-Grade Dextran Type-671,Dextran & Dextran Esters,Porcine cartilage,"High-purity biomedical grade dextran engineered for tissue engineering, drug delivery, and barrier applications.",med,44.25,79.65,0.32,2.48,32.06,84.17,31.09,1373.9,153.8,True,2.06,40,222,False,high,True,True,False,Standard (<0.5 EU/mg),False,False,False,False,False,True,True,False,False,True,Phosphate Buffered Saline,med,high,0.96
mat-0899,Sulfated Xanthan Type-367,Xanthan & Gellan Gums,Xanthomonas campestris culture,"High-purity biomedical grade xanthan engineered for tissue engineering, drug delivery, and barrier applications.",med,29.07,43.74,1.51,2.56,30.68,92.15,5.1,2411.0,166.3,False,14.63,29,64,True,med,True,False,False,Ultra-Low (<0.05 EU/mg),False,False,True,False,True,True,True,False,True,True,Ethanol/Water 70:30,high,high,0.85
mat-0900,Sulfated Starch Type-483,Starch & Modified Starches,Xanthomonas campestris culture,"High-purity biomedical grade starch engineered for tissue engineering, drug delivery, and barrier applications.",low,13.95,58.51,1.96,2.35,9.82,56.66,7.78,586.2,91.8,False,16.3,59,177,True,med,True,True,True,Ultra-Low (<0.05 EU/mg),True,True,True,True,True,False,True,True,False,True,"Water, Dilute Acetic Acid",med,low,0.87
mat-0901,Nanofibrillated Alginate Type-373,Alginate & Salts,Citrus peel / Apple pomace,"High-purity biomedical grade alginate engineered for tissue engineering, drug delivery, and barrier applications.",med,38.54,78.57,3.22,5.63,47.16,107.82,21.55,934.3,68.4,True,13.02,51,284,True,low,True,True,False,Standard (<0.5 EU/mg),True,True,False,True,False,False,False,True,True,True,"DMSO, Water",low,low,0.94
mat-0902,Hydrogel-Grade Hyaluronic Acid Type-243,Hyaluronic Acid & Hyaluronates,Fungal fermentation (Aspergillus niger),"High-purity biomedical grade hyaluronic acid engineered for tissue engineering, drug delivery, and barrier applications.",med,28.51,46.45,2.83,3.79,30.29,79.84,16.47,2421.1,78.2,False,5.33,85,163,False,med,True,True,False,Ultra-Low (<0.05 EU/mg),False,False,True,True,True,True,False,True,False,False,Ethanol/Water 70:30,high,low,0.91
mat-0903,Carboxymethylated Hyaluronic Acid Type-564,Hyaluronic Acid & Hyaluronates,Citrus peel / Apple pomace,"High-purity biomedical grade hyaluronic acid engineered for tissue engineering, drug delivery, and barrier applications.",med,10.99,36.55,0.57,0.98,18.31,116.38,17.35,285.0,210.1,False,3.09,7,203,False,high,True,True,True,Ultra-Low (<0.05 EU/mg),True,True,True,True,True,False,False,True,True,True,Ethanol/Water 70:30,low,high,0.97
mat-0904,Pharma-Grade Biopolymer Blends Type-336,Biopolymer Blends & Composites,Crustacean shells (Crab/Shrimp),"High-purity biomedical grade biopolymer blends engineered for tissue engineering, drug delivery, and barrier applications.",med,19.82,48.66,2.6,5.46,58.26,190.18,15.52,1261.7,34.7,False,10.97,31,119,True,high,True,True,True,Ultra-Low (<0.05 EU/mg),False,False,False,False,True,True,True,True,False,True,"Water, Dilute Acetic Acid",med,high,0.9
mat-0905,Ultra-Pure Pullulan Type-897,Pullulan & Exopolysaccharides,Citrus peel / Apple pomace,"High-purity biomedical grade pullulan engineered for tissue engineering, drug delivery, and barrier applications.",low,29.27,42.84,1.43,3.02,18.63,165.9,8.3,709.6,148.9,False,12.96,31,283,True,low,True,True,True,Ultra-Low (<0.05 EU/mg),False,True,False,False,True,True,True,False,True,False,"DMSO, Water",low,low,0.97
mat-0906,Pharma-Grade Starch Type-816,Starch & Modified Starches,Recombinant yeast production,"High-purity biomedical grade starch engineered for tissue engineering, drug delivery, and barrier applications.",med,27.07,62.67,2.84,6.32,55.62,153.48,20.44,1256.1,207.6,False,7.6,20,266,False,high,True,True,False,Ultra-Low (<0.05 EU/mg),True,True,True,True,True,False,False,True,False,True,Phosphate Buffered Saline,high,high,0.86
mat-0907,"Crosslinked Carrageenan (Kappa, Iota, Lambda) Type-484","Carrageenan (Kappa, Iota, Lambda)",Wood pulp / Cotton linters,"High-purity biomedical grade carrageenan (kappa, iota, lambda) engineered for tissue engineering, drug delivery, and barrier applications.",med,6.12,38.22,2.88,5.83,7.37,66.42,25.53,1629.3,418.4,False,15.11,49,166,False,med,True,True,False,Ultra-Low (<0.05 EU/mg),False,True,False,False,True,True,False,False,False,True,Phosphate Buffered Saline,med,low,0.94
mat-0908,Sulfated Hyaluronic Acid Type-126,Hyaluronic Acid & Hyaluronates,Porcine cartilage,"High-purity biomedical grade hyaluronic acid engineered for tissue engineering, drug delivery, and barrier applications.",low,42.29,75.71,1.4,4.41,57.77,84.75,16.11,2172.7,18.8,True,1.64,84,210,False,low,True,True,True,Standard (<0.5 EU/mg),True,True,False,True,True,True,True,False,False,True,"Water, Dilute Acetic Acid",med,high,0.95
mat-0909,Methacrylated Pullulan Type-576,Pullulan & Exopolysaccharides,Recombinant yeast production,"High-purity biomedical grade pullulan engineered for tissue engineering, drug delivery, and barrier applications.",med,24.83,32.07,1.04,3.48,12.38,76.38,5.84,2403.3,56.3,False,8.37,90,309,False,med,True,True,True,Ultra-Low (<0.05 EU/mg),False,False,True,True,True,True,False,True,True,False,"DMSO, Water",low,high,0.98
mat-0910,Biomedical Grade Chondroitin Type-570,Chondroitin & Glycosaminoglycans,Porcine cartilage,"High-purity biomedical grade chondroitin engineered for tissue engineering, drug delivery, and barrier applications.",med,26.23,61.39,0.69,1.06,32.28,57.1,17.14,774.4,366.6,False,11.93,31,230,True,high,True,True,False,Ultra-Low (<0.05 EU/mg),False,False,False,False,True,False,False,False,True,True,Ethanol/Water 70:30,med,high,0.94
mat-0911,Injectable Grade Dextran Type-227,Dextran & Dextran Esters,Brown Seaweed (Laminaria hyperborea),"High-purity biomedical grade dextran engineered for tissue engineering, drug delivery, and barrier applications.",med,35.92,78.83,2.18,2.61,25.9,71.48,22.95,439.3,177.9,False,3.08,18,247,True,low,True,True,True,Low (<0.1 EU/mg),True,False,True,True,False,False,True,False,False,True,Phosphate Buffered Saline,med,med,0.88
mat-0912,Low-MW Chondroitin Type-154,Chondroitin & Glycosaminoglycans,Brown Seaweed (Laminaria hyperborea),"High-purity biomedical grade chondroitin engineered for tissue engineering, drug delivery, and barrier applications.",med,16.07,45.77,1.77,3.79,11.81,47.89,6.78,1538.6,302.4,True,6.08,54,130,False,low,True,True,True,Standard (<0.5 EU/mg),True,True,False,False,False,False,True,True,False,False,Ethanol/Water 70:30,high,high,0.86
mat-0913,Methacrylated Starch Type-809,Starch & Modified Starches,Xanthomonas campestris culture,"High-purity biomedical grade starch engineered for tissue engineering, drug delivery, and barrier applications.",med,24.3,67.33,0.37,1.71,9.08,36.66,11.59,859.3,150.5,False,5.36,16,65,False,med,True,False,True,Ultra-Low (<0.05 EU/mg),True,True,False,True,True,False,False,False,False,False,Phosphate Buffered Saline,high,med,0.88
mat-0914,"High-MW Carrageenan (Kappa, Iota, Lambda) Type-516","Carrageenan (Kappa, Iota, Lambda)",Leuconostoc mesenteroides fermentation,"High-purity biomedical grade carrageenan (kappa, iota, lambda) engineered for tissue engineering, drug delivery, and barrier applications.",med,38.07,63.8,0.12,2.3,22.35,34.67,20.68,789.8,350.6,False,5.67,20,64,True,low,True,False,False,Standard (<0.5 EU/mg),False,False,True,False,False,True,True,True,True,True,"DMSO, Water",high,high,0.95
mat-0915,Low-MW Cellulose Type-880,Cellulose & Nanocellulose,Recombinant yeast production,"High-purity biomedical grade cellulose engineered for tissue engineering, drug delivery, and barrier applications.",high,28.45,50.09,3.4,4.82,34.08,155.6,31.24,332.3,49.2,False,1.83,31,198,False,med,True,True,False,Ultra-Low (<0.05 EU/mg),False,True,False,True,False,False,False,False,False,True,"Water, Dilute Acetic Acid",low,low,0.97
mat-0916,Pharma-Grade Starch Type-356,Starch & Modified Starches,Porcine cartilage,"High-purity biomedical grade starch engineered for tissue engineering, drug delivery, and barrier applications.",med,33.37,46.0,2.36,4.72,5.22,132.33,4.29,1195.3,303.2,True,5.84,56,101,False,med,True,True,False,Ultra-Low (<0.05 EU/mg),True,True,True,True,False,False,True,False,True,False,Phosphate Buffered Saline,low,med,0.94
mat-0917,High-MW Chondroitin Type-857,Chondroitin & Glycosaminoglycans,Brown Seaweed (Laminaria hyperborea),"High-purity biomedical grade chondroitin engineered for tissue engineering, drug delivery, and barrier applications.",low,11.82,29.92,0.46,1.94,8.71,90.75,31.83,943.0,121.4,True,10.08,49,201,True,low,True,True,True,Standard (<0.5 EU/mg),True,True,False,True,False,False,False,True,False,True,Ethanol/Water 70:30,high,med,0.93
mat-0918,"Ultra-Pure Carrageenan (Kappa, Iota, Lambda) Type-820","Carrageenan (Kappa, Iota, Lambda)",Citrus peel / Apple pomace,"High-purity biomedical grade carrageenan (kappa, iota, lambda) engineered for tissue engineering, drug delivery, and barrier applications.",low,37.12,68.79,0.68,3.97,52.45,152.49,4.94,815.4,261.0,False,9.66,44,114,False,low,True,True,False,Ultra-Low (<0.05 EU/mg),False,True,True,False,True,False,False,True,True,True,Phosphate Buffered Saline,high,low,0.87
mat-0919,Hydrogel-Grade Pectin Type-143,Pectin & Pectinates,Brown Seaweed (Laminaria hyperborea),"High-purity biomedical grade pectin engineered for tissue engineering, drug delivery, and barrier applications.",low,41.09,75.19,2.49,4.35,58.88,140.77,18.94,1097.6,284.7,True,12.81,25,276,True,high,True,True,False,Standard (<0.5 EU/mg),False,True,False,False,False,True,False,True,True,True,"Water, Dilute Acetic Acid",low,low,0.88
mat-0920,Quaternized Pullulan Type-240,Pullulan & Exopolysaccharides,Bacterial fermentation (Streptococcus zooepidemicus),"High-purity biomedical grade pullulan engineered for tissue engineering, drug delivery, and barrier applications.",low,21.11,65.61,2.71,6.28,17.97,53.59,9.9,1830.9,15.4,True,3.68,39,255,True,med,True,True,True,Low (<0.1 EU/mg),True,True,False,True,False,True,True,False,False,True,"DMSO, Water",med,med,0.85
mat-0921,Low-MW Biopolymer Blends Type-733,Biopolymer Blends & Composites,Sphingomonas elodea culture,"High-purity biomedical grade biopolymer blends engineered for tissue engineering, drug delivery, and barrier applications.",low,44.71,91.72,2.35,5.4,32.14,140.99,31.64,1814.6,410.4,False,2.07,76,345,False,low,True,True,True,Ultra-Low (<0.05 EU/mg),True,True,True,True,True,False,True,True,False,True,Ethanol/Water 70:30,med,low,0.9
mat-0922,Sulfated Hyaluronic Acid Type-454,Hyaluronic Acid & Hyaluronates,Wood pulp / Cotton linters,"High-purity biomedical grade hyaluronic acid engineered for tissue engineering, drug delivery, and barrier applications.",high,22.47,63.96,3.46,5.91,16.41,51.31,34.94,1170.8,328.5,True,10.96,47,155,True,high,True,True,True,Standard (<0.5 EU/mg),True,False,True,True,False,False,True,False,True,False,Phosphate Buffered Saline,high,low,0.9
mat-0923,Injectable Grade Dextran Type-766,Dextran & Dextran Esters,Bacterial fermentation (Streptococcus zooepidemicus),"High-purity biomedical grade dextran engineered for tissue engineering, drug delivery, and barrier applications.",low,29.57,51.09,0.9,4.22,44.9,150.34,21.37,1735.0,296.4,False,5.39,66,109,False,low,True,False,False,Low (<0.1 EU/mg),False,False,False,True,False,False,False,True,False,False,"DMSO, Water",high,med,0.96
mat-0924,Low-MW Agarose Type-887,Agarose & Agars,Fungal fermentation (Aspergillus niger),"High-purity biomedical grade agarose engineered for tissue engineering, drug delivery, and barrier applications.",med,42.37,83.9,3.2,4.76,38.6,163.85,20.01,1888.6,132.3,True,3.94,54,238,False,low,True,True,True,Low (<0.1 EU/mg),False,True,False,False,True,False,True,False,True,True,"Water, Dilute Acetic Acid",high,med,0.92
mat-0925,High-MW Starch Type-788,Starch & Modified Starches,Bacterial fermentation (Streptococcus zooepidemicus),"High-purity biomedical grade starch engineered for tissue engineering, drug delivery, and barrier applications.",high,37.27,61.57,1.47,3.02,38.3,180.29,12.73,221.5,38.5,True,9.54,25,111,True,med,True,False,False,Standard (<0.5 EU/mg),False,True,True,True,True,True,True,True,False,True,Phosphate Buffered Saline,med,med,0.95
mat-0926,Biomedical Grade Chondroitin Type-972,Chondroitin & Glycosaminoglycans,Sphingomonas elodea culture,"High-purity biomedical grade chondroitin engineered for tissue engineering, drug delivery, and barrier applications.",med,10.56,52.51,0.34,1.15,46.21,188.93,15.67,1929.9,229.1,True,2.38,46,165,True,low,True,False,False,Low (<0.1 EU/mg),True,True,False,False,False,True,True,True,True,True,Phosphate Buffered Saline,high,med,0.89
mat-0927,Pharma-Grade Starch Type-194,Starch & Modified Starches,Xanthomonas campestris culture,"High-purity biomedical grade starch engineered for tissue engineering, drug delivery, and barrier applications.",low,6.78,14.83,0.62,1.11,18.91,105.07,16.5,466.6,125.2,False,2.25,88,342,False,high,True,True,False,Ultra-Low (<0.05 EU/mg),False,True,True,True,True,False,True,False,False,False,Phosphate Buffered Saline,high,low,0.9
mat-0928,High-MW Hyaluronic Acid Type-144,Hyaluronic Acid & Hyaluronates,Corn starch / Potato starch,"High-purity biomedical grade hyaluronic acid engineered for tissue engineering, drug delivery, and barrier applications.",med,39.83,81.05,1.1,2.8,8.61,106.67,5.2,436.6,157.9,False,17.33,65,234,True,low,True,True,False,Standard (<0.5 EU/mg),True,True,False,False,False,True,True,False,False,True,"DMSO, Water",high,high,0.99
mat-0929,Methacrylated Dextran Type-533,Dextran & Dextran Esters,Red Seaweed (Rhodophyta),"High-purity biomedical grade dextran engineered for tissue engineering, drug delivery, and barrier applications.",high,41.71,85.62,0.84,2.87,41.1,69.13,8.64,1412.1,244.5,True,11.53,89,185,True,med,True,True,True,Low (<0.1 EU/mg),False,False,False,False,True,False,True,False,True,True,"DMSO, Water",high,high,0.91
mat-0930,Pharma-Grade Pectin Type-793,Pectin & Pectinates,Crustacean shells (Crab/Shrimp),"High-purity biomedical grade pectin engineered for tissue engineering, drug delivery, and barrier applications.",med,30.35,40.16,3.08,6.34,33.05,129.82,31.89,399.2,443.2,False,5.21,57,142,True,med,False,True,False,Low (<0.1 EU/mg),True,False,True,False,False,True,False,True,False,False,"DMSO, Water",low,low,1.0
mat-0931,Methacrylated Chondroitin Type-750,Chondroitin & Glycosaminoglycans,Fungal fermentation (Aspergillus niger),"High-purity biomedical grade chondroitin engineered for tissue engineering, drug delivery, and barrier applications.",high,12.89,43.04,1.05,1.46,54.24,114.51,23.24,1839.6,342.5,False,5.69,11,255,False,med,True,False,False,Standard (<0.5 EU/mg),True,True,True,True,True,False,True,True,False,True,Ethanol/Water 70:30,med,low,1.0
mat-0932,Low-MW Biopolymer Blends Type-402,Biopolymer Blends & Composites,Corn starch / Potato starch,"High-purity biomedical grade biopolymer blends engineered for tissue engineering, drug delivery, and barrier applications.",low,22.74,57.83,1.93,2.19,56.9,80.17,31.24,2388.5,443.7,False,8.07,17,245,False,med,True,True,False,Ultra-Low (<0.05 EU/mg),False,True,False,False,False,True,True,True,True,False,"DMSO, Water",low,low,0.89
mat-0933,Methacrylated Starch Type-895,Starch & Modified Starches,Crustacean shells (Crab/Shrimp),"High-purity biomedical grade starch engineered for tissue engineering, drug delivery, and barrier applications.",med,31.38,46.47,2.67,4.63,12.4,140.02,23.59,1965.8,259.2,False,12.24,39,83,True,high,True,True,False,Standard (<0.5 EU/mg),True,False,False,True,False,False,True,False,False,True,Ethanol/Water 70:30,high,low,0.87
mat-0934,Crosslinked Xanthan Type-160,Xanthan & Gellan Gums,Fungal fermentation (Aspergillus niger),"High-purity biomedical grade xanthan engineered for tissue engineering, drug delivery, and barrier applications.",med,35.71,53.69,0.56,1.08,19.54,79.56,14.2,1023.2,234.4,True,3.99,54,109,False,low,True,True,False,Ultra-Low (<0.05 EU/mg),False,True,True,False,False,False,False,True,False,True,"DMSO, Water",low,med,0.86
mat-0935,Biomedical Grade Xanthan Type-258,Xanthan & Gellan Gums,Bacterial fermentation (Streptococcus zooepidemicus),"High-purity biomedical grade xanthan engineered for tissue engineering, drug delivery, and barrier applications.",low,37.86,54.46,2.27,2.9,50.98,187.12,22.94,215.3,15.1,True,5.36,58,176,True,low,True,True,True,Standard (<0.5 EU/mg),False,False,True,False,False,True,False,True,False,True,Ethanol/Water 70:30,med,low,0.87
mat-0936,High-MW Agarose Type-801,Agarose & Agars,Citrus peel / Apple pomace,"High-purity biomedical grade agarose engineered for tissue engineering, drug delivery, and barrier applications.",med,29.85,67.04,1.16,4.15,27.72,135.97,19.39,2149.9,155.0,True,8.57,47,139,False,high,True,True,True,Standard (<0.5 EU/mg),True,False,False,True,True,True,True,True,False,False,Phosphate Buffered Saline,med,high,0.86
mat-0937,Biomedical Grade Cellulose Type-854,Cellulose & Nanocellulose,Xanthomonas campestris culture,"High-purity biomedical grade cellulose engineered for tissue engineering, drug delivery, and barrier applications.",med,30.79,58.65,0.2,0.51,49.32,103.58,30.74,1832.8,233.7,False,14.78,53,199,False,low,True,True,False,Ultra-Low (<0.05 EU/mg),False,False,False,False,False,False,False,True,True,False,"DMSO, Water",med,low,0.86
mat-0938,Sulfated Chitosan Type-681,Chitosan & Derivatives,Leuconostoc mesenteroides fermentation,"High-purity biomedical grade chitosan engineered for tissue engineering, drug delivery, and barrier applications.",high,41.96,64.52,1.96,2.64,45.79,119.84,28.51,2035.5,228.6,True,14.39,78,272,False,high,True,True,True,Low (<0.1 EU/mg),True,False,True,False,True,False,False,False,True,False,"Water, Dilute Acetic Acid",low,med,0.86
mat-0939,"Film-Forming Carrageenan (Kappa, Iota, Lambda) Type-933","Carrageenan (Kappa, Iota, Lambda)",Bacterial fermentation (Streptococcus zooepidemicus),"High-purity biomedical grade carrageenan (kappa, iota, lambda) engineered for tissue engineering, drug delivery, and barrier applications.",low,30.29,46.67,0.21,2.55,26.84,55.89,23.89,2248.0,55.8,False,6.18,22,237,True,low,True,True,False,Standard (<0.5 EU/mg),False,True,False,False,True,False,False,True,True,False,"Water, Dilute Acetic Acid",med,high,0.99
mat-0940,"Sulfated Carrageenan (Kappa, Iota, Lambda) Type-843","Carrageenan (Kappa, Iota, Lambda)",Wood pulp / Cotton linters,"High-purity biomedical grade carrageenan (kappa, iota, lambda) engineered for tissue engineering, drug delivery, and barrier applications.",med,36.94,69.14,2.64,4.19,39.27,167.25,26.06,2208.2,86.3,True,13.39,70,231,True,med,True,True,True,Low (<0.1 EU/mg),False,True,True,True,True,False,True,False,False,True,"DMSO, Water",med,med,0.96
mat-0941,Biomedical Grade Biopolymer Blends Type-383,Biopolymer Blends & Composites,Crustacean shells (Crab/Shrimp),"High-purity biomedical grade biopolymer blends engineered for tissue engineering, drug delivery, and barrier applications.",med,41.92,62.06,1.35,1.86,35.38,77.78,4.16,438.5,17.0,True,16.95,23,119,True,med,True,True,False,Standard (<0.5 EU/mg),False,True,True,False,False,False,False,False,True,True,Phosphate Buffered Saline,med,high,0.89
mat-0942,Crosslinked Biopolymer Blends Type-939,Biopolymer Blends & Composites,Xanthomonas campestris culture,"High-purity biomedical grade biopolymer blends engineered for tissue engineering, drug delivery, and barrier applications.",high,23.27,61.18,0.55,2.42,57.99,153.1,27.29,1509.4,45.1,False,3.21,8,92,False,low,True,True,True,Low (<0.1 EU/mg),False,False,False,False,True,False,True,False,False,False,Phosphate Buffered Saline,low,low,0.9
mat-0943,Nanofibrillated Chitosan Type-681,Chitosan & Derivatives,Leuconostoc mesenteroides fermentation,"High-purity biomedical grade chitosan engineered for tissue engineering, drug delivery, and barrier applications.",low,27.24,42.23,2.36,4.72,24.87,101.55,8.52,697.4,207.7,True,2.97,23,280,True,med,False,True,False,Low (<0.1 EU/mg),True,False,False,True,True,False,True,True,True,False,Phosphate Buffered Saline,low,low,0.93
mat-0944,Methacrylated Xanthan Type-187,Xanthan & Gellan Gums,Recombinant yeast production,"High-purity biomedical grade xanthan engineered for tissue engineering, drug delivery, and barrier applications.",low,35.13,63.64,2.97,6.88,24.09,68.43,34.86,1794.2,260.9,True,3.41,33,85,False,high,False,False,False,Ultra-Low (<0.05 EU/mg),False,True,False,False,False,True,True,True,True,True,"Water, Dilute Acetic Acid",med,low,0.98
mat-0945,High-MW Pectin Type-576,Pectin & Pectinates,Citrus peel / Apple pomace,"High-purity biomedical grade pectin engineered for tissue engineering, drug delivery, and barrier applications.",low,43.19,81.23,0.51,1.55,6.32,78.44,22.45,1144.5,295.8,False,6.65,76,263,True,high,True,True,True,Low (<0.1 EU/mg),False,False,True,True,False,False,False,False,True,False,Phosphate Buffered Saline,high,med,0.99
mat-0946,Nanofibrillated Alginate Type-227,Alginate & Salts,Wood pulp / Cotton linters,"High-purity biomedical grade alginate engineered for tissue engineering, drug delivery, and barrier applications.",high,10.37,29.25,3.39,4.45,35.44,152.6,12.35,258.1,429.9,False,16.43,25,93,False,med,True,True,True,Low (<0.1 EU/mg),False,True,False,False,False,False,True,False,False,False,Ethanol/Water 70:30,med,med,0.94
mat-0947,High-MW Biopolymer Blends Type-155,Biopolymer Blends & Composites,Corn starch / Potato starch,"High-purity biomedical grade biopolymer blends engineered for tissue engineering, drug delivery, and barrier applications.",med,42.49,68.09,0.61,2.44,57.23,137.79,22.43,1684.8,208.0,False,4.84,67,107,True,low,True,True,False,Ultra-Low (<0.05 EU/mg),False,False,True,False,True,False,True,False,False,True,Ethanol/Water 70:30,low,med,0.94
mat-0948,Sulfated Cellulose Type-452,Cellulose & Nanocellulose,Fungal fermentation (Aspergillus niger),"High-purity biomedical grade cellulose engineered for tissue engineering, drug delivery, and barrier applications.",high,38.52,60.32,2.77,3.65,28.77,136.38,21.25,1928.6,376.8,True,12.43,27,281,True,med,True,True,True,Ultra-Low (<0.05 EU/mg),True,True,True,True,True,True,False,False,False,True,Ethanol/Water 70:30,low,low,0.96
mat-0949,Quaternized Hyaluronic Acid Type-894,Hyaluronic Acid & Hyaluronates,Corn starch / Potato starch,"High-purity biomedical grade hyaluronic acid engineered for tissue engineering, drug delivery, and barrier applications.",med,5.28,34.56,2.56,2.76,52.98,191.34,28.68,650.2,297.5,True,12.92,33,62,True,med,True,False,True,Standard (<0.5 EU/mg),False,False,True,True,False,False,False,False,False,True,"DMSO, Water",low,med,0.86
mat-0950,Carboxymethylated Dextran Type-486,Dextran & Dextran Esters,Fungal fermentation (Aspergillus niger),"High-purity biomedical grade dextran engineered for tissue engineering, drug delivery, and barrier applications.",high,36.49,52.63,1.61,5.58,48.12,160.78,4.16,2189.1,224.8,False,16.18,43,157,False,high,True,True,False,Ultra-Low (<0.05 EU/mg),True,False,False,True,True,False,False,False,False,True,Ethanol/Water 70:30,med,med,0.98
mat-0951,Sulfated Agarose Type-224,Agarose & Agars,Leuconostoc mesenteroides fermentation,"High-purity biomedical grade agarose engineered for tissue engineering, drug delivery, and barrier applications.",low,35.41,73.01,1.15,2.39,31.9,92.52,9.33,299.3,57.9,False,4.11,33,179,True,low,True,True,False,Standard (<0.5 EU/mg),True,True,False,True,True,False,True,True,True,True,Ethanol/Water 70:30,high,med,0.99
mat-0952,Hydrogel-Grade Pectin Type-899,Pectin & Pectinates,Citrus peel / Apple pomace,"High-purity biomedical grade pectin engineered for tissue engineering, drug delivery, and barrier applications.",med,41.95,68.68,1.34,4.68,19.63,132.4,17.07,1785.0,181.9,False,6.5,77,209,True,low,True,True,True,Ultra-Low (<0.05 EU/mg),False,False,False,False,False,False,False,False,False,False,"DMSO, Water",med,low,0.93
mat-0953,Ultra-Pure Hyaluronic Acid Type-612,Hyaluronic Acid & Hyaluronates,Xanthomonas campestris culture,"High-purity biomedical grade hyaluronic acid engineered for tissue engineering, drug delivery, and barrier applications.",high,18.68,52.51,2.09,3.47,53.43,193.15,3.87,1004.8,136.5,False,10.09,82,352,False,low,True,True,True,Low (<0.1 EU/mg),True,False,True,False,True,False,True,False,True,False,Ethanol/Water 70:30,low,low,0.91
mat-0954,Low-MW Dextran Type-412,Dextran & Dextran Esters,Corn starch / Potato starch,"High-purity biomedical grade dextran engineered for tissue engineering, drug delivery, and barrier applications.",high,22.27,53.56,0.94,4.18,9.82,54.42,8.0,1428.4,93.6,True,5.26,9,63,True,low,True,True,False,Ultra-Low (<0.05 EU/mg),False,False,False,False,False,False,False,True,False,False,Phosphate Buffered Saline,high,med,0.87
mat-0955,Carboxymethylated Alginate Type-297,Alginate & Salts,Corn starch / Potato starch,"High-purity biomedical grade alginate engineered for tissue engineering, drug delivery, and barrier applications.",med,42.46,63.05,2.51,4.7,22.46,163.7,33.58,2217.3,97.9,False,13.17,18,155,False,med,False,False,False,Ultra-Low (<0.05 EU/mg),True,True,False,False,False,True,False,True,False,False,"Water, Dilute Acetic Acid",high,low,0.94
mat-0956,Phosphate-modified Chondroitin Type-213,Chondroitin & Glycosaminoglycans,Porcine cartilage,"High-purity biomedical grade chondroitin engineered for tissue engineering, drug delivery, and barrier applications.",high,34.4,45.2,3.03,6.78,21.86,97.73,25.07,545.1,96.2,False,3.51,74,273,True,med,False,True,False,Standard (<0.5 EU/mg),True,True,True,True,False,True,True,False,True,True,Phosphate Buffered Saline,high,high,0.92
mat-0957,Hydrogel-Grade Alginate Type-231,Alginate & Salts,Fungal fermentation (Aspergillus niger),"High-purity biomedical grade alginate engineered for tissue engineering, drug delivery, and barrier applications.",high,37.07,70.73,2.05,4.66,54.45,166.79,14.32,2091.7,368.8,False,8.21,30,121,True,low,True,True,True,Low (<0.1 EU/mg),True,False,True,True,False,True,True,False,True,False,Phosphate Buffered Saline,high,high,0.86
mat-0958,Ultra-Pure Pectin Type-340,Pectin & Pectinates,Crustacean shells (Crab/Shrimp),"High-purity biomedical grade pectin engineered for tissue engineering, drug delivery, and barrier applications.",med,17.56,65.06,2.12,4.32,20.61,124.77,31.45,294.0,399.0,False,4.39,51,90,False,med,True,True,False,Low (<0.1 EU/mg),True,True,True,False,True,True,False,False,True,False,Phosphate Buffered Saline,low,low,0.99
mat-0959,Methacrylated Chitosan Type-595,Chitosan & Derivatives,Fungal fermentation (Aspergillus niger),"High-purity biomedical grade chitosan engineered for tissue engineering, drug delivery, and barrier applications.",med,11.96,47.46,2.49,3.61,56.07,171.98,17.88,1629.6,107.1,False,7.16,39,278,False,low,True,True,False,Low (<0.1 EU/mg),False,False,False,True,False,False,True,True,False,False,"DMSO, Water",low,med,0.98
mat-0960,Phosphate-modified Cellulose Type-322,Cellulose & Nanocellulose,Porcine cartilage,"High-purity biomedical grade cellulose engineered for tissue engineering, drug delivery, and barrier applications.",high,34.8,45.54,1.01,2.97,7.81,37.25,3.81,288.3,292.3,True,16.06,35,176,True,med,True,True,False,Standard (<0.5 EU/mg),False,True,False,False,False,True,True,True,True,True,Phosphate Buffered Saline,med,low,0.95
mat-0961,Low-MW Alginate Type-552,Alginate & Salts,Citrus peel / Apple pomace,"High-purity biomedical grade alginate engineered for tissue engineering, drug delivery, and barrier applications.",med,27.69,68.13,1.17,3.91,9.81,60.11,7.56,2006.0,49.4,True,17.71,11,225,False,high,True,True,True,Ultra-Low (<0.05 EU/mg),True,False,False,True,False,False,False,False,True,True,"DMSO, Water",high,low,0.89
mat-0962,Pharma-Grade Hyaluronic Acid Type-878,Hyaluronic Acid & Hyaluronates,Sphingomonas elodea culture,"High-purity biomedical grade hyaluronic acid engineered for tissue engineering, drug delivery, and barrier applications.",low,7.25,40.57,0.66,4.24,29.28,139.77,9.51,519.4,233.8,False,16.69,47,307,True,low,True,True,False,Ultra-Low (<0.05 EU/mg),True,True,True,True,True,True,False,True,True,False,"DMSO, Water",high,med,0.99
mat-0963,Carboxymethylated Starch Type-512,Starch & Modified Starches,Citrus peel / Apple pomace,"High-purity biomedical grade starch engineered for tissue engineering, drug delivery, and barrier applications.",med,9.82,22.28,2.34,6.2,40.98,84.77,10.69,1139.7,105.3,True,13.16,55,250,False,high,True,True,True,Ultra-Low (<0.05 EU/mg),False,True,False,True,False,False,False,True,False,True,Ethanol/Water 70:30,low,high,0.98
mat-0964,Sulfated Dextran Type-682,Dextran & Dextran Esters,Xanthomonas campestris culture,"High-purity biomedical grade dextran engineered for tissue engineering, drug delivery, and barrier applications.",med,33.15,63.63,3.2,4.95,48.4,60.16,27.82,1655.3,348.4,True,13.05,64,239,True,low,True,True,True,Ultra-Low (<0.05 EU/mg),True,True,True,True,True,True,False,True,False,False,Ethanol/Water 70:30,med,high,0.95
mat-0965,Crosslinked Chondroitin Type-564,Chondroitin & Glycosaminoglycans,Xanthomonas campestris culture,"High-purity biomedical grade chondroitin engineered for tissue engineering, drug delivery, and barrier applications.",low,24.39,47.98,1.03,2.31,56.46,109.42,3.42,1604.2,217.6,True,4.91,69,162,True,high,True,True,False,Low (<0.1 EU/mg),False,True,False,True,True,True,False,True,True,False,"DMSO, Water",low,high,0.89
mat-0966,Injectable Grade Dextran Type-542,Dextran & Dextran Esters,Xanthomonas campestris culture,"High-purity biomedical grade dextran engineered for tissue engineering, drug delivery, and barrier applications.",med,28.67,48.45,2.15,5.85,30.73,171.47,23.58,1692.2,340.7,False,8.89,86,112,True,med,True,True,True,Ultra-Low (<0.05 EU/mg),False,False,True,False,True,False,True,False,True,False,"Water, Dilute Acetic Acid",high,med,0.9
mat-0967,Quaternized Hyaluronic Acid Type-906,Hyaluronic Acid & Hyaluronates,Xanthomonas campestris culture,"High-purity biomedical grade hyaluronic acid engineered for tissue engineering, drug delivery, and barrier applications.",med,27.83,68.5,1.38,3.73,51.77,91.27,32.09,485.5,207.1,True,9.4,87,256,False,high,True,True,True,Low (<0.1 EU/mg),False,False,True,True,True,False,False,False,False,False,"Water, Dilute Acetic Acid",low,med,0.87
mat-0968,Phosphate-modified Pectin Type-846,Pectin & Pectinates,Sphingomonas elodea culture,"High-purity biomedical grade pectin engineered for tissue engineering, drug delivery, and barrier applications.",med,26.87,75.98,3.06,4.76,32.62,119.47,26.88,1903.6,316.0,False,17.04,85,185,False,med,True,False,False,Low (<0.1 EU/mg),False,True,False,False,False,True,True,False,False,True,Phosphate Buffered Saline,high,high,0.89
mat-0969,Nanofibrillated Alginate Type-353,Alginate & Salts,Leuconostoc mesenteroides fermentation,"High-purity biomedical grade alginate engineered for tissue engineering, drug delivery, and barrier applications.",low,20.8,59.15,1.01,2.81,8.75,37.68,29.39,2308.3,227.3,False,11.32,38,53,True,high,True,True,False,Low (<0.1 EU/mg),False,True,True,False,True,True,True,True,True,True,Ethanol/Water 70:30,low,low,0.86
mat-0970,Crosslinked Cellulose Type-933,Cellulose & Nanocellulose,Recombinant yeast production,"High-purity biomedical grade cellulose engineered for tissue engineering, drug delivery, and barrier applications.",med,35.39,50.15,0.33,3.45,37.65,72.49,7.13,256.9,117.5,False,9.33,11,82,True,high,True,True,False,Low (<0.1 EU/mg),True,False,False,False,False,True,True,True,True,True,"DMSO, Water",med,med,0.98
mat-0971,Film-Forming Cellulose Type-875,Cellulose & Nanocellulose,Brown Seaweed (Laminaria hyperborea),"High-purity biomedical grade cellulose engineered for tissue engineering, drug delivery, and barrier applications.",high,39.0,67.83,0.97,2.0,52.51,189.86,17.61,1025.9,42.0,False,13.28,45,281,True,low,True,True,False,Standard (<0.5 EU/mg),False,True,True,False,True,True,True,False,True,True,Phosphate Buffered Saline,high,high,0.96
mat-0972,Film-Forming Chitosan Type-990,Chitosan & Derivatives,Leuconostoc mesenteroides fermentation,"High-purity biomedical grade chitosan engineered for tissue engineering, drug delivery, and barrier applications.",high,13.08,46.3,2.03,2.66,51.06,84.54,14.24,1751.0,21.0,True,4.19,16,149,True,high,True,True,False,Ultra-Low (<0.05 EU/mg),True,False,True,True,True,True,True,True,True,False,"DMSO, Water",high,med,0.96
mat-0973,Nanofibrillated Hyaluronic Acid Type-862,Hyaluronic Acid & Hyaluronates,Bacterial fermentation (Streptococcus zooepidemicus),"High-purity biomedical grade hyaluronic acid engineered for tissue engineering, drug delivery, and barrier applications.",low,20.45,56.03,0.45,3.53,27.05,107.83,5.28,1167.6,416.1,False,13.58,83,100,True,med,True,True,True,Ultra-Low (<0.05 EU/mg),True,False,False,True,True,True,True,True,False,True,"DMSO, Water",high,med,0.88
mat-0974,Carboxymethylated Chitosan Type-789,Chitosan & Derivatives,Crustacean shells (Crab/Shrimp),"High-purity biomedical grade chitosan engineered for tissue engineering, drug delivery, and barrier applications.",med,12.9,45.28,1.06,1.54,41.56,55.41,12.3,901.4,242.2,False,3.95,44,269,False,med,True,True,False,Ultra-Low (<0.05 EU/mg),False,False,True,True,True,True,False,False,False,False,"Water, Dilute Acetic Acid",med,high,0.88
mat-0975,Pharma-Grade Starch Type-107,Starch & Modified Starches,Fungal fermentation (Aspergillus niger),"High-purity biomedical grade starch engineered for tissue engineering, drug delivery, and barrier applications.",med,11.54,24.05,2.28,6.21,18.33,129.84,19.87,1477.1,61.8,True,3.39,53,122,True,low,True,True,True,Low (<0.1 EU/mg),False,True,True,True,False,True,True,False,True,False,Ethanol/Water 70:30,low,low,0.95
mat-0976,Pharma-Grade Xanthan Type-951,Xanthan & Gellan Gums,Wood pulp / Cotton linters,"High-purity biomedical grade xanthan engineered for tissue engineering, drug delivery, and barrier applications.",high,23.98,32.47,0.4,0.79,26.61,112.32,32.96,2165.8,259.4,False,17.2,87,146,True,med,True,True,False,Low (<0.1 EU/mg),False,False,True,True,True,True,True,True,False,False,"DMSO, Water",med,high,0.91
mat-0977,Sulfated Dextran Type-172,Dextran & Dextran Esters,Aureobasidium pullulans culture,"High-purity biomedical grade dextran engineered for tissue engineering, drug delivery, and barrier applications.",high,10.17,40.57,2.61,3.18,7.15,38.61,4.67,1142.1,155.7,False,15.82,66,100,True,low,True,True,True,Ultra-Low (<0.05 EU/mg),True,False,False,True,False,False,True,False,True,True,"Water, Dilute Acetic Acid",high,med,0.95
mat-0978,Pharma-Grade Xanthan Type-286,Xanthan & Gellan Gums,Leuconostoc mesenteroides fermentation,"High-purity biomedical grade xanthan engineered for tissue engineering, drug delivery, and barrier applications.",med,27.56,53.9,0.9,3.79,32.44,179.43,33.57,1605.6,395.6,True,4.81,50,305,True,low,True,True,False,Standard (<0.5 EU/mg),True,False,False,True,False,False,False,False,False,True,"DMSO, Water",low,high,0.93
mat-0979,Pharma-Grade Starch Type-877,Starch & Modified Starches,Corn starch / Potato starch,"High-purity biomedical grade starch engineered for tissue engineering, drug delivery, and barrier applications.",high,18.87,55.83,2.15,4.45,35.41,138.02,15.08,2004.2,78.4,True,6.8,35,169,False,low,False,True,True,Low (<0.1 EU/mg),False,False,True,True,False,True,True,False,True,True,Ethanol/Water 70:30,med,high,0.88
mat-0980,Quaternized Chondroitin Type-281,Chondroitin & Glycosaminoglycans,Recombinant yeast production,"High-purity biomedical grade chondroitin engineered for tissue engineering, drug delivery, and barrier applications.",med,21.05,62.04,1.9,3.69,53.78,91.07,16.89,815.8,127.2,False,14.63,22,192,True,med,True,False,True,Low (<0.1 EU/mg),False,False,False,False,False,False,False,False,True,True,Ethanol/Water 70:30,low,high,0.97
mat-0981,Crosslinked Agarose Type-617,Agarose & Agars,Fungal fermentation (Aspergillus niger),"High-purity biomedical grade agarose engineered for tissue engineering, drug delivery, and barrier applications.",high,7.98,41.06,0.52,4.18,20.02,98.78,21.95,2269.9,300.7,False,4.19,83,353,False,low,True,True,True,Standard (<0.5 EU/mg),False,False,True,False,True,True,True,False,False,True,Ethanol/Water 70:30,med,high,0.86
mat-0982,Crosslinked Pullulan Type-977,Pullulan & Exopolysaccharides,Wood pulp / Cotton linters,"High-purity biomedical grade pullulan engineered for tissue engineering, drug delivery, and barrier applications.",med,27.75,74.03,3.15,3.54,57.68,181.47,20.18,761.2,335.7,True,1.63,71,131,True,med,True,True,False,Standard (<0.5 EU/mg),False,False,True,False,True,True,True,False,False,True,"DMSO, Water",med,high,0.96
mat-0983,High-MW Agarose Type-842,Agarose & Agars,Crustacean shells (Crab/Shrimp),"High-purity biomedical grade agarose engineered for tissue engineering, drug delivery, and barrier applications.",med,39.6,72.8,0.92,2.81,22.02,46.36,28.7,2027.6,360.2,False,11.24,87,119,False,med,True,True,False,Ultra-Low (<0.05 EU/mg),True,False,True,True,True,True,False,True,True,True,"Water, Dilute Acetic Acid",med,low,0.85
mat-0984,Injectable Grade Pectin Type-153,Pectin & Pectinates,Brown Seaweed (Laminaria hyperborea),"High-purity biomedical grade pectin engineered for tissue engineering, drug delivery, and barrier applications.",high,24.22,54.33,2.86,5.12,48.41,193.12,18.63,683.1,68.8,True,2.21,57,111,False,high,True,True,True,Low (<0.1 EU/mg),False,False,False,False,False,True,True,True,True,False,"Water, Dilute Acetic Acid",med,med,0.87
mat-0985,Ultra-Pure Agarose Type-757,Agarose & Agars,Red Seaweed (Rhodophyta),"High-purity biomedical grade agarose engineered for tissue engineering, drug delivery, and barrier applications.",med,24.53,40.63,2.97,6.66,8.73,155.9,20.89,548.7,320.0,False,13.63,83,236,False,med,True,True,True,Ultra-Low (<0.05 EU/mg),True,True,True,False,False,False,False,False,True,False,"DMSO, Water",med,low,0.92
mat-0986,Biomedical Grade Chondroitin Type-202,Chondroitin & Glycosaminoglycans,Crustacean shells (Crab/Shrimp),"High-purity biomedical grade chondroitin engineered for tissue engineering, drug delivery, and barrier applications.",med,13.74,31.01,2.39,2.98,5.24,54.54,29.87,1489.0,439.1,False,17.55,62,89,True,high,True,True,False,Standard (<0.5 EU/mg),False,False,True,False,True,False,False,False,False,True,"DMSO, Water",med,low,0.97
mat-0987,Ultra-Pure Alginate Type-190,Alginate & Salts,Leuconostoc mesenteroides fermentation,"High-purity biomedical grade alginate engineered for tissue engineering, drug delivery, and barrier applications.",med,20.58,55.43,1.39,4.78,20.71,45.24,2.28,1994.9,386.0,False,10.98,14,284,False,high,True,True,True,Ultra-Low (<0.05 EU/mg),True,False,True,False,False,False,True,False,False,False,Ethanol/Water 70:30,med,low,0.92
mat-0988,Nanofibrillated Pectin Type-931,Pectin & Pectinates,Sphingomonas elodea culture,"High-purity biomedical grade pectin engineered for tissue engineering, drug delivery, and barrier applications.",high,19.1,65.52,0.63,1.12,14.38,70.71,28.9,1444.4,137.8,False,14.52,88,128,True,high,True,True,True,Low (<0.1 EU/mg),False,True,False,False,False,True,True,False,False,False,"Water, Dilute Acetic Acid",low,low,0.97
mat-0989,Nanofibrillated Xanthan Type-447,Xanthan & Gellan Gums,Wood pulp / Cotton linters,"High-purity biomedical grade xanthan engineered for tissue engineering, drug delivery, and barrier applications.",low,5.04,35.25,2.68,4.18,44.3,186.09,10.98,1124.9,335.5,False,16.13,35,223,True,high,False,True,False,Ultra-Low (<0.05 EU/mg),False,True,False,True,False,False,True,False,True,False,Phosphate Buffered Saline,low,med,0.86
mat-0990,Low-MW Starch Type-122,Starch & Modified Starches,Corn starch / Potato starch,"High-purity biomedical grade starch engineered for tissue engineering, drug delivery, and barrier applications.",high,13.18,58.01,0.36,2.56,32.4,111.84,16.54,1375.0,296.3,False,17.94,31,156,True,med,True,False,True,Low (<0.1 EU/mg),False,True,True,True,True,True,False,False,False,True,Ethanol/Water 70:30,low,med,0.95
mat-0991,Ultra-Pure Agarose Type-780,Agarose & Agars,Brown Seaweed (Laminaria hyperborea),"High-purity biomedical grade agarose engineered for tissue engineering, drug delivery, and barrier applications.",med,30.22,76.53,0.4,2.39,35.43,52.19,6.8,2285.0,23.8,True,16.82,69,294,False,med,True,True,False,Ultra-Low (<0.05 EU/mg),False,False,False,False,False,False,False,True,True,False,"Water, Dilute Acetic Acid",high,med,0.97
mat-0992,Carboxymethylated Chondroitin Type-306,Chondroitin & Glycosaminoglycans,Citrus peel / Apple pomace,"High-purity biomedical grade chondroitin engineered for tissue engineering, drug delivery, and barrier applications.",high,33.88,43.73,0.27,1.92,16.24,70.36,8.38,2083.1,246.4,True,4.43,38,148,True,low,True,True,True,Standard (<0.5 EU/mg),False,False,True,False,True,True,False,False,True,False,Phosphate Buffered Saline,med,low,0.91
mat-0993,Pharma-Grade Pectin Type-208,Pectin & Pectinates,Citrus peel / Apple pomace,"High-purity biomedical grade pectin engineered for tissue engineering, drug delivery, and barrier applications.",med,9.93,52.05,1.14,3.27,29.03,54.06,32.86,2449.7,432.0,True,13.54,39,122,False,high,True,False,False,Low (<0.1 EU/mg),True,False,True,False,False,False,True,False,True,True,Phosphate Buffered Saline,low,high,0.97
mat-0994,Nanofibrillated Starch Type-734,Starch & Modified Starches,Bacterial fermentation (Streptococcus zooepidemicus),"High-purity biomedical grade starch engineered for tissue engineering, drug delivery, and barrier applications.",med,35.74,47.98,1.96,4.2,34.19,151.5,21.69,348.9,304.8,False,15.15,52,108,False,high,True,True,True,Standard (<0.5 EU/mg),False,False,False,False,False,False,False,False,True,True,"Water, Dilute Acetic Acid",low,med,0.86
mat-0995,Low-MW Starch Type-410,Starch & Modified Starches,Recombinant yeast production,"High-purity biomedical grade starch engineered for tissue engineering, drug delivery, and barrier applications.",low,40.04,83.46,1.89,3.97,25.1,70.89,31.33,2000.5,230.9,False,14.0,83,274,True,low,True,True,False,Low (<0.1 EU/mg),True,False,False,True,False,True,True,True,True,False,"Water, Dilute Acetic Acid",med,med,0.99
mat-0996,Film-Forming Chitosan Type-750,Chitosan & Derivatives,Red Seaweed (Rhodophyta),"High-purity biomedical grade chitosan engineered for tissue engineering, drug delivery, and barrier applications.",med,33.04,57.09,2.39,2.99,10.38,113.29,1.92,1295.2,282.0,True,7.67,41,234,False,med,True,True,True,Low (<0.1 EU/mg),True,True,False,False,False,True,False,True,False,False,"Water, Dilute Acetic Acid",med,med,0.96
mat-0997,Pharma-Grade Alginate Type-432,Alginate & Salts,Citrus peel / Apple pomace,"High-purity biomedical grade alginate engineered for tissue engineering, drug delivery, and barrier applications.",high,32.09,40.73,1.53,3.86,37.02,89.23,2.95,712.9,421.1,True,7.72,59,80,False,high,True,True,False,Low (<0.1 EU/mg),True,True,True,False,False,True,True,True,False,False,"Water, Dilute Acetic Acid",high,low,0.91
mat-0998,"Sulfated Carrageenan (Kappa, Iota, Lambda) Type-168","Carrageenan (Kappa, Iota, Lambda)",Aureobasidium pullulans culture,"High-purity biomedical grade carrageenan (kappa, iota, lambda) engineered for tissue engineering, drug delivery, and barrier applications.",low,42.95,76.81,1.56,3.92,51.51,186.39,20.19,1935.6,396.0,False,10.5,74,334,False,high,True,True,False,Low (<0.1 EU/mg),False,True,False,True,False,True,False,True,True,False,"Water, Dilute Acetic Acid",med,med,0.87
mat-0999,High-MW Chitosan Type-237,Chitosan & Derivatives,Red Seaweed (Rhodophyta),"High-purity biomedical grade chitosan engineered for tissue engineering, drug delivery, and barrier applications.",med,28.46,65.79,0.13,2.18,16.21,41.32,21.8,1491.1,231.1,False,5.29,90,112,False,high,True,True,True,Low (<0.1 EU/mg),True,True,True,False,True,False,False,False,True,False,"DMSO, Water",med,med,0.91
mat-1000,Carboxymethylated Chondroitin Type-270,Chondroitin & Glycosaminoglycans,Porcine cartilage,"High-purity biomedical grade chondroitin engineered for tissue engineering, drug delivery, and barrier applications.",med,17.38,25.3,2.82,6.36,51.1,160.49,8.77,1899.6,216.3,True,4.86,23,194,True,high,True,False,False,Low (<0.1 EU/mg),False,True,True,False,False,True,True,True,True,True,"Water, Dilute Acetic Acid",high,med,0.98
