molecular_weight_kda,monomer_type,backbone_type,linkage_type,branching_category,source_kingdom,solubility_category,charge_character,sulfation_present,acetylation_present,is_heteropolymer,degree_of_polymerization_log,crystallinity_category,viscosity_category,known_medical_use,known_food_use,biodegradable,biocompatible,xcomplexity_norm,hb_acceptors,functional_category,data_source,citation_note
147.18,Glucose,Glucose,Beta-1-4,Linear,Plant,Insoluble,Neutral,0,0,0,3.925,High,Low,0,1,1,1,0.245,39,Structural,expert_curated_literature,Category from peer-reviewed literature; not ML-predicted.
160.14,Glucose,Glucose,Beta-1-4,Linear,Plant,Insoluble,Neutral,0,0,0,4.27,High,Low,0,1,1,1,0.267,42,Structural,expert_curated_literature,Category from peer-reviewed literature; not ML-predicted.
155.22,Glucose,Glucose,Beta-1-4,Linear,Plant,Insoluble,Neutral,0,0,0,4.139,High,Low,0,1,1,1,0.259,41,Structural,expert_curated_literature,Category from peer-reviewed literature; not ML-predicted.
152.22,Glucose,Glucose,Beta-1-4,Linear,Plant,Insoluble,Neutral,0,0,0,4.059,High,Low,0,1,1,1,0.254,40,Structural,expert_curated_literature,Category from peer-reviewed literature; not ML-predicted.
142.26,Glucose,Glucose,Beta-1-4,Linear,Plant,Insoluble,Neutral,0,0,0,3.794,High,Low,0,1,1,1,0.237,37,Structural,expert_curated_literature,Category from peer-reviewed literature; not ML-predicted.
140.06,Glucose,Glucose,Beta-1-4,Linear,Plant,Insoluble,Neutral,0,0,0,3.735,High,Low,0,1,1,1,0.233,37,Structural,expert_curated_literature,Category from peer-reviewed literature; not ML-predicted.
158.24,Glucose,Glucose,Beta-1-4,Linear,Plant,Insoluble,Neutral,0,0,0,4.22,High,Low,0,1,1,1,0.264,42,Structural,expert_curated_literature,Category from peer-reviewed literature; not ML-predicted.
152.28,Glucose,Glucose,Beta-1-4,Linear,Plant,Insoluble,Neutral,0,0,0,4.061,High,Low,0,1,1,1,0.254,40,Structural,expert_curated_literature,Category from peer-reviewed literature; not ML-predicted.
154.68,Glucose,Glucose,Beta-1-4,Linear,Plant,Insoluble,Neutral,0,0,0,4.125,High,Low,0,1,1,1,0.258,41,Structural,expert_curated_literature,Category from peer-reviewed literature; not ML-predicted.
139.21,Glucose,Glucose,Beta-1-4,Linear,Plant,Insoluble,Neutral,0,0,0,3.712,High,Low,0,1,1,1,0.232,37,Structural,expert_curated_literature,Category from peer-reviewed literature; not ML-predicted.
160.57,Glucose,Glucose,Beta-1-4,Linear,Plant,Insoluble,Neutral,0,0,0,4.282,High,Low,0,1,1,1,0.268,42,Structural,expert_curated_literature,Category from peer-reviewed literature; not ML-predicted.
157.48,Glucose,Glucose,Beta-1-4,Linear,Plant,Insoluble,Neutral,0,0,0,4.199,High,Low,0,1,1,1,0.262,41,Structural,expert_curated_literature,Category from peer-reviewed literature; not ML-predicted.
143.53,Glucose,Glucose,Beta-1-4,Linear,Plant,Insoluble,Neutral,0,0,0,3.827,High,Low,0,1,1,1,0.239,38,Structural,expert_curated_literature,Category from peer-reviewed literature; not ML-predicted.
142.84,Glucose,Glucose,Beta-1-4,Linear,Plant,Insoluble,Neutral,0,0,0,3.809,High,Low,0,1,1,1,0.238,38,Structural,expert_curated_literature,Category from peer-reviewed literature; not ML-predicted.
142.88,Glucose,Glucose,Beta-1-4,Linear,Plant,Insoluble,Neutral,0,0,0,3.81,High,Low,0,1,1,1,0.238,38,Structural,expert_curated_literature,Category from peer-reviewed literature; not ML-predicted.
145.6,Glucose,Glucose,Beta-1-4,Linear,Plant,Insoluble,Neutral,0,0,0,3.883,High,Low,0,1,1,1,0.243,38,Structural,expert_curated_literature,Category from peer-reviewed literature; not ML-predicted.
150.56,Glucose,Glucose,Beta-1-4,Linear,Plant,Insoluble,Neutral,0,0,0,4.015,High,Low,0,1,1,1,0.251,40,Structural,expert_curated_literature,Category from peer-reviewed literature; not ML-predicted.
148.47,Glucose,Glucose,Beta-1-4,Linear,Plant,Insoluble,Neutral,0,0,0,3.959,High,Low,0,1,1,1,0.247,39,Structural,expert_curated_literature,Category from peer-reviewed literature; not ML-predicted.
145.3,Glucose,Glucose,Beta-1-4,Linear,Plant,Insoluble,Neutral,0,0,0,3.875,High,Low,0,1,1,1,0.242,38,Structural,expert_curated_literature,Category from peer-reviewed literature; not ML-predicted.
508.39,Glucose,Glucose,Alpha-1-4,Linear,Plant,Partially_Soluble,Neutral,0,0,0,4.576,Medium,Medium,0,1,1,1,0.203,30,Storage,expert_curated_literature,Category from peer-reviewed literature; not ML-predicted.
472.96,Glucose,Glucose,Alpha-1-4,Linear,Plant,Partially_Soluble,Neutral,0,0,0,4.257,Medium,Medium,0,1,1,1,0.189,28,Storage,expert_curated_literature,Category from peer-reviewed literature; not ML-predicted.
484.41,Glucose,Glucose,Alpha-1-4,Linear,Plant,Partially_Soluble,Neutral,0,0,0,4.36,Medium,Medium,0,1,1,1,0.194,29,Storage,expert_curated_literature,Category from peer-reviewed literature; not ML-predicted.
489.98,Glucose,Glucose,Alpha-1-4,Linear,Plant,Partially_Soluble,Neutral,0,0,0,4.41,Medium,Medium,0,1,1,1,0.196,29,Storage,expert_curated_literature,Category from peer-reviewed literature; not ML-predicted.
496.71,Glucose,Glucose,Alpha-1-4,Linear,Plant,Partially_Soluble,Neutral,0,0,0,4.47,Medium,Medium,0,1,1,1,0.199,29,Storage,expert_curated_literature,Category from peer-reviewed literature; not ML-predicted.
521.39,Glucose,Glucose,Alpha-1-4,Linear,Plant,Partially_Soluble,Neutral,0,0,0,4.692,Medium,Medium,0,1,1,1,0.209,31,Storage,expert_curated_literature,Category from peer-reviewed literature; not ML-predicted.
477.48,Glucose,Glucose,Alpha-1-4,Linear,Plant,Partially_Soluble,Neutral,0,0,0,4.297,Medium,Medium,0,1,1,1,0.191,28,Storage,expert_curated_literature,Category from peer-reviewed literature; not ML-predicted.
501.07,Glucose,Glucose,Alpha-1-4,Linear,Plant,Partially_Soluble,Neutral,0,0,0,4.51,Medium,Medium,0,1,1,1,0.2,30,Storage,expert_curated_literature,Category from peer-reviewed literature; not ML-predicted.
506.93,Glucose,Glucose,Alpha-1-4,Linear,Plant,Partially_Soluble,Neutral,0,0,0,4.562,Medium,Medium,0,1,1,1,0.203,30,Storage,expert_curated_literature,Category from peer-reviewed literature; not ML-predicted.
465.98,Glucose,Glucose,Alpha-1-4,Linear,Plant,Partially_Soluble,Neutral,0,0,0,4.194,Medium,Medium,0,1,1,1,0.186,27,Storage,expert_curated_literature,Category from peer-reviewed literature; not ML-predicted.
508.07,Glucose,Glucose,Alpha-1-4,Linear,Plant,Partially_Soluble,Neutral,0,0,0,4.573,Medium,Medium,0,1,1,1,0.203,30,Storage,expert_curated_literature,Category from peer-reviewed literature; not ML-predicted.
475.29,Glucose,Glucose,Alpha-1-4,Linear,Plant,Partially_Soluble,Neutral,0,0,0,4.278,Medium,Medium,0,1,1,1,0.19,28,Storage,expert_curated_literature,Category from peer-reviewed literature; not ML-predicted.
467.38,Glucose,Glucose,Alpha-1-4,Linear,Plant,Partially_Soluble,Neutral,0,0,0,4.206,Medium,Medium,0,1,1,1,0.187,28,Storage,expert_curated_literature,Category from peer-reviewed literature; not ML-predicted.
533.67,Glucose,Glucose,Alpha-1-4,Linear,Plant,Partially_Soluble,Neutral,0,0,0,4.803,Medium,Medium,0,1,1,1,0.213,32,Storage,expert_curated_literature,Category from peer-reviewed literature; not ML-predicted.
534.92,Glucose,Glucose,Alpha-1-4,Linear,Plant,Partially_Soluble,Neutral,0,0,0,4.814,Medium,Medium,0,1,1,1,0.214,32,Storage,expert_curated_literature,Category from peer-reviewed literature; not ML-predicted.
523.13,Glucose,Glucose,Alpha-1-4,Linear,Plant,Partially_Soluble,Neutral,0,0,0,4.708,Medium,Medium,0,1,1,1,0.209,31,Storage,expert_curated_literature,Category from peer-reviewed literature; not ML-predicted.
485.35,Glucose,Glucose,Alpha-1-4,Linear,Plant,Partially_Soluble,Neutral,0,0,0,4.368,Medium,Medium,0,1,1,1,0.194,29,Storage,expert_curated_literature,Category from peer-reviewed literature; not ML-predicted.
469.83,Glucose,Glucose,Alpha-1-4,Linear,Plant,Partially_Soluble,Neutral,0,0,0,4.228,Medium,Medium,0,1,1,1,0.188,28,Storage,expert_curated_literature,Category from peer-reviewed literature; not ML-predicted.
513.82,Glucose,Glucose,Alpha-1-4,Linear,Plant,Partially_Soluble,Neutral,0,0,0,4.624,Medium,Medium,0,1,1,1,0.206,30,Storage,expert_curated_literature,Category from peer-reviewed literature; not ML-predicted.
495.51,Glucose,Glucose,Alpha-1-4,Linear,Plant,Partially_Soluble,Neutral,0,0,0,4.46,Medium,Medium,0,1,1,1,0.198,29,Storage,expert_curated_literature,Category from peer-reviewed literature; not ML-predicted.
1886.61,Glucose,Glucose,Alpha-1-4,Highly_Branched,Plant,Partially_Soluble,Neutral,0,0,0,4.717,Low,High,0,1,1,1,0.283,47,Storage,expert_curated_literature,Category from peer-reviewed literature; not ML-predicted.
1998.55,Glucose,Glucose,Alpha-1-4,Highly_Branched,Plant,Partially_Soluble,Neutral,0,0,0,4.996,Low,High,0,1,1,1,0.3,49,Storage,expert_curated_literature,Category from peer-reviewed literature; not ML-predicted.
1860.32,Glucose,Glucose,Alpha-1-4,Highly_Branched,Plant,Partially_Soluble,Neutral,0,0,0,4.651,Low,High,0,1,1,1,0.279,46,Storage,expert_curated_literature,Category from peer-reviewed literature; not ML-predicted.
2122.8,Glucose,Glucose,Alpha-1-4,Highly_Branched,Plant,Partially_Soluble,Neutral,0,0,0,5.307,Low,High,0,1,1,1,0.318,53,Storage,expert_curated_literature,Category from peer-reviewed literature; not ML-predicted.
1927.63,Glucose,Glucose,Alpha-1-4,Highly_Branched,Plant,Partially_Soluble,Neutral,0,0,0,4.819,Low,High,0,1,1,1,0.289,48,Storage,expert_curated_literature,Category from peer-reviewed literature; not ML-predicted.
2048.76,Glucose,Glucose,Alpha-1-4,Highly_Branched,Plant,Partially_Soluble,Neutral,0,0,0,5.122,Low,High,0,1,1,1,0.307,51,Storage,expert_curated_literature,Category from peer-reviewed literature; not ML-predicted.
1943.51,Glucose,Glucose,Alpha-1-4,Highly_Branched,Plant,Partially_Soluble,Neutral,0,0,0,4.859,Low,High,0,1,1,1,0.292,48,Storage,expert_curated_literature,Category from peer-reviewed literature; not ML-predicted.
2006.02,Glucose,Glucose,Alpha-1-4,Highly_Branched,Plant,Partially_Soluble,Neutral,0,0,0,5.015,Low,High,0,1,1,1,0.301,50,Storage,expert_curated_literature,Category from peer-reviewed literature; not ML-predicted.
2014.01,Glucose,Glucose,Alpha-1-4,Highly_Branched,Plant,Partially_Soluble,Neutral,0,0,0,5.035,Low,High,0,1,1,1,0.302,50,Storage,expert_curated_literature,Category from peer-reviewed literature; not ML-predicted.
1905.46,Glucose,Glucose,Alpha-1-4,Highly_Branched,Plant,Partially_Soluble,Neutral,0,0,0,4.764,Low,High,0,1,1,1,0.286,47,Storage,expert_curated_literature,Category from peer-reviewed literature; not ML-predicted.
2140.88,Glucose,Glucose,Alpha-1-4,Highly_Branched,Plant,Partially_Soluble,Neutral,0,0,0,5.352,Low,High,0,1,1,1,0.321,53,Storage,expert_curated_literature,Category from peer-reviewed literature; not ML-predicted.
2082.54,Glucose,Glucose,Alpha-1-4,Highly_Branched,Plant,Partially_Soluble,Neutral,0,0,0,5.206,Low,High,0,1,1,1,0.312,52,Storage,expert_curated_literature,Category from peer-reviewed literature; not ML-predicted.
2131.85,Glucose,Glucose,Alpha-1-4,Highly_Branched,Plant,Partially_Soluble,Neutral,0,0,0,5.33,Low,High,0,1,1,1,0.32,53,Storage,expert_curated_literature,Category from peer-reviewed literature; not ML-predicted.
2118.45,Glucose,Glucose,Alpha-1-4,Highly_Branched,Plant,Partially_Soluble,Neutral,0,0,0,5.296,Low,High,0,1,1,1,0.318,52,Storage,expert_curated_literature,Category from peer-reviewed literature; not ML-predicted.
2029.37,Glucose,Glucose,Alpha-1-4,Highly_Branched,Plant,Partially_Soluble,Neutral,0,0,0,5.073,Low,High,0,1,1,1,0.304,50,Storage,expert_curated_literature,Category from peer-reviewed literature; not ML-predicted.
2126.56,Glucose,Glucose,Alpha-1-4,Highly_Branched,Plant,Partially_Soluble,Neutral,0,0,0,5.316,Low,High,0,1,1,1,0.319,53,Storage,expert_curated_literature,Category from peer-reviewed literature; not ML-predicted.
1876.55,Glucose,Glucose,Alpha-1-4,Highly_Branched,Plant,Partially_Soluble,Neutral,0,0,0,4.691,Low,High,0,1,1,1,0.281,46,Storage,expert_curated_literature,Category from peer-reviewed literature; not ML-predicted.
1908.79,Glucose,Glucose,Alpha-1-4,Highly_Branched,Plant,Partially_Soluble,Neutral,0,0,0,4.772,Low,High,0,1,1,1,0.286,47,Storage,expert_curated_literature,Category from peer-reviewed literature; not ML-predicted.
1863.57,Glucose,Glucose,Alpha-1-4,Highly_Branched,Plant,Partially_Soluble,Neutral,0,0,0,4.659,Low,High,0,1,1,1,0.28,46,Storage,expert_curated_literature,Category from peer-reviewed literature; not ML-predicted.
1947.6,Glucose,Glucose,Alpha-1-4,Highly_Branched,Plant,Partially_Soluble,Neutral,0,0,0,4.869,Low,High,0,1,1,1,0.292,48,Storage,expert_curated_literature,Category from peer-reviewed literature; not ML-predicted.
983.3,Glucose,Glucose,Alpha-1-4,Highly_Branched,Animal,Soluble,Neutral,0,0,0,4.917,Amorphous,High,1,0,1,1,0.344,49,Storage,expert_curated_literature,Category from peer-reviewed literature; not ML-predicted.
965.7,Glucose,Glucose,Alpha-1-4,Highly_Branched,Animal,Soluble,Neutral,0,0,0,4.829,Amorphous,High,1,0,1,1,0.338,48,Storage,expert_curated_literature,Category from peer-reviewed literature; not ML-predicted.
1049.31,Glucose,Glucose,Alpha-1-4,Highly_Branched,Animal,Soluble,Neutral,0,0,0,5.247,Amorphous,High,1,0,1,1,0.367,52,Storage,expert_curated_literature,Category from peer-reviewed literature; not ML-predicted.
978.51,Glucose,Glucose,Alpha-1-4,Highly_Branched,Animal,Soluble,Neutral,0,0,0,4.893,Amorphous,High,1,0,1,1,0.342,48,Storage,expert_curated_literature,Category from peer-reviewed literature; not ML-predicted.
967.14,Glucose,Glucose,Alpha-1-4,Highly_Branched,Animal,Soluble,Neutral,0,0,0,4.836,Amorphous,High,1,0,1,1,0.338,48,Storage,expert_curated_literature,Category from peer-reviewed literature; not ML-predicted.
1006.4,Glucose,Glucose,Alpha-1-4,Highly_Branched,Animal,Soluble,Neutral,0,0,0,5.032,Amorphous,High,1,0,1,1,0.352,50,Storage,expert_curated_literature,Category from peer-reviewed literature; not ML-predicted.
946.14,Glucose,Glucose,Alpha-1-4,Highly_Branched,Animal,Soluble,Neutral,0,0,0,4.731,Amorphous,High,1,0,1,1,0.331,47,Storage,expert_curated_literature,Category from peer-reviewed literature; not ML-predicted.
1045.33,Glucose,Glucose,Alpha-1-4,Highly_Branched,Animal,Soluble,Neutral,0,0,0,5.227,Amorphous,High,1,0,1,1,0.366,52,Storage,expert_curated_literature,Category from peer-reviewed literature; not ML-predicted.
936.18,Glucose,Glucose,Alpha-1-4,Highly_Branched,Animal,Soluble,Neutral,0,0,0,4.681,Amorphous,High,1,0,1,1,0.328,46,Storage,expert_curated_literature,Category from peer-reviewed literature; not ML-predicted.
1073.03,Glucose,Glucose,Alpha-1-4,Highly_Branched,Animal,Soluble,Neutral,0,0,0,5.365,Amorphous,High,1,0,1,1,0.376,53,Storage,expert_curated_literature,Category from peer-reviewed literature; not ML-predicted.
1040.84,Glucose,Glucose,Alpha-1-4,Highly_Branched,Animal,Soluble,Neutral,0,0,0,5.204,Amorphous,High,1,0,1,1,0.364,52,Storage,expert_curated_literature,Category from peer-reviewed literature; not ML-predicted.
954.81,Glucose,Glucose,Alpha-1-4,Highly_Branched,Animal,Soluble,Neutral,0,0,0,4.774,Amorphous,High,1,0,1,1,0.334,47,Storage,expert_curated_literature,Category from peer-reviewed literature; not ML-predicted.
925.83,Glucose,Glucose,Alpha-1-4,Highly_Branched,Animal,Soluble,Neutral,0,0,0,4.629,Amorphous,High,1,0,1,1,0.324,46,Storage,expert_curated_literature,Category from peer-reviewed literature; not ML-predicted.
1047.32,Glucose,Glucose,Alpha-1-4,Highly_Branched,Animal,Soluble,Neutral,0,0,0,5.237,Amorphous,High,1,0,1,1,0.367,52,Storage,expert_curated_literature,Category from peer-reviewed literature; not ML-predicted.
1031.03,Glucose,Glucose,Alpha-1-4,Highly_Branched,Animal,Soluble,Neutral,0,0,0,5.155,Amorphous,High,1,0,1,1,0.361,51,Storage,expert_curated_literature,Category from peer-reviewed literature; not ML-predicted.
1034.35,Glucose,Glucose,Alpha-1-4,Highly_Branched,Animal,Soluble,Neutral,0,0,0,5.172,Amorphous,High,1,0,1,1,0.362,51,Storage,expert_curated_literature,Category from peer-reviewed literature; not ML-predicted.
1040.69,Glucose,Glucose,Alpha-1-4,Highly_Branched,Animal,Soluble,Neutral,0,0,0,5.203,Amorphous,High,1,0,1,1,0.364,52,Storage,expert_curated_literature,Category from peer-reviewed literature; not ML-predicted.
936.11,Glucose,Glucose,Alpha-1-4,Highly_Branched,Animal,Soluble,Neutral,0,0,0,4.681,Amorphous,High,1,0,1,1,0.328,46,Storage,expert_curated_literature,Category from peer-reviewed literature; not ML-predicted.
978.77,Glucose,Glucose,Alpha-1-4,Highly_Branched,Animal,Soluble,Neutral,0,0,0,4.894,Amorphous,High,1,0,1,1,0.343,48,Storage,expert_curated_literature,Category from peer-reviewed literature; not ML-predicted.
942.38,Glucose,Glucose,Alpha-1-4,Highly_Branched,Animal,Soluble,Neutral,0,0,0,4.712,Amorphous,High,1,0,1,1,0.33,47,Storage,expert_curated_literature,Category from peer-reviewed literature; not ML-predicted.
527.23,GlcNAc,GlcNAc,Beta-1-4,Linear,Fungi,Insoluble,Neutral,0,1,0,4.745,High,Low,1,0,1,1,0.475,47,Structural,expert_curated_literature,Category from peer-reviewed literature; not ML-predicted.
509.25,GlcNAc,GlcNAc,Beta-1-4,Linear,Fungi,Insoluble,Neutral,0,1,0,4.583,High,Low,1,0,1,1,0.458,45,Structural,expert_curated_literature,Category from peer-reviewed literature; not ML-predicted.
487.32,GlcNAc,GlcNAc,Beta-1-4,Linear,Fungi,Insoluble,Neutral,0,1,0,4.386,High,Low,1,0,1,1,0.439,43,Structural,expert_curated_literature,Category from peer-reviewed literature; not ML-predicted.
467.27,GlcNAc,GlcNAc,Beta-1-4,Linear,Fungi,Insoluble,Neutral,0,1,0,4.205,High,Low,1,0,1,1,0.421,42,Structural,expert_curated_literature,Category from peer-reviewed literature; not ML-predicted.
485.82,GlcNAc,GlcNAc,Beta-1-4,Linear,Fungi,Insoluble,Neutral,0,1,0,4.372,High,Low,1,0,1,1,0.437,43,Structural,expert_curated_literature,Category from peer-reviewed literature; not ML-predicted.
486.89,GlcNAc,GlcNAc,Beta-1-4,Linear,Fungi,Insoluble,Neutral,0,1,0,4.382,High,Low,1,0,1,1,0.438,43,Structural,expert_curated_literature,Category from peer-reviewed literature; not ML-predicted.
517.22,GlcNAc,GlcNAc,Beta-1-4,Linear,Fungi,Insoluble,Neutral,0,1,0,4.655,High,Low,1,0,1,1,0.465,46,Structural,expert_curated_literature,Category from peer-reviewed literature; not ML-predicted.
510.32,GlcNAc,GlcNAc,Beta-1-4,Linear,Fungi,Insoluble,Neutral,0,1,0,4.593,High,Low,1,0,1,1,0.459,45,Structural,expert_curated_literature,Category from peer-reviewed literature; not ML-predicted.
529.04,GlcNAc,GlcNAc,Beta-1-4,Linear,Fungi,Insoluble,Neutral,0,1,0,4.761,High,Low,1,0,1,1,0.476,47,Structural,expert_curated_literature,Category from peer-reviewed literature; not ML-predicted.
497.92,GlcNAc,GlcNAc,Beta-1-4,Linear,Fungi,Insoluble,Neutral,0,1,0,4.481,High,Low,1,0,1,1,0.448,44,Structural,expert_curated_literature,Category from peer-reviewed literature; not ML-predicted.
471.47,GlcNAc,GlcNAc,Beta-1-4,Linear,Fungi,Insoluble,Neutral,0,1,0,4.243,High,Low,1,0,1,1,0.424,42,Structural,expert_curated_literature,Category from peer-reviewed literature; not ML-predicted.
515.99,GlcNAc,GlcNAc,Beta-1-4,Linear,Fungi,Insoluble,Neutral,0,1,0,4.644,High,Low,1,0,1,1,0.464,46,Structural,expert_curated_literature,Category from peer-reviewed literature; not ML-predicted.
519.56,GlcNAc,GlcNAc,Beta-1-4,Linear,Fungi,Insoluble,Neutral,0,1,0,4.676,High,Low,1,0,1,1,0.468,46,Structural,expert_curated_literature,Category from peer-reviewed literature; not ML-predicted.
504.6,GlcNAc,GlcNAc,Beta-1-4,Linear,Fungi,Insoluble,Neutral,0,1,0,4.541,High,Low,1,0,1,1,0.454,45,Structural,expert_curated_literature,Category from peer-reviewed literature; not ML-predicted.
520.32,GlcNAc,GlcNAc,Beta-1-4,Linear,Fungi,Insoluble,Neutral,0,1,0,4.683,High,Low,1,0,1,1,0.468,46,Structural,expert_curated_literature,Category from peer-reviewed literature; not ML-predicted.
499.53,GlcNAc,GlcNAc,Beta-1-4,Linear,Fungi,Insoluble,Neutral,0,1,0,4.496,High,Low,1,0,1,1,0.45,44,Structural,expert_curated_literature,Category from peer-reviewed literature; not ML-predicted.
501.7,GlcNAc,GlcNAc,Beta-1-4,Linear,Fungi,Insoluble,Neutral,0,1,0,4.515,High,Low,1,0,1,1,0.452,45,Structural,expert_curated_literature,Category from peer-reviewed literature; not ML-predicted.
494.57,GlcNAc,GlcNAc,Beta-1-4,Linear,Fungi,Insoluble,Neutral,0,1,0,4.451,High,Low,1,0,1,1,0.445,44,Structural,expert_curated_literature,Category from peer-reviewed literature; not ML-predicted.
464.41,GlcNAc,GlcNAc,Beta-1-4,Linear,Fungi,Insoluble,Neutral,0,1,0,4.18,High,Low,1,0,1,1,0.418,41,Structural,expert_curated_literature,Category from peer-reviewed literature; not ML-predicted.
470.59,GlcNAc,GlcNAc,Beta-1-4,Linear,Fungi,Insoluble,Neutral,0,1,0,4.235,High,Low,1,0,1,1,0.424,42,Structural,expert_curated_literature,Category from peer-reviewed literature; not ML-predicted.
185.94,GlcNAc,GlcNAc,Beta-1-4,Linear,Fungi,Partially_Soluble,Cationic,0,1,0,3.905,Medium,Medium,1,0,1,1,0.372,37,Structural,expert_curated_literature,Category from peer-reviewed literature; not ML-predicted.
204.09,GlcNAc,GlcNAc,Beta-1-4,Linear,Fungi,Partially_Soluble,Cationic,0,1,0,4.286,Medium,Medium,1,0,1,1,0.408,40,Structural,expert_curated_literature,Category from peer-reviewed literature; not ML-predicted.
194.43,GlcNAc,GlcNAc,Beta-1-4,Linear,Fungi,Partially_Soluble,Cationic,0,1,0,4.083,Medium,Medium,1,0,1,1,0.389,38,Structural,expert_curated_literature,Category from peer-reviewed literature; not ML-predicted.
200.26,GlcNAc,GlcNAc,Beta-1-4,Linear,Fungi,Partially_Soluble,Cationic,0,1,0,4.205,Medium,Medium,1,0,1,1,0.401,40,Structural,expert_curated_literature,Category from peer-reviewed literature; not ML-predicted.
212.23,GlcNAc,GlcNAc,Beta-1-4,Linear,Fungi,Partially_Soluble,Cationic,0,1,0,4.457,Medium,Medium,1,0,1,1,0.424,42,Structural,expert_curated_literature,Category from peer-reviewed literature; not ML-predicted.
192.48,GlcNAc,GlcNAc,Beta-1-4,Linear,Fungi,Partially_Soluble,Cationic,0,1,0,4.042,Medium,Medium,1,0,1,1,0.385,38,Structural,expert_curated_literature,Category from peer-reviewed literature; not ML-predicted.
197.31,GlcNAc,GlcNAc,Beta-1-4,Linear,Fungi,Partially_Soluble,Cationic,0,1,0,4.144,Medium,Medium,1,0,1,1,0.395,39,Structural,expert_curated_literature,Category from peer-reviewed literature; not ML-predicted.
207.67,GlcNAc,GlcNAc,Beta-1-4,Linear,Fungi,Partially_Soluble,Cationic,0,1,0,4.361,Medium,Medium,1,0,1,1,0.415,41,Structural,expert_curated_literature,Category from peer-reviewed literature; not ML-predicted.
191.86,GlcNAc,GlcNAc,Beta-1-4,Linear,Fungi,Partially_Soluble,Cationic,0,1,0,4.029,Medium,Medium,1,0,1,1,0.384,38,Structural,expert_curated_literature,Category from peer-reviewed literature; not ML-predicted.
187.31,GlcNAc,GlcNAc,Beta-1-4,Linear,Fungi,Partially_Soluble,Cationic,0,1,0,3.933,Medium,Medium,1,0,1,1,0.375,37,Structural,expert_curated_literature,Category from peer-reviewed literature; not ML-predicted.
193.69,GlcNAc,GlcNAc,Beta-1-4,Linear,Fungi,Partially_Soluble,Cationic,0,1,0,4.068,Medium,Medium,1,0,1,1,0.387,38,Structural,expert_curated_literature,Category from peer-reviewed literature; not ML-predicted.
189.84,GlcNAc,GlcNAc,Beta-1-4,Linear,Fungi,Partially_Soluble,Cationic,0,1,0,3.987,Medium,Medium,1,0,1,1,0.38,37,Structural,expert_curated_literature,Category from peer-reviewed literature; not ML-predicted.
212.89,GlcNAc,GlcNAc,Beta-1-4,Linear,Fungi,Partially_Soluble,Cationic,0,1,0,4.471,Medium,Medium,1,0,1,1,0.426,42,Structural,expert_curated_literature,Category from peer-reviewed literature; not ML-predicted.
209.24,GlcNAc,GlcNAc,Beta-1-4,Linear,Fungi,Partially_Soluble,Cationic,0,1,0,4.394,Medium,Medium,1,0,1,1,0.418,41,Structural,expert_curated_literature,Category from peer-reviewed literature; not ML-predicted.
204.0,GlcNAc,GlcNAc,Beta-1-4,Linear,Fungi,Partially_Soluble,Cationic,0,1,0,4.284,Medium,Medium,1,0,1,1,0.408,40,Structural,expert_curated_literature,Category from peer-reviewed literature; not ML-predicted.
211.14,GlcNAc,GlcNAc,Beta-1-4,Linear,Fungi,Partially_Soluble,Cationic,0,1,0,4.434,Medium,Medium,1,0,1,1,0.422,42,Structural,expert_curated_literature,Category from peer-reviewed literature; not ML-predicted.
209.11,GlcNAc,GlcNAc,Beta-1-4,Linear,Fungi,Partially_Soluble,Cationic,0,1,0,4.391,Medium,Medium,1,0,1,1,0.418,41,Structural,expert_curated_literature,Category from peer-reviewed literature; not ML-predicted.
190.6,GlcNAc,GlcNAc,Beta-1-4,Linear,Fungi,Partially_Soluble,Cationic,0,1,0,4.003,Medium,Medium,1,0,1,1,0.381,38,Structural,expert_curated_literature,Category from peer-reviewed literature; not ML-predicted.
211.78,GlcNAc,GlcNAc,Beta-1-4,Linear,Fungi,Partially_Soluble,Cationic,0,1,0,4.447,Medium,Medium,1,0,1,1,0.424,42,Structural,expert_curated_literature,Category from peer-reviewed literature; not ML-predicted.
201.18,GlcNAc,GlcNAc,Beta-1-4,Linear,Fungi,Partially_Soluble,Cationic,0,1,0,4.225,Medium,Medium,1,0,1,1,0.402,40,Structural,expert_curated_literature,Category from peer-reviewed literature; not ML-predicted.
15.69,GlcA,GlcA,Alpha-1-4,Linear,Animal,Soluble,Anionic,1,1,1,3.975,Amorphous,Low,1,0,1,1,0.628,57,Bioactive,expert_curated_literature,Category from peer-reviewed literature; not ML-predicted.
15.89,GlcA,GlcA,Alpha-1-4,Linear,Animal,Soluble,Anionic,1,1,1,4.026,Amorphous,Low,1,0,1,1,0.636,58,Bioactive,expert_curated_literature,Category from peer-reviewed literature; not ML-predicted.
14.59,GlcA,GlcA,Alpha-1-4,Linear,Animal,Soluble,Anionic,1,1,1,3.696,Amorphous,Low,1,0,1,1,0.584,53,Bioactive,expert_curated_literature,Category from peer-reviewed literature; not ML-predicted.
14.12,GlcA,GlcA,Alpha-1-4,Linear,Animal,Soluble,Anionic,1,1,1,3.578,Amorphous,Low,1,0,1,1,0.565,51,Bioactive,expert_curated_literature,Category from peer-reviewed literature; not ML-predicted.
14.39,GlcA,GlcA,Alpha-1-4,Linear,Animal,Soluble,Anionic,1,1,1,3.645,Amorphous,Low,1,0,1,1,0.576,52,Bioactive,expert_curated_literature,Category from peer-reviewed literature; not ML-predicted.
14.84,GlcA,GlcA,Alpha-1-4,Linear,Animal,Soluble,Anionic,1,1,1,3.758,Amorphous,Low,1,0,1,1,0.593,54,Bioactive,expert_curated_literature,Category from peer-reviewed literature; not ML-predicted.
15.72,GlcA,GlcA,Alpha-1-4,Linear,Animal,Soluble,Anionic,1,1,1,3.981,Amorphous,Low,1,0,1,1,0.629,57,Bioactive,expert_curated_literature,Category from peer-reviewed literature; not ML-predicted.
15.81,GlcA,GlcA,Alpha-1-4,Linear,Animal,Soluble,Anionic,1,1,1,4.006,Amorphous,Low,1,0,1,1,0.632,57,Bioactive,expert_curated_literature,Category from peer-reviewed literature; not ML-predicted.
13.89,GlcA,GlcA,Alpha-1-4,Linear,Animal,Soluble,Anionic,1,1,1,3.519,Amorphous,Low,1,0,1,1,0.556,50,Bioactive,expert_curated_literature,Category from peer-reviewed literature; not ML-predicted.
15.02,GlcA,GlcA,Alpha-1-4,Linear,Animal,Soluble,Anionic,1,1,1,3.806,Amorphous,Low,1,0,1,1,0.601,55,Bioactive,expert_curated_literature,Category from peer-reviewed literature; not ML-predicted.
14.81,GlcA,GlcA,Alpha-1-4,Linear,Animal,Soluble,Anionic,1,1,1,3.753,Amorphous,Low,1,0,1,1,0.593,54,Bioactive,expert_curated_literature,Category from peer-reviewed literature; not ML-predicted.
14.37,GlcA,GlcA,Alpha-1-4,Linear,Animal,Soluble,Anionic,1,1,1,3.642,Amorphous,Low,1,0,1,1,0.575,52,Bioactive,expert_curated_literature,Category from peer-reviewed literature; not ML-predicted.
14.14,GlcA,GlcA,Alpha-1-4,Linear,Animal,Soluble,Anionic,1,1,1,3.583,Amorphous,Low,1,0,1,1,0.566,51,Bioactive,expert_curated_literature,Category from peer-reviewed literature; not ML-predicted.
14.63,GlcA,GlcA,Alpha-1-4,Linear,Animal,Soluble,Anionic,1,1,1,3.707,Amorphous,Low,1,0,1,1,0.585,53,Bioactive,expert_curated_literature,Category from peer-reviewed literature; not ML-predicted.
16.0,GlcA,GlcA,Alpha-1-4,Linear,Animal,Soluble,Anionic,1,1,1,4.052,Amorphous,Low,1,0,1,1,0.64,58,Bioactive,expert_curated_literature,Category from peer-reviewed literature; not ML-predicted.
14.6,GlcA,GlcA,Alpha-1-4,Linear,Animal,Soluble,Anionic,1,1,1,3.699,Amorphous,Low,1,0,1,1,0.584,53,Bioactive,expert_curated_literature,Category from peer-reviewed literature; not ML-predicted.
15.04,GlcA,GlcA,Alpha-1-4,Linear,Animal,Soluble,Anionic,1,1,1,3.811,Amorphous,Low,1,0,1,1,0.602,55,Bioactive,expert_curated_literature,Category from peer-reviewed literature; not ML-predicted.
15.46,GlcA,GlcA,Alpha-1-4,Linear,Animal,Soluble,Anionic,1,1,1,3.916,Amorphous,Low,1,0,1,1,0.618,56,Bioactive,expert_curated_literature,Category from peer-reviewed literature; not ML-predicted.
14.69,GlcA,GlcA,Alpha-1-4,Linear,Animal,Soluble,Anionic,1,1,1,3.722,Amorphous,Low,1,0,1,1,0.588,53,Bioactive,expert_curated_literature,Category from peer-reviewed literature; not ML-predicted.
16.06,GlcA,GlcA,Alpha-1-4,Linear,Animal,Soluble,Anionic,1,1,1,4.069,Amorphous,Low,1,0,1,1,0.642,58,Bioactive,expert_curated_literature,Category from peer-reviewed literature; not ML-predicted.
2138.73,GlcA,GlcA,Beta-1-4,Linear,Animal,Soluble,Anionic,0,1,1,5.347,Amorphous,High,1,0,1,1,0.588,53,Bioactive,expert_curated_literature,Category from peer-reviewed literature; not ML-predicted.
1925.53,GlcA,GlcA,Beta-1-4,Linear,Animal,Soluble,Anionic,0,1,1,4.814,Amorphous,High,1,0,1,1,0.53,48,Bioactive,expert_curated_literature,Category from peer-reviewed literature; not ML-predicted.
1999.17,GlcA,GlcA,Beta-1-4,Linear,Animal,Soluble,Anionic,0,1,1,4.998,Amorphous,High,1,0,1,1,0.55,49,Bioactive,expert_curated_literature,Category from peer-reviewed literature; not ML-predicted.
1940.26,GlcA,GlcA,Beta-1-4,Linear,Animal,Soluble,Anionic,0,1,1,4.851,Amorphous,High,1,0,1,1,0.534,48,Bioactive,expert_curated_literature,Category from peer-reviewed literature; not ML-predicted.
1935.45,GlcA,GlcA,Beta-1-4,Linear,Animal,Soluble,Anionic,0,1,1,4.839,Amorphous,High,1,0,1,1,0.532,48,Bioactive,expert_curated_literature,Category from peer-reviewed literature; not ML-predicted.
1861.07,GlcA,GlcA,Beta-1-4,Linear,Animal,Soluble,Anionic,0,1,1,4.653,Amorphous,High,1,0,1,1,0.512,46,Bioactive,expert_curated_literature,Category from peer-reviewed literature; not ML-predicted.
2032.87,GlcA,GlcA,Beta-1-4,Linear,Animal,Soluble,Anionic,0,1,1,5.082,Amorphous,High,1,0,1,1,0.559,50,Bioactive,expert_curated_literature,Category from peer-reviewed literature; not ML-predicted.
2000.8,GlcA,GlcA,Beta-1-4,Linear,Animal,Soluble,Anionic,0,1,1,5.002,Amorphous,High,1,0,1,1,0.55,50,Bioactive,expert_curated_literature,Category from peer-reviewed literature; not ML-predicted.
1865.44,GlcA,GlcA,Beta-1-4,Linear,Animal,Soluble,Anionic,0,1,1,4.664,Amorphous,High,1,0,1,1,0.513,46,Bioactive,expert_curated_literature,Category from peer-reviewed literature; not ML-predicted.
1933.59,GlcA,GlcA,Beta-1-4,Linear,Animal,Soluble,Anionic,0,1,1,4.834,Amorphous,High,1,0,1,1,0.532,48,Bioactive,expert_curated_literature,Category from peer-reviewed literature; not ML-predicted.
2122.48,GlcA,GlcA,Beta-1-4,Linear,Animal,Soluble,Anionic,0,1,1,5.306,Amorphous,High,1,0,1,1,0.584,53,Bioactive,expert_curated_literature,Category from peer-reviewed literature; not ML-predicted.
1921.87,GlcA,GlcA,Beta-1-4,Linear,Animal,Soluble,Anionic,0,1,1,4.805,Amorphous,High,1,0,1,1,0.529,48,Bioactive,expert_curated_literature,Category from peer-reviewed literature; not ML-predicted.
1893.47,GlcA,GlcA,Beta-1-4,Linear,Animal,Soluble,Anionic,0,1,1,4.734,Amorphous,High,1,0,1,1,0.521,47,Bioactive,expert_curated_literature,Category from peer-reviewed literature; not ML-predicted.
1996.84,GlcA,GlcA,Beta-1-4,Linear,Animal,Soluble,Anionic,0,1,1,4.992,Amorphous,High,1,0,1,1,0.549,49,Bioactive,expert_curated_literature,Category from peer-reviewed literature; not ML-predicted.
2145.7,GlcA,GlcA,Beta-1-4,Linear,Animal,Soluble,Anionic,0,1,1,5.364,Amorphous,High,1,0,1,1,0.59,53,Bioactive,expert_curated_literature,Category from peer-reviewed literature; not ML-predicted.
1922.62,GlcA,GlcA,Beta-1-4,Linear,Animal,Soluble,Anionic,0,1,1,4.807,Amorphous,High,1,0,1,1,0.529,48,Bioactive,expert_curated_literature,Category from peer-reviewed literature; not ML-predicted.
2051.64,GlcA,GlcA,Beta-1-4,Linear,Animal,Soluble,Anionic,0,1,1,5.129,Amorphous,High,1,0,1,1,0.564,51,Bioactive,expert_curated_literature,Category from peer-reviewed literature; not ML-predicted.
2078.49,GlcA,GlcA,Beta-1-4,Linear,Animal,Soluble,Anionic,0,1,1,5.196,Amorphous,High,1,0,1,1,0.572,51,Bioactive,expert_curated_literature,Category from peer-reviewed literature; not ML-predicted.
1921.29,GlcA,GlcA,Beta-1-4,Linear,Animal,Soluble,Anionic,0,1,1,4.803,Amorphous,High,1,0,1,1,0.528,48,Bioactive,expert_curated_literature,Category from peer-reviewed literature; not ML-predicted.
2068.46,GlcA,GlcA,Beta-1-4,Linear,Animal,Soluble,Anionic,0,1,1,5.171,Amorphous,High,1,0,1,1,0.569,51,Bioactive,expert_curated_literature,Category from peer-reviewed literature; not ML-predicted.
49.01,GalNAc,GalNAc,Beta-1-4,Linear,Animal,Soluble,Anionic,1,1,1,3.921,Amorphous,Medium,1,0,1,1,0.568,50,Bioactive,expert_curated_literature,Category from peer-reviewed literature; not ML-predicted.
50.99,GalNAc,GalNAc,Beta-1-4,Linear,Animal,Soluble,Anionic,1,1,1,4.079,Amorphous,Medium,1,0,1,1,0.592,53,Bioactive,expert_curated_literature,Category from peer-reviewed literature; not ML-predicted.
51.0,GalNAc,GalNAc,Beta-1-4,Linear,Animal,Soluble,Anionic,1,1,1,4.08,Amorphous,Medium,1,0,1,1,0.592,53,Bioactive,expert_curated_literature,Category from peer-reviewed literature; not ML-predicted.
50.27,GalNAc,GalNAc,Beta-1-4,Linear,Animal,Soluble,Anionic,1,1,1,4.021,Amorphous,Medium,1,0,1,1,0.583,52,Bioactive,expert_curated_literature,Category from peer-reviewed literature; not ML-predicted.
46.93,GalNAc,GalNAc,Beta-1-4,Linear,Animal,Soluble,Anionic,1,1,1,3.754,Amorphous,Medium,1,0,1,1,0.544,48,Bioactive,expert_curated_literature,Category from peer-reviewed literature; not ML-predicted.
52.51,GalNAc,GalNAc,Beta-1-4,Linear,Animal,Soluble,Anionic,1,1,1,4.201,Amorphous,Medium,1,0,1,1,0.609,54,Bioactive,expert_curated_literature,Category from peer-reviewed literature; not ML-predicted.
48.66,GalNAc,GalNAc,Beta-1-4,Linear,Animal,Soluble,Anionic,1,1,1,3.892,Amorphous,Medium,1,0,1,1,0.564,50,Bioactive,expert_curated_literature,Category from peer-reviewed literature; not ML-predicted.
47.65,GalNAc,GalNAc,Beta-1-4,Linear,Animal,Soluble,Anionic,1,1,1,3.812,Amorphous,Medium,1,0,1,1,0.553,49,Bioactive,expert_curated_literature,Category from peer-reviewed literature; not ML-predicted.
46.56,GalNAc,GalNAc,Beta-1-4,Linear,Animal,Soluble,Anionic,1,1,1,3.724,Amorphous,Medium,1,0,1,1,0.54,48,Bioactive,expert_curated_literature,Category from peer-reviewed literature; not ML-predicted.
50.68,GalNAc,GalNAc,Beta-1-4,Linear,Animal,Soluble,Anionic,1,1,1,4.055,Amorphous,Medium,1,0,1,1,0.588,52,Bioactive,expert_curated_literature,Category from peer-reviewed literature; not ML-predicted.
51.33,GalNAc,GalNAc,Beta-1-4,Linear,Animal,Soluble,Anionic,1,1,1,4.107,Amorphous,Medium,1,0,1,1,0.595,53,Bioactive,expert_curated_literature,Category from peer-reviewed literature; not ML-predicted.
46.37,GalNAc,GalNAc,Beta-1-4,Linear,Animal,Soluble,Anionic,1,1,1,3.71,Amorphous,Medium,1,0,1,1,0.538,48,Bioactive,expert_curated_literature,Category from peer-reviewed literature; not ML-predicted.
50.09,GalNAc,GalNAc,Beta-1-4,Linear,Animal,Soluble,Anionic,1,1,1,4.007,Amorphous,Medium,1,0,1,1,0.581,52,Bioactive,expert_curated_literature,Category from peer-reviewed literature; not ML-predicted.
47.95,GalNAc,GalNAc,Beta-1-4,Linear,Animal,Soluble,Anionic,1,1,1,3.836,Amorphous,Medium,1,0,1,1,0.556,49,Bioactive,expert_curated_literature,Category from peer-reviewed literature; not ML-predicted.
51.09,GalNAc,GalNAc,Beta-1-4,Linear,Animal,Soluble,Anionic,1,1,1,4.087,Amorphous,Medium,1,0,1,1,0.593,53,Bioactive,expert_curated_literature,Category from peer-reviewed literature; not ML-predicted.
47.56,GalNAc,GalNAc,Beta-1-4,Linear,Animal,Soluble,Anionic,1,1,1,3.805,Amorphous,Medium,1,0,1,1,0.552,49,Bioactive,expert_curated_literature,Category from peer-reviewed literature; not ML-predicted.
51.43,GalNAc,GalNAc,Beta-1-4,Linear,Animal,Soluble,Anionic,1,1,1,4.115,Amorphous,Medium,1,0,1,1,0.597,53,Bioactive,expert_curated_literature,Category from peer-reviewed literature; not ML-predicted.
49.15,GalNAc,GalNAc,Beta-1-4,Linear,Animal,Soluble,Anionic,1,1,1,3.932,Amorphous,Medium,1,0,1,1,0.57,51,Bioactive,expert_curated_literature,Category from peer-reviewed literature; not ML-predicted.
53.28,GalNAc,GalNAc,Beta-1-4,Linear,Animal,Soluble,Anionic,1,1,1,4.262,Amorphous,Medium,1,0,1,1,0.618,55,Bioactive,expert_curated_literature,Category from peer-reviewed literature; not ML-predicted.
47.28,GalNAc,GalNAc,Beta-1-4,Linear,Animal,Soluble,Anionic,1,1,1,3.783,Amorphous,Medium,1,0,1,1,0.548,49,Bioactive,expert_curated_literature,Category from peer-reviewed literature; not ML-predicted.
97.62,GlcA,GlcA,Alpha-1-4,Moderate_Branched,Plant,Soluble,Anionic,0,1,1,4.1,Amorphous,High,0,1,1,1,0.312,43,Storage,expert_curated_literature,Category from peer-reviewed literature; not ML-predicted.
94.2,GlcA,GlcA,Alpha-1-4,Moderate_Branched,Plant,Soluble,Anionic,0,1,1,3.956,Amorphous,High,0,1,1,1,0.301,42,Storage,expert_curated_literature,Category from peer-reviewed literature; not ML-predicted.
106.37,GlcA,GlcA,Alpha-1-4,Moderate_Branched,Plant,Soluble,Anionic,0,1,1,4.468,Amorphous,High,0,1,1,1,0.34,47,Storage,expert_curated_literature,Category from peer-reviewed literature; not ML-predicted.
105.66,GlcA,GlcA,Alpha-1-4,Moderate_Branched,Plant,Soluble,Anionic,0,1,1,4.438,Amorphous,High,0,1,1,1,0.338,47,Storage,expert_curated_literature,Category from peer-reviewed literature; not ML-predicted.
96.37,GlcA,GlcA,Alpha-1-4,Moderate_Branched,Plant,Soluble,Anionic,0,1,1,4.048,Amorphous,High,0,1,1,1,0.308,43,Storage,expert_curated_literature,Category from peer-reviewed literature; not ML-predicted.
102.4,GlcA,GlcA,Alpha-1-4,Moderate_Branched,Plant,Soluble,Anionic,0,1,1,4.301,Amorphous,High,0,1,1,1,0.328,46,Storage,expert_curated_literature,Category from peer-reviewed literature; not ML-predicted.
104.76,GlcA,GlcA,Alpha-1-4,Moderate_Branched,Plant,Soluble,Anionic,0,1,1,4.4,Amorphous,High,0,1,1,1,0.335,47,Storage,expert_curated_literature,Category from peer-reviewed literature; not ML-predicted.
100.83,GlcA,GlcA,Alpha-1-4,Moderate_Branched,Plant,Soluble,Anionic,0,1,1,4.235,Amorphous,High,0,1,1,1,0.323,45,Storage,expert_curated_literature,Category from peer-reviewed literature; not ML-predicted.
100.44,GlcA,GlcA,Alpha-1-4,Moderate_Branched,Plant,Soluble,Anionic,0,1,1,4.219,Amorphous,High,0,1,1,1,0.321,45,Storage,expert_curated_literature,Category from peer-reviewed literature; not ML-predicted.
96.13,GlcA,GlcA,Alpha-1-4,Moderate_Branched,Plant,Soluble,Anionic,0,1,1,4.037,Amorphous,High,0,1,1,1,0.308,43,Storage,expert_curated_literature,Category from peer-reviewed literature; not ML-predicted.
93.9,GlcA,GlcA,Alpha-1-4,Moderate_Branched,Plant,Soluble,Anionic,0,1,1,3.944,Amorphous,High,0,1,1,1,0.3,42,Storage,expert_curated_literature,Category from peer-reviewed literature; not ML-predicted.
105.96,GlcA,GlcA,Alpha-1-4,Moderate_Branched,Plant,Soluble,Anionic,0,1,1,4.45,Amorphous,High,0,1,1,1,0.339,47,Storage,expert_curated_literature,Category from peer-reviewed literature; not ML-predicted.
106.01,GlcA,GlcA,Alpha-1-4,Moderate_Branched,Plant,Soluble,Anionic,0,1,1,4.452,Amorphous,High,0,1,1,1,0.339,47,Storage,expert_curated_literature,Category from peer-reviewed literature; not ML-predicted.
102.0,GlcA,GlcA,Alpha-1-4,Moderate_Branched,Plant,Soluble,Anionic,0,1,1,4.284,Amorphous,High,0,1,1,1,0.326,45,Storage,expert_curated_literature,Category from peer-reviewed literature; not ML-predicted.
97.59,GlcA,GlcA,Alpha-1-4,Moderate_Branched,Plant,Soluble,Anionic,0,1,1,4.099,Amorphous,High,0,1,1,1,0.312,43,Storage,expert_curated_literature,Category from peer-reviewed literature; not ML-predicted.
97.74,GlcA,GlcA,Alpha-1-4,Moderate_Branched,Plant,Soluble,Anionic,0,1,1,4.105,Amorphous,High,0,1,1,1,0.313,43,Storage,expert_curated_literature,Category from peer-reviewed literature; not ML-predicted.
103.39,GlcA,GlcA,Alpha-1-4,Moderate_Branched,Plant,Soluble,Anionic,0,1,1,4.342,Amorphous,High,0,1,1,1,0.331,46,Storage,expert_curated_literature,Category from peer-reviewed literature; not ML-predicted.
105.81,GlcA,GlcA,Alpha-1-4,Moderate_Branched,Plant,Soluble,Anionic,0,1,1,4.444,Amorphous,High,0,1,1,1,0.339,47,Storage,expert_curated_literature,Category from peer-reviewed literature; not ML-predicted.
104.2,GlcA,GlcA,Alpha-1-4,Moderate_Branched,Plant,Soluble,Anionic,0,1,1,4.376,Amorphous,High,0,1,1,1,0.333,46,Storage,expert_curated_literature,Category from peer-reviewed literature; not ML-predicted.
122.56,Galactose,Galactose,Mixed,Linear,Algae,Soluble_Hot,Neutral,1,0,1,4.392,Medium,Gel_forming,1,1,1,1,0.286,38,Algal,expert_curated_literature,Category from peer-reviewed literature; not ML-predicted.
112.51,Galactose,Galactose,Mixed,Linear,Algae,Soluble_Hot,Neutral,1,0,1,4.032,Medium,Gel_forming,1,1,1,1,0.263,35,Algal,expert_curated_literature,Category from peer-reviewed literature; not ML-predicted.
113.91,Galactose,Galactose,Mixed,Linear,Algae,Soluble_Hot,Neutral,1,0,1,4.082,Medium,Gel_forming,1,1,1,1,0.266,36,Algal,expert_curated_literature,Category from peer-reviewed literature; not ML-predicted.
127.17,Galactose,Galactose,Mixed,Linear,Algae,Soluble_Hot,Neutral,1,0,1,4.557,Medium,Gel_forming,1,1,1,1,0.297,40,Algal,expert_curated_literature,Category from peer-reviewed literature; not ML-predicted.
121.92,Galactose,Galactose,Mixed,Linear,Algae,Soluble_Hot,Neutral,1,0,1,4.369,Medium,Gel_forming,1,1,1,1,0.284,38,Algal,expert_curated_literature,Category from peer-reviewed literature; not ML-predicted.
111.17,Galactose,Galactose,Mixed,Linear,Algae,Soluble_Hot,Neutral,1,0,1,3.983,Medium,Gel_forming,1,1,1,1,0.259,35,Algal,expert_curated_literature,Category from peer-reviewed literature; not ML-predicted.
112.83,Galactose,Galactose,Mixed,Linear,Algae,Soluble_Hot,Neutral,1,0,1,4.043,Medium,Gel_forming,1,1,1,1,0.263,35,Algal,expert_curated_literature,Category from peer-reviewed literature; not ML-predicted.
122.94,Galactose,Galactose,Mixed,Linear,Algae,Soluble_Hot,Neutral,1,0,1,4.405,Medium,Gel_forming,1,1,1,1,0.287,38,Algal,expert_curated_literature,Category from peer-reviewed literature; not ML-predicted.
111.09,Galactose,Galactose,Mixed,Linear,Algae,Soluble_Hot,Neutral,1,0,1,3.981,Medium,Gel_forming,1,1,1,1,0.259,35,Algal,expert_curated_literature,Category from peer-reviewed literature; not ML-predicted.
113.89,Galactose,Galactose,Mixed,Linear,Algae,Soluble_Hot,Neutral,1,0,1,4.081,Medium,Gel_forming,1,1,1,1,0.266,36,Algal,expert_curated_literature,Category from peer-reviewed literature; not ML-predicted.
120.88,Galactose,Galactose,Mixed,Linear,Algae,Soluble_Hot,Neutral,1,0,1,4.331,Medium,Gel_forming,1,1,1,1,0.282,38,Algal,expert_curated_literature,Category from peer-reviewed literature; not ML-predicted.
123.45,Galactose,Galactose,Mixed,Linear,Algae,Soluble_Hot,Neutral,1,0,1,4.424,Medium,Gel_forming,1,1,1,1,0.288,39,Algal,expert_curated_literature,Category from peer-reviewed literature; not ML-predicted.
122.74,Galactose,Galactose,Mixed,Linear,Algae,Soluble_Hot,Neutral,1,0,1,4.398,Medium,Gel_forming,1,1,1,1,0.286,38,Algal,expert_curated_literature,Category from peer-reviewed literature; not ML-predicted.
115.04,Galactose,Galactose,Mixed,Linear,Algae,Soluble_Hot,Neutral,1,0,1,4.122,Medium,Gel_forming,1,1,1,1,0.268,36,Algal,expert_curated_literature,Category from peer-reviewed literature; not ML-predicted.
123.82,Galactose,Galactose,Mixed,Linear,Algae,Soluble_Hot,Neutral,1,0,1,4.437,Medium,Gel_forming,1,1,1,1,0.289,39,Algal,expert_curated_literature,Category from peer-reviewed literature; not ML-predicted.
115.27,Galactose,Galactose,Mixed,Linear,Algae,Soluble_Hot,Neutral,1,0,1,4.131,Medium,Gel_forming,1,1,1,1,0.269,36,Algal,expert_curated_literature,Category from peer-reviewed literature; not ML-predicted.
116.86,Galactose,Galactose,Mixed,Linear,Algae,Soluble_Hot,Neutral,1,0,1,4.187,Medium,Gel_forming,1,1,1,1,0.273,37,Algal,expert_curated_literature,Category from peer-reviewed literature; not ML-predicted.
124.44,Galactose,Galactose,Mixed,Linear,Algae,Soluble_Hot,Neutral,1,0,1,4.459,Medium,Gel_forming,1,1,1,1,0.29,39,Algal,expert_curated_literature,Category from peer-reviewed literature; not ML-predicted.
122.69,Galactose,Galactose,Mixed,Linear,Algae,Soluble_Hot,Neutral,1,0,1,4.397,Medium,Gel_forming,1,1,1,1,0.286,38,Algal,expert_curated_literature,Category from peer-reviewed literature; not ML-predicted.
126.29,Galactose,Galactose,Mixed,Linear,Algae,Soluble_Hot,Neutral,1,0,1,4.525,Medium,Gel_forming,1,1,1,1,0.295,39,Algal,expert_curated_literature,Category from peer-reviewed literature; not ML-predicted.
409.46,Galactose,Galactose,Alpha-1-3,Linear,Algae,Soluble,Anionic,1,0,1,4.606,Medium,Gel_forming,0,1,1,1,0.338,42,Algal,expert_curated_literature,Category from peer-reviewed literature; not ML-predicted.
404.1,Galactose,Galactose,Alpha-1-3,Linear,Algae,Soluble,Anionic,1,0,1,4.546,Medium,Gel_forming,0,1,1,1,0.333,42,Algal,expert_curated_literature,Category from peer-reviewed literature; not ML-predicted.
375.62,Galactose,Galactose,Alpha-1-3,Linear,Algae,Soluble,Anionic,1,0,1,4.226,Medium,Gel_forming,0,1,1,1,0.31,39,Algal,expert_curated_literature,Category from peer-reviewed literature; not ML-predicted.
392.06,Galactose,Galactose,Alpha-1-3,Linear,Algae,Soluble,Anionic,1,0,1,4.411,Medium,Gel_forming,0,1,1,1,0.323,41,Algal,expert_curated_literature,Category from peer-reviewed literature; not ML-predicted.
385.91,Galactose,Galactose,Alpha-1-3,Linear,Algae,Soluble,Anionic,1,0,1,4.342,Medium,Gel_forming,0,1,1,1,0.318,40,Algal,expert_curated_literature,Category from peer-reviewed literature; not ML-predicted.
384.64,Galactose,Galactose,Alpha-1-3,Linear,Algae,Soluble,Anionic,1,0,1,4.327,Medium,Gel_forming,0,1,1,1,0.317,40,Algal,expert_curated_literature,Category from peer-reviewed literature; not ML-predicted.
428.38,Galactose,Galactose,Alpha-1-3,Linear,Algae,Soluble,Anionic,1,0,1,4.819,Medium,Gel_forming,0,1,1,1,0.353,44,Algal,expert_curated_literature,Category from peer-reviewed literature; not ML-predicted.
393.59,Galactose,Galactose,Alpha-1-3,Linear,Algae,Soluble,Anionic,1,0,1,4.428,Medium,Gel_forming,0,1,1,1,0.325,41,Algal,expert_curated_literature,Category from peer-reviewed literature; not ML-predicted.
423.52,Galactose,Galactose,Alpha-1-3,Linear,Algae,Soluble,Anionic,1,0,1,4.765,Medium,Gel_forming,0,1,1,1,0.349,44,Algal,expert_curated_literature,Category from peer-reviewed literature; not ML-predicted.
407.87,Galactose,Galactose,Alpha-1-3,Linear,Algae,Soluble,Anionic,1,0,1,4.589,Medium,Gel_forming,0,1,1,1,0.336,42,Algal,expert_curated_literature,Category from peer-reviewed literature; not ML-predicted.
417.69,Galactose,Galactose,Alpha-1-3,Linear,Algae,Soluble,Anionic,1,0,1,4.699,Medium,Gel_forming,0,1,1,1,0.345,43,Algal,expert_curated_literature,Category from peer-reviewed literature; not ML-predicted.
400.16,Galactose,Galactose,Alpha-1-3,Linear,Algae,Soluble,Anionic,1,0,1,4.502,Medium,Gel_forming,0,1,1,1,0.33,42,Algal,expert_curated_literature,Category from peer-reviewed literature; not ML-predicted.
404.61,Galactose,Galactose,Alpha-1-3,Linear,Algae,Soluble,Anionic,1,0,1,4.552,Medium,Gel_forming,0,1,1,1,0.334,42,Algal,expert_curated_literature,Category from peer-reviewed literature; not ML-predicted.
399.55,Galactose,Galactose,Alpha-1-3,Linear,Algae,Soluble,Anionic,1,0,1,4.495,Medium,Gel_forming,0,1,1,1,0.33,41,Algal,expert_curated_literature,Category from peer-reviewed literature; not ML-predicted.
381.71,Galactose,Galactose,Alpha-1-3,Linear,Algae,Soluble,Anionic,1,0,1,4.294,Medium,Gel_forming,0,1,1,1,0.315,40,Algal,expert_curated_literature,Category from peer-reviewed literature; not ML-predicted.
413.35,Galactose,Galactose,Alpha-1-3,Linear,Algae,Soluble,Anionic,1,0,1,4.65,Medium,Gel_forming,0,1,1,1,0.341,43,Algal,expert_curated_literature,Category from peer-reviewed literature; not ML-predicted.
386.85,Galactose,Galactose,Alpha-1-3,Linear,Algae,Soluble,Anionic,1,0,1,4.352,Medium,Gel_forming,0,1,1,1,0.319,40,Algal,expert_curated_literature,Category from peer-reviewed literature; not ML-predicted.
371.46,Galactose,Galactose,Alpha-1-3,Linear,Algae,Soluble,Anionic,1,0,1,4.179,Medium,Gel_forming,0,1,1,1,0.306,39,Algal,expert_curated_literature,Category from peer-reviewed literature; not ML-predicted.
408.73,Galactose,Galactose,Alpha-1-3,Linear,Algae,Soluble,Anionic,1,0,1,4.598,Medium,Gel_forming,0,1,1,1,0.337,42,Algal,expert_curated_literature,Category from peer-reviewed literature; not ML-predicted.
380.63,Galactose,Galactose,Alpha-1-3,Linear,Algae,Soluble,Anionic,1,0,1,4.282,Medium,Gel_forming,0,1,1,1,0.314,39,Algal,expert_curated_literature,Category from peer-reviewed literature; not ML-predicted.
106.61,Fucose,Fucose,Alpha-1-2,Moderate_Branched,Algae,Soluble,Anionic,1,1,1,4.264,Low,Medium,1,1,1,1,0.405,42,Algal,expert_curated_literature,Category from peer-reviewed literature; not ML-predicted.
106.81,Fucose,Fucose,Alpha-1-2,Moderate_Branched,Algae,Soluble,Anionic,1,1,1,4.272,Low,Medium,1,1,1,1,0.406,42,Algal,expert_curated_literature,Category from peer-reviewed literature; not ML-predicted.
106.22,Fucose,Fucose,Alpha-1-2,Moderate_Branched,Algae,Soluble,Anionic,1,1,1,4.249,Low,Medium,1,1,1,1,0.404,42,Algal,expert_curated_literature,Category from peer-reviewed literature; not ML-predicted.
98.05,Fucose,Fucose,Alpha-1-2,Moderate_Branched,Algae,Soluble,Anionic,1,1,1,3.922,Low,Medium,1,1,1,1,0.373,39,Algal,expert_curated_literature,Category from peer-reviewed literature; not ML-predicted.
92.73,Fucose,Fucose,Alpha-1-2,Moderate_Branched,Algae,Soluble,Anionic,1,1,1,3.709,Low,Medium,1,1,1,1,0.352,37,Algal,expert_curated_literature,Category from peer-reviewed literature; not ML-predicted.
106.42,Fucose,Fucose,Alpha-1-2,Moderate_Branched,Algae,Soluble,Anionic,1,1,1,4.257,Low,Medium,1,1,1,1,0.404,42,Algal,expert_curated_literature,Category from peer-reviewed literature; not ML-predicted.
98.92,Fucose,Fucose,Alpha-1-2,Moderate_Branched,Algae,Soluble,Anionic,1,1,1,3.957,Low,Medium,1,1,1,1,0.376,39,Algal,expert_curated_literature,Category from peer-reviewed literature; not ML-predicted.
107.0,Fucose,Fucose,Alpha-1-2,Moderate_Branched,Algae,Soluble,Anionic,1,1,1,4.28,Low,Medium,1,1,1,1,0.407,42,Algal,expert_curated_literature,Category from peer-reviewed literature; not ML-predicted.
106.95,Fucose,Fucose,Alpha-1-2,Moderate_Branched,Algae,Soluble,Anionic,1,1,1,4.278,Low,Medium,1,1,1,1,0.406,42,Algal,expert_curated_literature,Category from peer-reviewed literature; not ML-predicted.
105.3,Fucose,Fucose,Alpha-1-2,Moderate_Branched,Algae,Soluble,Anionic,1,1,1,4.212,Low,Medium,1,1,1,1,0.4,42,Algal,expert_curated_literature,Category from peer-reviewed literature; not ML-predicted.
96.92,Fucose,Fucose,Alpha-1-2,Moderate_Branched,Algae,Soluble,Anionic,1,1,1,3.877,Low,Medium,1,1,1,1,0.368,38,Algal,expert_curated_literature,Category from peer-reviewed literature; not ML-predicted.
98.28,Fucose,Fucose,Alpha-1-2,Moderate_Branched,Algae,Soluble,Anionic,1,1,1,3.931,Low,Medium,1,1,1,1,0.373,39,Algal,expert_curated_literature,Category from peer-reviewed literature; not ML-predicted.
105.27,Fucose,Fucose,Alpha-1-2,Moderate_Branched,Algae,Soluble,Anionic,1,1,1,4.211,Low,Medium,1,1,1,1,0.4,42,Algal,expert_curated_literature,Category from peer-reviewed literature; not ML-predicted.
97.25,Fucose,Fucose,Alpha-1-2,Moderate_Branched,Algae,Soluble,Anionic,1,1,1,3.89,Low,Medium,1,1,1,1,0.37,38,Algal,expert_curated_literature,Category from peer-reviewed literature; not ML-predicted.
95.04,Fucose,Fucose,Alpha-1-2,Moderate_Branched,Algae,Soluble,Anionic,1,1,1,3.802,Low,Medium,1,1,1,1,0.361,38,Algal,expert_curated_literature,Category from peer-reviewed literature; not ML-predicted.
100.85,Fucose,Fucose,Alpha-1-2,Moderate_Branched,Algae,Soluble,Anionic,1,1,1,4.034,Low,Medium,1,1,1,1,0.383,40,Algal,expert_curated_literature,Category from peer-reviewed literature; not ML-predicted.
106.54,Fucose,Fucose,Alpha-1-2,Moderate_Branched,Algae,Soluble,Anionic,1,1,1,4.262,Low,Medium,1,1,1,1,0.405,42,Algal,expert_curated_literature,Category from peer-reviewed literature; not ML-predicted.
102.94,Fucose,Fucose,Alpha-1-2,Moderate_Branched,Algae,Soluble,Anionic,1,1,1,4.118,Low,Medium,1,1,1,1,0.391,41,Algal,expert_curated_literature,Category from peer-reviewed literature; not ML-predicted.
101.05,Fucose,Fucose,Alpha-1-2,Moderate_Branched,Algae,Soluble,Anionic,1,1,1,4.042,Low,Medium,1,1,1,1,0.384,40,Algal,expert_curated_literature,Category from peer-reviewed literature; not ML-predicted.
93.96,Fucose,Fucose,Alpha-1-2,Moderate_Branched,Algae,Soluble,Anionic,1,1,1,3.758,Low,Medium,1,1,1,1,0.357,37,Algal,expert_curated_literature,Category from peer-reviewed literature; not ML-predicted.
203.45,GlcA,GlcA,Beta-1-4,Linear,Algae,Soluble,Anionic,0,0,1,4.578,Amorphous,High,1,1,1,1,0.305,44,Algal,expert_curated_literature,Category from peer-reviewed literature; not ML-predicted.
214.7,GlcA,GlcA,Beta-1-4,Linear,Algae,Soluble,Anionic,0,0,1,4.831,Amorphous,High,1,1,1,1,0.322,47,Algal,expert_curated_literature,Category from peer-reviewed literature; not ML-predicted.
189.2,GlcA,GlcA,Beta-1-4,Linear,Algae,Soluble,Anionic,0,0,1,4.257,Amorphous,High,1,1,1,1,0.284,41,Algal,expert_curated_literature,Category from peer-reviewed literature; not ML-predicted.
200.55,GlcA,GlcA,Beta-1-4,Linear,Algae,Soluble,Anionic,0,0,1,4.512,Amorphous,High,1,1,1,1,0.301,44,Algal,expert_curated_literature,Category from peer-reviewed literature; not ML-predicted.
211.32,GlcA,GlcA,Beta-1-4,Linear,Algae,Soluble,Anionic,0,0,1,4.755,Amorphous,High,1,1,1,1,0.317,46,Algal,expert_curated_literature,Category from peer-reviewed literature; not ML-predicted.
207.22,GlcA,GlcA,Beta-1-4,Linear,Algae,Soluble,Anionic,0,0,1,4.663,Amorphous,High,1,1,1,1,0.311,45,Algal,expert_curated_literature,Category from peer-reviewed literature; not ML-predicted.
205.91,GlcA,GlcA,Beta-1-4,Linear,Algae,Soluble,Anionic,0,0,1,4.633,Amorphous,High,1,1,1,1,0.309,45,Algal,expert_curated_literature,Category from peer-reviewed literature; not ML-predicted.
206.07,GlcA,GlcA,Beta-1-4,Linear,Algae,Soluble,Anionic,0,0,1,4.637,Amorphous,High,1,1,1,1,0.309,45,Algal,expert_curated_literature,Category from peer-reviewed literature; not ML-predicted.
195.78,GlcA,GlcA,Beta-1-4,Linear,Algae,Soluble,Anionic,0,0,1,4.405,Amorphous,High,1,1,1,1,0.294,43,Algal,expert_curated_literature,Category from peer-reviewed literature; not ML-predicted.
193.81,GlcA,GlcA,Beta-1-4,Linear,Algae,Soluble,Anionic,0,0,1,4.361,Amorphous,High,1,1,1,1,0.291,42,Algal,expert_curated_literature,Category from peer-reviewed literature; not ML-predicted.
209.28,GlcA,GlcA,Beta-1-4,Linear,Algae,Soluble,Anionic,0,0,1,4.709,Amorphous,High,1,1,1,1,0.314,46,Algal,expert_curated_literature,Category from peer-reviewed literature; not ML-predicted.
209.3,GlcA,GlcA,Beta-1-4,Linear,Algae,Soluble,Anionic,0,0,1,4.709,Amorphous,High,1,1,1,1,0.314,46,Algal,expert_curated_literature,Category from peer-reviewed literature; not ML-predicted.
211.01,GlcA,GlcA,Beta-1-4,Linear,Algae,Soluble,Anionic,0,0,1,4.748,Amorphous,High,1,1,1,1,0.317,46,Algal,expert_curated_literature,Category from peer-reviewed literature; not ML-predicted.
212.4,GlcA,GlcA,Beta-1-4,Linear,Algae,Soluble,Anionic,0,0,1,4.779,Amorphous,High,1,1,1,1,0.319,46,Algal,expert_curated_literature,Category from peer-reviewed literature; not ML-predicted.
200.34,GlcA,GlcA,Beta-1-4,Linear,Algae,Soluble,Anionic,0,0,1,4.508,Amorphous,High,1,1,1,1,0.301,44,Algal,expert_curated_literature,Category from peer-reviewed literature; not ML-predicted.
200.05,GlcA,GlcA,Beta-1-4,Linear,Algae,Soluble,Anionic,0,0,1,4.501,Amorphous,High,1,1,1,1,0.3,44,Algal,expert_curated_literature,Category from peer-reviewed literature; not ML-predicted.
208.95,GlcA,GlcA,Beta-1-4,Linear,Algae,Soluble,Anionic,0,0,1,4.701,Amorphous,High,1,1,1,1,0.313,45,Algal,expert_curated_literature,Category from peer-reviewed literature; not ML-predicted.
204.5,GlcA,GlcA,Beta-1-4,Linear,Algae,Soluble,Anionic,0,0,1,4.601,Amorphous,High,1,1,1,1,0.307,44,Algal,expert_curated_literature,Category from peer-reviewed literature; not ML-predicted.
206.06,GlcA,GlcA,Beta-1-4,Linear,Algae,Soluble,Anionic,0,0,1,4.636,Amorphous,High,1,1,1,1,0.309,45,Algal,expert_curated_literature,Category from peer-reviewed literature; not ML-predicted.
208.87,GlcA,GlcA,Beta-1-4,Linear,Algae,Soluble,Anionic,0,0,1,4.7,Amorphous,High,1,1,1,1,0.313,45,Algal,expert_curated_literature,Category from peer-reviewed literature; not ML-predicted.
7.41,Glucose,Glucose,Beta-1-3,Low_Branched,Algae,Soluble,Neutral,0,0,0,3.176,Amorphous,Low,1,0,1,1,0.233,31,Algal,expert_curated_literature,Category from peer-reviewed literature; not ML-predicted.
6.83,Glucose,Glucose,Beta-1-3,Low_Branched,Algae,Soluble,Neutral,0,0,0,2.927,Amorphous,Low,1,0,1,1,0.215,29,Algal,expert_curated_literature,Category from peer-reviewed literature; not ML-predicted.
6.87,Glucose,Glucose,Beta-1-3,Low_Branched,Algae,Soluble,Neutral,0,0,0,2.944,Amorphous,Low,1,0,1,1,0.216,29,Algal,expert_curated_literature,Category from peer-reviewed literature; not ML-predicted.
6.57,Glucose,Glucose,Beta-1-3,Low_Branched,Algae,Soluble,Neutral,0,0,0,2.817,Amorphous,Low,1,0,1,1,0.207,28,Algal,expert_curated_literature,Category from peer-reviewed literature; not ML-predicted.
7.08,Glucose,Glucose,Beta-1-3,Low_Branched,Algae,Soluble,Neutral,0,0,0,3.035,Amorphous,Low,1,0,1,1,0.223,30,Algal,expert_curated_literature,Category from peer-reviewed literature; not ML-predicted.
6.51,Glucose,Glucose,Beta-1-3,Low_Branched,Algae,Soluble,Neutral,0,0,0,2.791,Amorphous,Low,1,0,1,1,0.205,27,Algal,expert_curated_literature,Category from peer-reviewed literature; not ML-predicted.
6.96,Glucose,Glucose,Beta-1-3,Low_Branched,Algae,Soluble,Neutral,0,0,0,2.985,Amorphous,Low,1,0,1,1,0.219,29,Algal,expert_curated_literature,Category from peer-reviewed literature; not ML-predicted.
7.04,Glucose,Glucose,Beta-1-3,Low_Branched,Algae,Soluble,Neutral,0,0,0,3.019,Amorphous,Low,1,0,1,1,0.221,30,Algal,expert_curated_literature,Category from peer-reviewed literature; not ML-predicted.
6.78,Glucose,Glucose,Beta-1-3,Low_Branched,Algae,Soluble,Neutral,0,0,0,2.904,Amorphous,Low,1,0,1,1,0.213,29,Algal,expert_curated_literature,Category from peer-reviewed literature; not ML-predicted.
7.1,Glucose,Glucose,Beta-1-3,Low_Branched,Algae,Soluble,Neutral,0,0,0,3.041,Amorphous,Low,1,0,1,1,0.223,30,Algal,expert_curated_literature,Category from peer-reviewed literature; not ML-predicted.
6.51,Glucose,Glucose,Beta-1-3,Low_Branched,Algae,Soluble,Neutral,0,0,0,2.789,Amorphous,Low,1,0,1,1,0.205,27,Algal,expert_curated_literature,Category from peer-reviewed literature; not ML-predicted.
6.51,Glucose,Glucose,Beta-1-3,Low_Branched,Algae,Soluble,Neutral,0,0,0,2.792,Amorphous,Low,1,0,1,1,0.205,27,Algal,expert_curated_literature,Category from peer-reviewed literature; not ML-predicted.
7.34,Glucose,Glucose,Beta-1-3,Low_Branched,Algae,Soluble,Neutral,0,0,0,3.145,Amorphous,Low,1,0,1,1,0.231,31,Algal,expert_curated_literature,Category from peer-reviewed literature; not ML-predicted.
6.85,Glucose,Glucose,Beta-1-3,Low_Branched,Algae,Soluble,Neutral,0,0,0,2.937,Amorphous,Low,1,0,1,1,0.215,29,Algal,expert_curated_literature,Category from peer-reviewed literature; not ML-predicted.
6.61,Glucose,Glucose,Beta-1-3,Low_Branched,Algae,Soluble,Neutral,0,0,0,2.832,Amorphous,Low,1,0,1,1,0.208,28,Algal,expert_curated_literature,Category from peer-reviewed literature; not ML-predicted.
7.02,Glucose,Glucose,Beta-1-3,Low_Branched,Algae,Soluble,Neutral,0,0,0,3.01,Amorphous,Low,1,0,1,1,0.221,30,Algal,expert_curated_literature,Category from peer-reviewed literature; not ML-predicted.
7.28,Glucose,Glucose,Beta-1-3,Low_Branched,Algae,Soluble,Neutral,0,0,0,3.121,Amorphous,Low,1,0,1,1,0.229,31,Algal,expert_curated_literature,Category from peer-reviewed literature; not ML-predicted.
6.7,Glucose,Glucose,Beta-1-3,Low_Branched,Algae,Soluble,Neutral,0,0,0,2.872,Amorphous,Low,1,0,1,1,0.211,28,Algal,expert_curated_literature,Category from peer-reviewed literature; not ML-predicted.
7.13,Glucose,Glucose,Beta-1-3,Low_Branched,Algae,Soluble,Neutral,0,0,0,3.055,Amorphous,Low,1,0,1,1,0.224,30,Algal,expert_curated_literature,Category from peer-reviewed literature; not ML-predicted.
6.56,Glucose,Glucose,Beta-1-3,Low_Branched,Algae,Soluble,Neutral,0,0,0,2.813,Amorphous,Low,1,0,1,1,0.206,28,Algal,expert_curated_literature,Category from peer-reviewed literature; not ML-predicted.
1865.5,Glucose,Glucose,Beta-1-4,Moderate_Branched,Bacteria,Soluble,Anionic,0,1,1,4.664,Amorphous,Gel_forming,0,1,1,1,0.466,51,Bacterial,expert_curated_literature,Category from peer-reviewed literature; not ML-predicted.
2009.41,Glucose,Glucose,Beta-1-4,Moderate_Branched,Bacteria,Soluble,Anionic,0,1,1,5.024,Amorphous,Gel_forming,0,1,1,1,0.502,55,Bacterial,expert_curated_literature,Category from peer-reviewed literature; not ML-predicted.
2012.19,Glucose,Glucose,Beta-1-4,Moderate_Branched,Bacteria,Soluble,Anionic,0,1,1,5.03,Amorphous,Gel_forming,0,1,1,1,0.503,55,Bacterial,expert_curated_literature,Category from peer-reviewed literature; not ML-predicted.
2041.23,Glucose,Glucose,Beta-1-4,Moderate_Branched,Bacteria,Soluble,Anionic,0,1,1,5.103,Amorphous,Gel_forming,0,1,1,1,0.51,56,Bacterial,expert_curated_literature,Category from peer-reviewed literature; not ML-predicted.
2067.83,Glucose,Glucose,Beta-1-4,Moderate_Branched,Bacteria,Soluble,Anionic,0,1,1,5.17,Amorphous,Gel_forming,0,1,1,1,0.517,56,Bacterial,expert_curated_literature,Category from peer-reviewed literature; not ML-predicted.
2142.76,Glucose,Glucose,Beta-1-4,Moderate_Branched,Bacteria,Soluble,Anionic,0,1,1,5.357,Amorphous,Gel_forming,0,1,1,1,0.536,58,Bacterial,expert_curated_literature,Category from peer-reviewed literature; not ML-predicted.
2004.89,Glucose,Glucose,Beta-1-4,Moderate_Branched,Bacteria,Soluble,Anionic,0,1,1,5.012,Amorphous,Gel_forming,0,1,1,1,0.501,55,Bacterial,expert_curated_literature,Category from peer-reviewed literature; not ML-predicted.
1946.89,Glucose,Glucose,Beta-1-4,Moderate_Branched,Bacteria,Soluble,Anionic,0,1,1,4.867,Amorphous,Gel_forming,0,1,1,1,0.487,53,Bacterial,expert_curated_literature,Category from peer-reviewed literature; not ML-predicted.
2088.56,Glucose,Glucose,Beta-1-4,Moderate_Branched,Bacteria,Soluble,Anionic,0,1,1,5.221,Amorphous,Gel_forming,0,1,1,1,0.522,57,Bacterial,expert_curated_literature,Category from peer-reviewed literature; not ML-predicted.
1931.25,Glucose,Glucose,Beta-1-4,Moderate_Branched,Bacteria,Soluble,Anionic,0,1,1,4.828,Amorphous,Gel_forming,0,1,1,1,0.483,53,Bacterial,expert_curated_literature,Category from peer-reviewed literature; not ML-predicted.
1981.69,Glucose,Glucose,Beta-1-4,Moderate_Branched,Bacteria,Soluble,Anionic,0,1,1,4.954,Amorphous,Gel_forming,0,1,1,1,0.495,54,Bacterial,expert_curated_literature,Category from peer-reviewed literature; not ML-predicted.
1873.54,Glucose,Glucose,Beta-1-4,Moderate_Branched,Bacteria,Soluble,Anionic,0,1,1,4.684,Amorphous,Gel_forming,0,1,1,1,0.468,51,Bacterial,expert_curated_literature,Category from peer-reviewed literature; not ML-predicted.
1857.61,Glucose,Glucose,Beta-1-4,Moderate_Branched,Bacteria,Soluble,Anionic,0,1,1,4.644,Amorphous,Gel_forming,0,1,1,1,0.464,51,Bacterial,expert_curated_literature,Category from peer-reviewed literature; not ML-predicted.
2138.79,Glucose,Glucose,Beta-1-4,Moderate_Branched,Bacteria,Soluble,Anionic,0,1,1,5.347,Amorphous,Gel_forming,0,1,1,1,0.535,58,Bacterial,expert_curated_literature,Category from peer-reviewed literature; not ML-predicted.
2100.79,Glucose,Glucose,Beta-1-4,Moderate_Branched,Bacteria,Soluble,Anionic,0,1,1,5.252,Amorphous,Gel_forming,0,1,1,1,0.525,57,Bacterial,expert_curated_literature,Category from peer-reviewed literature; not ML-predicted.
2058.79,Glucose,Glucose,Beta-1-4,Moderate_Branched,Bacteria,Soluble,Anionic,0,1,1,5.147,Amorphous,Gel_forming,0,1,1,1,0.515,56,Bacterial,expert_curated_literature,Category from peer-reviewed literature; not ML-predicted.
1972.69,Glucose,Glucose,Beta-1-4,Moderate_Branched,Bacteria,Soluble,Anionic,0,1,1,4.932,Amorphous,Gel_forming,0,1,1,1,0.493,54,Bacterial,expert_curated_literature,Category from peer-reviewed literature; not ML-predicted.
1901.99,Glucose,Glucose,Beta-1-4,Moderate_Branched,Bacteria,Soluble,Anionic,0,1,1,4.755,Amorphous,Gel_forming,0,1,1,1,0.475,52,Bacterial,expert_curated_literature,Category from peer-reviewed literature; not ML-predicted.
1896.93,Glucose,Glucose,Beta-1-4,Moderate_Branched,Bacteria,Soluble,Anionic,0,1,1,4.742,Amorphous,Gel_forming,0,1,1,1,0.474,52,Bacterial,expert_curated_literature,Category from peer-reviewed literature; not ML-predicted.
1925.07,Glucose,Glucose,Beta-1-4,Moderate_Branched,Bacteria,Soluble,Anionic,0,1,1,4.813,Amorphous,Gel_forming,0,1,1,1,0.481,52,Bacterial,expert_curated_literature,Category from peer-reviewed literature; not ML-predicted.
70.52,Glucose,Glucose,Alpha-1-6,Moderate_Branched,Bacteria,Soluble,Neutral,0,0,0,4.03,Amorphous,Low,1,0,1,1,0.181,28,Bacterial,expert_curated_literature,Category from peer-reviewed literature; not ML-predicted.
72.25,Glucose,Glucose,Alpha-1-6,Moderate_Branched,Bacteria,Soluble,Neutral,0,0,0,4.129,Amorphous,Low,1,0,1,1,0.186,28,Bacterial,expert_curated_literature,Category from peer-reviewed literature; not ML-predicted.
71.68,Glucose,Glucose,Alpha-1-6,Moderate_Branched,Bacteria,Soluble,Neutral,0,0,0,4.096,Amorphous,Low,1,0,1,1,0.184,28,Bacterial,expert_curated_literature,Category from peer-reviewed literature; not ML-predicted.
67.69,Glucose,Glucose,Alpha-1-6,Moderate_Branched,Bacteria,Soluble,Neutral,0,0,0,3.868,Amorphous,Low,1,0,1,1,0.174,27,Bacterial,expert_curated_literature,Category from peer-reviewed literature; not ML-predicted.
74.78,Glucose,Glucose,Alpha-1-6,Moderate_Branched,Bacteria,Soluble,Neutral,0,0,0,4.273,Amorphous,Low,1,0,1,1,0.192,29,Bacterial,expert_curated_literature,Category from peer-reviewed literature; not ML-predicted.
72.5,Glucose,Glucose,Alpha-1-6,Moderate_Branched,Bacteria,Soluble,Neutral,0,0,0,4.143,Amorphous,Low,1,0,1,1,0.186,28,Bacterial,expert_curated_literature,Category from peer-reviewed literature; not ML-predicted.
70.57,Glucose,Glucose,Alpha-1-6,Moderate_Branched,Bacteria,Soluble,Neutral,0,0,0,4.033,Amorphous,Low,1,0,1,1,0.181,28,Bacterial,expert_curated_literature,Category from peer-reviewed literature; not ML-predicted.
71.17,Glucose,Glucose,Alpha-1-6,Moderate_Branched,Bacteria,Soluble,Neutral,0,0,0,4.067,Amorphous,Low,1,0,1,1,0.183,28,Bacterial,expert_curated_literature,Category from peer-reviewed literature; not ML-predicted.
69.16,Glucose,Glucose,Alpha-1-6,Moderate_Branched,Bacteria,Soluble,Neutral,0,0,0,3.952,Amorphous,Low,1,0,1,1,0.178,27,Bacterial,expert_curated_literature,Category from peer-reviewed literature; not ML-predicted.
67.35,Glucose,Glucose,Alpha-1-6,Moderate_Branched,Bacteria,Soluble,Neutral,0,0,0,3.849,Amorphous,Low,1,0,1,1,0.173,26,Bacterial,expert_curated_literature,Category from peer-reviewed literature; not ML-predicted.
68.49,Glucose,Glucose,Alpha-1-6,Moderate_Branched,Bacteria,Soluble,Neutral,0,0,0,3.914,Amorphous,Low,1,0,1,1,0.176,27,Bacterial,expert_curated_literature,Category from peer-reviewed literature; not ML-predicted.
72.71,Glucose,Glucose,Alpha-1-6,Moderate_Branched,Bacteria,Soluble,Neutral,0,0,0,4.155,Amorphous,Low,1,0,1,1,0.187,29,Bacterial,expert_curated_literature,Category from peer-reviewed literature; not ML-predicted.
64.9,Glucose,Glucose,Alpha-1-6,Moderate_Branched,Bacteria,Soluble,Neutral,0,0,0,3.709,Amorphous,Low,1,0,1,1,0.167,25,Bacterial,expert_curated_literature,Category from peer-reviewed literature; not ML-predicted.
65.97,Glucose,Glucose,Alpha-1-6,Moderate_Branched,Bacteria,Soluble,Neutral,0,0,0,3.77,Amorphous,Low,1,0,1,1,0.17,26,Bacterial,expert_curated_literature,Category from peer-reviewed literature; not ML-predicted.
65.23,Glucose,Glucose,Alpha-1-6,Moderate_Branched,Bacteria,Soluble,Neutral,0,0,0,3.728,Amorphous,Low,1,0,1,1,0.168,26,Bacterial,expert_curated_literature,Category from peer-reviewed literature; not ML-predicted.
65.18,Glucose,Glucose,Alpha-1-6,Moderate_Branched,Bacteria,Soluble,Neutral,0,0,0,3.724,Amorphous,Low,1,0,1,1,0.168,26,Bacterial,expert_curated_literature,Category from peer-reviewed literature; not ML-predicted.
73.73,Glucose,Glucose,Alpha-1-6,Moderate_Branched,Bacteria,Soluble,Neutral,0,0,0,4.213,Amorphous,Low,1,0,1,1,0.19,29,Bacterial,expert_curated_literature,Category from peer-reviewed literature; not ML-predicted.
72.14,Glucose,Glucose,Alpha-1-6,Moderate_Branched,Bacteria,Soluble,Neutral,0,0,0,4.122,Amorphous,Low,1,0,1,1,0.185,28,Bacterial,expert_curated_literature,Category from peer-reviewed literature; not ML-predicted.
69.73,Glucose,Glucose,Alpha-1-6,Moderate_Branched,Bacteria,Soluble,Neutral,0,0,0,3.985,Amorphous,Low,1,0,1,1,0.179,27,Bacterial,expert_curated_literature,Category from peer-reviewed literature; not ML-predicted.
65.78,Glucose,Glucose,Alpha-1-6,Moderate_Branched,Bacteria,Soluble,Neutral,0,0,0,3.759,Amorphous,Low,1,0,1,1,0.169,26,Bacterial,expert_curated_literature,Category from peer-reviewed literature; not ML-predicted.
499.37,Glucose,Glucose,Beta-1-4,Linear,Bacteria,Soluble,Anionic,0,1,1,4.694,Amorphous,Gel_forming,0,1,1,1,0.35,45,Bacterial,expert_curated_literature,Category from peer-reviewed literature; not ML-predicted.
498.01,Glucose,Glucose,Beta-1-4,Linear,Bacteria,Soluble,Anionic,0,1,1,4.681,Amorphous,Gel_forming,0,1,1,1,0.349,45,Bacterial,expert_curated_literature,Category from peer-reviewed literature; not ML-predicted.
475.49,Glucose,Glucose,Beta-1-4,Linear,Bacteria,Soluble,Anionic,0,1,1,4.47,Amorphous,Gel_forming,0,1,1,1,0.333,43,Bacterial,expert_curated_literature,Category from peer-reviewed literature; not ML-predicted.
495.04,Glucose,Glucose,Beta-1-4,Linear,Bacteria,Soluble,Anionic,0,1,1,4.653,Amorphous,Gel_forming,0,1,1,1,0.347,45,Bacterial,expert_curated_literature,Category from peer-reviewed literature; not ML-predicted.
492.39,Glucose,Glucose,Beta-1-4,Linear,Bacteria,Soluble,Anionic,0,1,1,4.628,Amorphous,Gel_forming,0,1,1,1,0.345,45,Bacterial,expert_curated_literature,Category from peer-reviewed literature; not ML-predicted.
508.69,Glucose,Glucose,Beta-1-4,Linear,Bacteria,Soluble,Anionic,0,1,1,4.782,Amorphous,Gel_forming,0,1,1,1,0.356,46,Bacterial,expert_curated_literature,Category from peer-reviewed literature; not ML-predicted.
510.13,Glucose,Glucose,Beta-1-4,Linear,Bacteria,Soluble,Anionic,0,1,1,4.795,Amorphous,Gel_forming,0,1,1,1,0.357,46,Bacterial,expert_curated_literature,Category from peer-reviewed literature; not ML-predicted.
465.9,Glucose,Glucose,Beta-1-4,Linear,Bacteria,Soluble,Anionic,0,1,1,4.379,Amorphous,Gel_forming,0,1,1,1,0.326,42,Bacterial,expert_curated_literature,Category from peer-reviewed literature; not ML-predicted.
490.6,Glucose,Glucose,Beta-1-4,Linear,Bacteria,Soluble,Anionic,0,1,1,4.612,Amorphous,Gel_forming,0,1,1,1,0.343,45,Bacterial,expert_curated_literature,Category from peer-reviewed literature; not ML-predicted.
509.44,Glucose,Glucose,Beta-1-4,Linear,Bacteria,Soluble,Anionic,0,1,1,4.789,Amorphous,Gel_forming,0,1,1,1,0.357,46,Bacterial,expert_curated_literature,Category from peer-reviewed literature; not ML-predicted.
500.24,Glucose,Glucose,Beta-1-4,Linear,Bacteria,Soluble,Anionic,0,1,1,4.702,Amorphous,Gel_forming,0,1,1,1,0.35,46,Bacterial,expert_curated_literature,Category from peer-reviewed literature; not ML-predicted.
526.74,Glucose,Glucose,Beta-1-4,Linear,Bacteria,Soluble,Anionic,0,1,1,4.951,Amorphous,Gel_forming,0,1,1,1,0.369,48,Bacterial,expert_curated_literature,Category from peer-reviewed literature; not ML-predicted.
511.9,Glucose,Glucose,Beta-1-4,Linear,Bacteria,Soluble,Anionic,0,1,1,4.812,Amorphous,Gel_forming,0,1,1,1,0.358,47,Bacterial,expert_curated_literature,Category from peer-reviewed literature; not ML-predicted.
474.72,Glucose,Glucose,Beta-1-4,Linear,Bacteria,Soluble,Anionic,0,1,1,4.462,Amorphous,Gel_forming,0,1,1,1,0.332,43,Bacterial,expert_curated_literature,Category from peer-reviewed literature; not ML-predicted.
467.79,Glucose,Glucose,Beta-1-4,Linear,Bacteria,Soluble,Anionic,0,1,1,4.397,Amorphous,Gel_forming,0,1,1,1,0.327,43,Bacterial,expert_curated_literature,Category from peer-reviewed literature; not ML-predicted.
510.68,Glucose,Glucose,Beta-1-4,Linear,Bacteria,Soluble,Anionic,0,1,1,4.8,Amorphous,Gel_forming,0,1,1,1,0.357,46,Bacterial,expert_curated_literature,Category from peer-reviewed literature; not ML-predicted.
464.49,Glucose,Glucose,Beta-1-4,Linear,Bacteria,Soluble,Anionic,0,1,1,4.366,Amorphous,Gel_forming,0,1,1,1,0.325,42,Bacterial,expert_curated_literature,Category from peer-reviewed literature; not ML-predicted.
506.43,Glucose,Glucose,Beta-1-4,Linear,Bacteria,Soluble,Anionic,0,1,1,4.76,Amorphous,Gel_forming,0,1,1,1,0.355,46,Bacterial,expert_curated_literature,Category from peer-reviewed literature; not ML-predicted.
533.02,Glucose,Glucose,Beta-1-4,Linear,Bacteria,Soluble,Anionic,0,1,1,5.01,Amorphous,Gel_forming,0,1,1,1,0.373,49,Bacterial,expert_curated_literature,Category from peer-reviewed literature; not ML-predicted.
505.66,Glucose,Glucose,Beta-1-4,Linear,Bacteria,Soluble,Anionic,0,1,1,4.753,Amorphous,Gel_forming,0,1,1,1,0.354,46,Bacterial,expert_curated_literature,Category from peer-reviewed literature; not ML-predicted.
98.32,Fructose,Fructose,Beta-2-6,Highly_Branched,Bacteria,Soluble,Neutral,0,0,0,3.933,Amorphous,Medium,1,0,1,1,0.197,27,Bacterial,expert_curated_literature,Category from peer-reviewed literature; not ML-predicted.
102.15,Fructose,Fructose,Beta-2-6,Highly_Branched,Bacteria,Soluble,Neutral,0,0,0,4.086,Amorphous,Medium,1,0,1,1,0.204,28,Bacterial,expert_curated_literature,Category from peer-reviewed literature; not ML-predicted.
99.37,Fructose,Fructose,Beta-2-6,Highly_Branched,Bacteria,Soluble,Neutral,0,0,0,3.975,Amorphous,Medium,1,0,1,1,0.199,27,Bacterial,expert_curated_literature,Category from peer-reviewed literature; not ML-predicted.
100.68,Fructose,Fructose,Beta-2-6,Highly_Branched,Bacteria,Soluble,Neutral,0,0,0,4.027,Amorphous,Medium,1,0,1,1,0.201,28,Bacterial,expert_curated_literature,Category from peer-reviewed literature; not ML-predicted.
106.62,Fructose,Fructose,Beta-2-6,Highly_Branched,Bacteria,Soluble,Neutral,0,0,0,4.265,Amorphous,Medium,1,0,1,1,0.213,29,Bacterial,expert_curated_literature,Category from peer-reviewed literature; not ML-predicted.
98.29,Fructose,Fructose,Beta-2-6,Highly_Branched,Bacteria,Soluble,Neutral,0,0,0,3.932,Amorphous,Medium,1,0,1,1,0.197,27,Bacterial,expert_curated_literature,Category from peer-reviewed literature; not ML-predicted.
106.92,Fructose,Fructose,Beta-2-6,Highly_Branched,Bacteria,Soluble,Neutral,0,0,0,4.277,Amorphous,Medium,1,0,1,1,0.214,29,Bacterial,expert_curated_literature,Category from peer-reviewed literature; not ML-predicted.
106.08,Fructose,Fructose,Beta-2-6,Highly_Branched,Bacteria,Soluble,Neutral,0,0,0,4.243,Amorphous,Medium,1,0,1,1,0.212,29,Bacterial,expert_curated_literature,Category from peer-reviewed literature; not ML-predicted.
95.44,Fructose,Fructose,Beta-2-6,Highly_Branched,Bacteria,Soluble,Neutral,0,0,0,3.817,Amorphous,Medium,1,0,1,1,0.191,26,Bacterial,expert_curated_literature,Category from peer-reviewed literature; not ML-predicted.
93.54,Fructose,Fructose,Beta-2-6,Highly_Branched,Bacteria,Soluble,Neutral,0,0,0,3.742,Amorphous,Medium,1,0,1,1,0.187,26,Bacterial,expert_curated_literature,Category from peer-reviewed literature; not ML-predicted.
94.01,Fructose,Fructose,Beta-2-6,Highly_Branched,Bacteria,Soluble,Neutral,0,0,0,3.76,Amorphous,Medium,1,0,1,1,0.188,26,Bacterial,expert_curated_literature,Category from peer-reviewed literature; not ML-predicted.
92.77,Fructose,Fructose,Beta-2-6,Highly_Branched,Bacteria,Soluble,Neutral,0,0,0,3.711,Amorphous,Medium,1,0,1,1,0.186,25,Bacterial,expert_curated_literature,Category from peer-reviewed literature; not ML-predicted.
93.92,Fructose,Fructose,Beta-2-6,Highly_Branched,Bacteria,Soluble,Neutral,0,0,0,3.757,Amorphous,Medium,1,0,1,1,0.188,26,Bacterial,expert_curated_literature,Category from peer-reviewed literature; not ML-predicted.
102.75,Fructose,Fructose,Beta-2-6,Highly_Branched,Bacteria,Soluble,Neutral,0,0,0,4.11,Amorphous,Medium,1,0,1,1,0.205,28,Bacterial,expert_curated_literature,Category from peer-reviewed literature; not ML-predicted.
93.57,Fructose,Fructose,Beta-2-6,Highly_Branched,Bacteria,Soluble,Neutral,0,0,0,3.743,Amorphous,Medium,1,0,1,1,0.187,26,Bacterial,expert_curated_literature,Category from peer-reviewed literature; not ML-predicted.
97.28,Fructose,Fructose,Beta-2-6,Highly_Branched,Bacteria,Soluble,Neutral,0,0,0,3.891,Amorphous,Medium,1,0,1,1,0.195,27,Bacterial,expert_curated_literature,Category from peer-reviewed literature; not ML-predicted.
105.17,Fructose,Fructose,Beta-2-6,Highly_Branched,Bacteria,Soluble,Neutral,0,0,0,4.207,Amorphous,Medium,1,0,1,1,0.21,29,Bacterial,expert_curated_literature,Category from peer-reviewed literature; not ML-predicted.
92.85,Fructose,Fructose,Beta-2-6,Highly_Branched,Bacteria,Soluble,Neutral,0,0,0,3.714,Amorphous,Medium,1,0,1,1,0.186,25,Bacterial,expert_curated_literature,Category from peer-reviewed literature; not ML-predicted.
104.72,Fructose,Fructose,Beta-2-6,Highly_Branched,Bacteria,Soluble,Neutral,0,0,0,4.189,Amorphous,Medium,1,0,1,1,0.209,29,Bacterial,expert_curated_literature,Category from peer-reviewed literature; not ML-predicted.
96.73,Fructose,Fructose,Beta-2-6,Highly_Branched,Bacteria,Soluble,Neutral,0,0,0,3.869,Amorphous,Medium,1,0,1,1,0.193,27,Bacterial,expert_curated_literature,Category from peer-reviewed literature; not ML-predicted.
94.27,Glucose,Glucose,Beta-1-3,Linear,Bacteria,Insoluble,Neutral,0,0,0,3.771,High,Gel_forming,1,1,1,1,0.207,28,Bacterial,expert_curated_literature,Category from peer-reviewed literature; not ML-predicted.
102.95,Glucose,Glucose,Beta-1-3,Linear,Bacteria,Insoluble,Neutral,0,0,0,4.118,High,Gel_forming,1,1,1,1,0.226,30,Bacterial,expert_curated_literature,Category from peer-reviewed literature; not ML-predicted.
101.93,Glucose,Glucose,Beta-1-3,Linear,Bacteria,Insoluble,Neutral,0,0,0,4.077,High,Gel_forming,1,1,1,1,0.224,30,Bacterial,expert_curated_literature,Category from peer-reviewed literature; not ML-predicted.
105.66,Glucose,Glucose,Beta-1-3,Linear,Bacteria,Insoluble,Neutral,0,0,0,4.226,High,Gel_forming,1,1,1,1,0.232,31,Bacterial,expert_curated_literature,Category from peer-reviewed literature; not ML-predicted.
103.53,Glucose,Glucose,Beta-1-3,Linear,Bacteria,Insoluble,Neutral,0,0,0,4.141,High,Gel_forming,1,1,1,1,0.228,31,Bacterial,expert_curated_literature,Category from peer-reviewed literature; not ML-predicted.
104.55,Glucose,Glucose,Beta-1-3,Linear,Bacteria,Insoluble,Neutral,0,0,0,4.182,High,Gel_forming,1,1,1,1,0.23,31,Bacterial,expert_curated_literature,Category from peer-reviewed literature; not ML-predicted.
96.73,Glucose,Glucose,Beta-1-3,Linear,Bacteria,Insoluble,Neutral,0,0,0,3.869,High,Gel_forming,1,1,1,1,0.213,29,Bacterial,expert_curated_literature,Category from peer-reviewed literature; not ML-predicted.
95.16,Glucose,Glucose,Beta-1-3,Linear,Bacteria,Insoluble,Neutral,0,0,0,3.806,High,Gel_forming,1,1,1,1,0.209,28,Bacterial,expert_curated_literature,Category from peer-reviewed literature; not ML-predicted.
103.76,Glucose,Glucose,Beta-1-3,Linear,Bacteria,Insoluble,Neutral,0,0,0,4.15,High,Gel_forming,1,1,1,1,0.228,31,Bacterial,expert_curated_literature,Category from peer-reviewed literature; not ML-predicted.
104.6,Glucose,Glucose,Beta-1-3,Linear,Bacteria,Insoluble,Neutral,0,0,0,4.184,High,Gel_forming,1,1,1,1,0.23,31,Bacterial,expert_curated_literature,Category from peer-reviewed literature; not ML-predicted.
107.36,Glucose,Glucose,Beta-1-3,Linear,Bacteria,Insoluble,Neutral,0,0,0,4.294,High,Gel_forming,1,1,1,1,0.236,32,Bacterial,expert_curated_literature,Category from peer-reviewed literature; not ML-predicted.
98.69,Glucose,Glucose,Beta-1-3,Linear,Bacteria,Insoluble,Neutral,0,0,0,3.948,High,Gel_forming,1,1,1,1,0.217,29,Bacterial,expert_curated_literature,Category from peer-reviewed literature; not ML-predicted.
98.08,Glucose,Glucose,Beta-1-3,Linear,Bacteria,Insoluble,Neutral,0,0,0,3.923,High,Gel_forming,1,1,1,1,0.216,29,Bacterial,expert_curated_literature,Category from peer-reviewed literature; not ML-predicted.
104.15,Glucose,Glucose,Beta-1-3,Linear,Bacteria,Insoluble,Neutral,0,0,0,4.166,High,Gel_forming,1,1,1,1,0.229,31,Bacterial,expert_curated_literature,Category from peer-reviewed literature; not ML-predicted.
97.61,Glucose,Glucose,Beta-1-3,Linear,Bacteria,Insoluble,Neutral,0,0,0,3.904,High,Gel_forming,1,1,1,1,0.215,29,Bacterial,expert_curated_literature,Category from peer-reviewed literature; not ML-predicted.
106.46,Glucose,Glucose,Beta-1-3,Linear,Bacteria,Insoluble,Neutral,0,0,0,4.258,High,Gel_forming,1,1,1,1,0.234,31,Bacterial,expert_curated_literature,Category from peer-reviewed literature; not ML-predicted.
105.38,Glucose,Glucose,Beta-1-3,Linear,Bacteria,Insoluble,Neutral,0,0,0,4.215,High,Gel_forming,1,1,1,1,0.232,31,Bacterial,expert_curated_literature,Category from peer-reviewed literature; not ML-predicted.
98.93,Glucose,Glucose,Beta-1-3,Linear,Bacteria,Insoluble,Neutral,0,0,0,3.957,High,Gel_forming,1,1,1,1,0.218,29,Bacterial,expert_curated_literature,Category from peer-reviewed literature; not ML-predicted.
103.76,Glucose,Glucose,Beta-1-3,Linear,Bacteria,Insoluble,Neutral,0,0,0,4.151,High,Gel_forming,1,1,1,1,0.228,31,Bacterial,expert_curated_literature,Category from peer-reviewed literature; not ML-predicted.
103.82,Glucose,Glucose,Beta-1-3,Linear,Bacteria,Insoluble,Neutral,0,0,0,4.153,High,Gel_forming,1,1,1,1,0.228,31,Bacterial,expert_curated_literature,Category from peer-reviewed literature; not ML-predicted.
188.09,Glucose,Glucose,Alpha-1-6,Low_Branched,Fungi,Soluble,Neutral,0,0,0,4.044,Amorphous,Low,1,1,1,1,0.235,30,Fungal,expert_curated_literature,Category from peer-reviewed literature; not ML-predicted.
212.08,Glucose,Glucose,Alpha-1-6,Low_Branched,Fungi,Soluble,Neutral,0,0,0,4.56,Amorphous,Low,1,1,1,1,0.265,33,Fungal,expert_curated_literature,Category from peer-reviewed literature; not ML-predicted.
200.16,Glucose,Glucose,Alpha-1-6,Low_Branched,Fungi,Soluble,Neutral,0,0,0,4.303,Amorphous,Low,1,1,1,1,0.25,32,Fungal,expert_curated_literature,Category from peer-reviewed literature; not ML-predicted.
209.79,Glucose,Glucose,Alpha-1-6,Low_Branched,Fungi,Soluble,Neutral,0,0,0,4.511,Amorphous,Low,1,1,1,1,0.262,33,Fungal,expert_curated_literature,Category from peer-reviewed literature; not ML-predicted.
194.6,Glucose,Glucose,Alpha-1-6,Low_Branched,Fungi,Soluble,Neutral,0,0,0,4.184,Amorphous,Low,1,1,1,1,0.243,31,Fungal,expert_curated_literature,Category from peer-reviewed literature; not ML-predicted.
211.87,Glucose,Glucose,Alpha-1-6,Low_Branched,Fungi,Soluble,Neutral,0,0,0,4.555,Amorphous,Low,1,1,1,1,0.265,33,Fungal,expert_curated_literature,Category from peer-reviewed literature; not ML-predicted.
196.68,Glucose,Glucose,Alpha-1-6,Low_Branched,Fungi,Soluble,Neutral,0,0,0,4.229,Amorphous,Low,1,1,1,1,0.246,31,Fungal,expert_curated_literature,Category from peer-reviewed literature; not ML-predicted.
185.33,Glucose,Glucose,Alpha-1-6,Low_Branched,Fungi,Soluble,Neutral,0,0,0,3.984,Amorphous,Low,1,1,1,1,0.232,29,Fungal,expert_curated_literature,Category from peer-reviewed literature; not ML-predicted.
212.16,Glucose,Glucose,Alpha-1-6,Low_Branched,Fungi,Soluble,Neutral,0,0,0,4.561,Amorphous,Low,1,1,1,1,0.265,33,Fungal,expert_curated_literature,Category from peer-reviewed literature; not ML-predicted.
187.74,Glucose,Glucose,Alpha-1-6,Low_Branched,Fungi,Soluble,Neutral,0,0,0,4.036,Amorphous,Low,1,1,1,1,0.235,30,Fungal,expert_curated_literature,Category from peer-reviewed literature; not ML-predicted.
194.58,Glucose,Glucose,Alpha-1-6,Low_Branched,Fungi,Soluble,Neutral,0,0,0,4.183,Amorphous,Low,1,1,1,1,0.243,31,Fungal,expert_curated_literature,Category from peer-reviewed literature; not ML-predicted.
213.5,Glucose,Glucose,Alpha-1-6,Low_Branched,Fungi,Soluble,Neutral,0,0,0,4.59,Amorphous,Low,1,1,1,1,0.267,34,Fungal,expert_curated_literature,Category from peer-reviewed literature; not ML-predicted.
213.52,Glucose,Glucose,Alpha-1-6,Low_Branched,Fungi,Soluble,Neutral,0,0,0,4.591,Amorphous,Low,1,1,1,1,0.267,34,Fungal,expert_curated_literature,Category from peer-reviewed literature; not ML-predicted.
202.2,Glucose,Glucose,Alpha-1-6,Low_Branched,Fungi,Soluble,Neutral,0,0,0,4.347,Amorphous,Low,1,1,1,1,0.253,32,Fungal,expert_curated_literature,Category from peer-reviewed literature; not ML-predicted.
203.96,Glucose,Glucose,Alpha-1-6,Low_Branched,Fungi,Soluble,Neutral,0,0,0,4.385,Amorphous,Low,1,1,1,1,0.255,32,Fungal,expert_curated_literature,Category from peer-reviewed literature; not ML-predicted.
198.45,Glucose,Glucose,Alpha-1-6,Low_Branched,Fungi,Soluble,Neutral,0,0,0,4.267,Amorphous,Low,1,1,1,1,0.248,31,Fungal,expert_curated_literature,Category from peer-reviewed literature; not ML-predicted.
193.8,Glucose,Glucose,Alpha-1-6,Low_Branched,Fungi,Soluble,Neutral,0,0,0,4.167,Amorphous,Low,1,1,1,1,0.242,31,Fungal,expert_curated_literature,Category from peer-reviewed literature; not ML-predicted.
194.86,Glucose,Glucose,Alpha-1-6,Low_Branched,Fungi,Soluble,Neutral,0,0,0,4.189,Amorphous,Low,1,1,1,1,0.244,31,Fungal,expert_curated_literature,Category from peer-reviewed literature; not ML-predicted.
205.18,Glucose,Glucose,Alpha-1-6,Low_Branched,Fungi,Soluble,Neutral,0,0,0,4.411,Amorphous,Low,1,1,1,1,0.256,32,Fungal,expert_curated_literature,Category from peer-reviewed literature; not ML-predicted.
207.57,Glucose,Glucose,Alpha-1-6,Low_Branched,Fungi,Soluble,Neutral,0,0,0,4.463,Amorphous,Low,1,1,1,1,0.259,33,Fungal,expert_curated_literature,Category from peer-reviewed literature; not ML-predicted.
313.12,Glucose,Glucose,Beta-1-3,Low_Branched,Fungi,Partially_Soluble,Neutral,0,0,0,4.697,Low,Medium,1,1,1,1,0.25,36,Bioactive,expert_curated_literature,Category from peer-reviewed literature; not ML-predicted.
313.03,Glucose,Glucose,Beta-1-3,Low_Branched,Fungi,Partially_Soluble,Neutral,0,0,0,4.695,Low,Medium,1,1,1,1,0.25,36,Bioactive,expert_curated_literature,Category from peer-reviewed literature; not ML-predicted.
281.6,Glucose,Glucose,Beta-1-3,Low_Branched,Fungi,Partially_Soluble,Neutral,0,0,0,4.224,Low,Medium,1,1,1,1,0.225,32,Bioactive,expert_curated_literature,Category from peer-reviewed literature; not ML-predicted.
299.75,Glucose,Glucose,Beta-1-3,Low_Branched,Fungi,Partially_Soluble,Neutral,0,0,0,4.496,Low,Medium,1,1,1,1,0.24,34,Bioactive,expert_curated_literature,Category from peer-reviewed literature; not ML-predicted.
280.09,Glucose,Glucose,Beta-1-3,Low_Branched,Fungi,Partially_Soluble,Neutral,0,0,0,4.201,Low,Medium,1,1,1,1,0.224,32,Bioactive,expert_curated_literature,Category from peer-reviewed literature; not ML-predicted.
302.23,Glucose,Glucose,Beta-1-3,Low_Branched,Fungi,Partially_Soluble,Neutral,0,0,0,4.533,Low,Medium,1,1,1,1,0.242,35,Bioactive,expert_curated_literature,Category from peer-reviewed literature; not ML-predicted.
297.37,Glucose,Glucose,Beta-1-3,Low_Branched,Fungi,Partially_Soluble,Neutral,0,0,0,4.461,Low,Medium,1,1,1,1,0.238,34,Bioactive,expert_curated_literature,Category from peer-reviewed literature; not ML-predicted.
317.45,Glucose,Glucose,Beta-1-3,Low_Branched,Fungi,Partially_Soluble,Neutral,0,0,0,4.762,Low,Medium,1,1,1,1,0.254,37,Bioactive,expert_curated_literature,Category from peer-reviewed literature; not ML-predicted.
293.29,Glucose,Glucose,Beta-1-3,Low_Branched,Fungi,Partially_Soluble,Neutral,0,0,0,4.399,Low,Medium,1,1,1,1,0.235,34,Bioactive,expert_curated_literature,Category from peer-reviewed literature; not ML-predicted.
282.77,Glucose,Glucose,Beta-1-3,Low_Branched,Fungi,Partially_Soluble,Neutral,0,0,0,4.242,Low,Medium,1,1,1,1,0.226,32,Bioactive,expert_curated_literature,Category from peer-reviewed literature; not ML-predicted.
283.93,Glucose,Glucose,Beta-1-3,Low_Branched,Fungi,Partially_Soluble,Neutral,0,0,0,4.259,Low,Medium,1,1,1,1,0.227,33,Bioactive,expert_curated_literature,Category from peer-reviewed literature; not ML-predicted.
311.77,Glucose,Glucose,Beta-1-3,Low_Branched,Fungi,Partially_Soluble,Neutral,0,0,0,4.677,Low,Medium,1,1,1,1,0.249,36,Bioactive,expert_curated_literature,Category from peer-reviewed literature; not ML-predicted.
305.32,Glucose,Glucose,Beta-1-3,Low_Branched,Fungi,Partially_Soluble,Neutral,0,0,0,4.58,Low,Medium,1,1,1,1,0.244,35,Bioactive,expert_curated_literature,Category from peer-reviewed literature; not ML-predicted.
282.05,Glucose,Glucose,Beta-1-3,Low_Branched,Fungi,Partially_Soluble,Neutral,0,0,0,4.231,Low,Medium,1,1,1,1,0.226,32,Bioactive,expert_curated_literature,Category from peer-reviewed literature; not ML-predicted.
281.28,Glucose,Glucose,Beta-1-3,Low_Branched,Fungi,Partially_Soluble,Neutral,0,0,0,4.219,Low,Medium,1,1,1,1,0.225,32,Bioactive,expert_curated_literature,Category from peer-reviewed literature; not ML-predicted.
309.04,Glucose,Glucose,Beta-1-3,Low_Branched,Fungi,Partially_Soluble,Neutral,0,0,0,4.636,Low,Medium,1,1,1,1,0.247,36,Bioactive,expert_curated_literature,Category from peer-reviewed literature; not ML-predicted.
280.77,Glucose,Glucose,Beta-1-3,Low_Branched,Fungi,Partially_Soluble,Neutral,0,0,0,4.212,Low,Medium,1,1,1,1,0.225,32,Bioactive,expert_curated_literature,Category from peer-reviewed literature; not ML-predicted.
314.48,Glucose,Glucose,Beta-1-3,Low_Branched,Fungi,Partially_Soluble,Neutral,0,0,0,4.717,Low,Medium,1,1,1,1,0.252,36,Bioactive,expert_curated_literature,Category from peer-reviewed literature; not ML-predicted.
309.28,Glucose,Glucose,Beta-1-3,Low_Branched,Fungi,Partially_Soluble,Neutral,0,0,0,4.639,Low,Medium,1,1,1,1,0.247,36,Bioactive,expert_curated_literature,Category from peer-reviewed literature; not ML-predicted.
281.16,Glucose,Glucose,Beta-1-3,Low_Branched,Fungi,Partially_Soluble,Neutral,0,0,0,4.217,Low,Medium,1,1,1,1,0.225,32,Bioactive,expert_curated_literature,Category from peer-reviewed literature; not ML-predicted.
468.86,Glucose,Glucose,Beta-1-3,Low_Branched,Fungi,Soluble,Neutral,0,0,0,4.407,Low,High,1,0,1,1,0.244,33,Fungal,expert_curated_literature,Category from peer-reviewed literature; not ML-predicted.
536.5,Glucose,Glucose,Beta-1-3,Low_Branched,Fungi,Soluble,Neutral,0,0,0,5.043,Low,High,1,0,1,1,0.279,38,Fungal,expert_curated_literature,Category from peer-reviewed literature; not ML-predicted.
490.57,Glucose,Glucose,Beta-1-3,Low_Branched,Fungi,Soluble,Neutral,0,0,0,4.611,Low,High,1,0,1,1,0.255,35,Fungal,expert_curated_literature,Category from peer-reviewed literature; not ML-predicted.
490.3,Glucose,Glucose,Beta-1-3,Low_Branched,Fungi,Soluble,Neutral,0,0,0,4.609,Low,High,1,0,1,1,0.255,35,Fungal,expert_curated_literature,Category from peer-reviewed literature; not ML-predicted.
523.46,Glucose,Glucose,Beta-1-3,Low_Branched,Fungi,Soluble,Neutral,0,0,0,4.921,Low,High,1,0,1,1,0.272,37,Fungal,expert_curated_literature,Category from peer-reviewed literature; not ML-predicted.
533.54,Glucose,Glucose,Beta-1-3,Low_Branched,Fungi,Soluble,Neutral,0,0,0,5.015,Low,High,1,0,1,1,0.277,38,Fungal,expert_curated_literature,Category from peer-reviewed literature; not ML-predicted.
536.45,Glucose,Glucose,Beta-1-3,Low_Branched,Fungi,Soluble,Neutral,0,0,0,5.043,Low,High,1,0,1,1,0.279,38,Fungal,expert_curated_literature,Category from peer-reviewed literature; not ML-predicted.
519.0,Glucose,Glucose,Beta-1-3,Low_Branched,Fungi,Soluble,Neutral,0,0,0,4.879,Low,High,1,0,1,1,0.27,37,Fungal,expert_curated_literature,Category from peer-reviewed literature; not ML-predicted.
490.72,Glucose,Glucose,Beta-1-3,Low_Branched,Fungi,Soluble,Neutral,0,0,0,4.613,Low,High,1,0,1,1,0.255,35,Fungal,expert_curated_literature,Category from peer-reviewed literature; not ML-predicted.
468.76,Glucose,Glucose,Beta-1-3,Low_Branched,Fungi,Soluble,Neutral,0,0,0,4.406,Low,High,1,0,1,1,0.244,33,Fungal,expert_curated_literature,Category from peer-reviewed literature; not ML-predicted.
520.79,Glucose,Glucose,Beta-1-3,Low_Branched,Fungi,Soluble,Neutral,0,0,0,4.895,Low,High,1,0,1,1,0.271,37,Fungal,expert_curated_literature,Category from peer-reviewed literature; not ML-predicted.
504.38,Glucose,Glucose,Beta-1-3,Low_Branched,Fungi,Soluble,Neutral,0,0,0,4.741,Low,High,1,0,1,1,0.262,36,Fungal,expert_curated_literature,Category from peer-reviewed literature; not ML-predicted.
494.32,Glucose,Glucose,Beta-1-3,Low_Branched,Fungi,Soluble,Neutral,0,0,0,4.647,Low,High,1,0,1,1,0.257,35,Fungal,expert_curated_literature,Category from peer-reviewed literature; not ML-predicted.
530.48,Glucose,Glucose,Beta-1-3,Low_Branched,Fungi,Soluble,Neutral,0,0,0,4.986,Low,High,1,0,1,1,0.276,38,Fungal,expert_curated_literature,Category from peer-reviewed literature; not ML-predicted.
470.84,Glucose,Glucose,Beta-1-3,Low_Branched,Fungi,Soluble,Neutral,0,0,0,4.426,Low,High,1,0,1,1,0.245,33,Fungal,expert_curated_literature,Category from peer-reviewed literature; not ML-predicted.
499.45,Glucose,Glucose,Beta-1-3,Low_Branched,Fungi,Soluble,Neutral,0,0,0,4.695,Low,High,1,0,1,1,0.26,35,Fungal,expert_curated_literature,Category from peer-reviewed literature; not ML-predicted.
463.35,Glucose,Glucose,Beta-1-3,Low_Branched,Fungi,Soluble,Neutral,0,0,0,4.356,Low,High,1,0,1,1,0.241,33,Fungal,expert_curated_literature,Category from peer-reviewed literature; not ML-predicted.
497.65,Glucose,Glucose,Beta-1-3,Low_Branched,Fungi,Soluble,Neutral,0,0,0,4.678,Low,High,1,0,1,1,0.259,35,Fungal,expert_curated_literature,Category from peer-reviewed literature; not ML-predicted.
466.72,Glucose,Glucose,Beta-1-3,Low_Branched,Fungi,Soluble,Neutral,0,0,0,4.387,Low,High,1,0,1,1,0.243,33,Fungal,expert_curated_literature,Category from peer-reviewed literature; not ML-predicted.
471.41,Glucose,Glucose,Beta-1-3,Low_Branched,Fungi,Soluble,Neutral,0,0,0,4.431,Low,High,1,0,1,1,0.245,33,Fungal,expert_curated_literature,Category from peer-reviewed literature; not ML-predicted.
942.63,Mannose,Mannose,Beta-1-4,Low_Branched,Plant,Soluble,Neutral,0,0,1,4.525,Amorphous,High,0,1,1,1,0.207,35,Storage,expert_curated_literature,Category from peer-reviewed literature; not ML-predicted.
1022.38,Mannose,Mannose,Beta-1-4,Low_Branched,Plant,Soluble,Neutral,0,0,1,4.907,Amorphous,High,0,1,1,1,0.225,38,Storage,expert_curated_literature,Category from peer-reviewed literature; not ML-predicted.
1036.91,Mannose,Mannose,Beta-1-4,Low_Branched,Plant,Soluble,Neutral,0,0,1,4.977,Amorphous,High,0,1,1,1,0.228,39,Storage,expert_curated_literature,Category from peer-reviewed literature; not ML-predicted.
1012.51,Mannose,Mannose,Beta-1-4,Low_Branched,Plant,Soluble,Neutral,0,0,1,4.86,Amorphous,High,0,1,1,1,0.223,38,Storage,expert_curated_literature,Category from peer-reviewed literature; not ML-predicted.
1069.33,Mannose,Mannose,Beta-1-4,Low_Branched,Plant,Soluble,Neutral,0,0,1,5.133,Amorphous,High,0,1,1,1,0.235,40,Storage,expert_curated_literature,Category from peer-reviewed literature; not ML-predicted.
981.23,Mannose,Mannose,Beta-1-4,Low_Branched,Plant,Soluble,Neutral,0,0,1,4.71,Amorphous,High,0,1,1,1,0.216,37,Storage,expert_curated_literature,Category from peer-reviewed literature; not ML-predicted.
967.86,Mannose,Mannose,Beta-1-4,Low_Branched,Plant,Soluble,Neutral,0,0,1,4.646,Amorphous,High,0,1,1,1,0.213,36,Storage,expert_curated_literature,Category from peer-reviewed literature; not ML-predicted.
1055.29,Mannose,Mannose,Beta-1-4,Low_Branched,Plant,Soluble,Neutral,0,0,1,5.065,Amorphous,High,0,1,1,1,0.232,40,Storage,expert_curated_literature,Category from peer-reviewed literature; not ML-predicted.
958.54,Mannose,Mannose,Beta-1-4,Low_Branched,Plant,Soluble,Neutral,0,0,1,4.601,Amorphous,High,0,1,1,1,0.211,36,Storage,expert_curated_literature,Category from peer-reviewed literature; not ML-predicted.
1069.48,Mannose,Mannose,Beta-1-4,Low_Branched,Plant,Soluble,Neutral,0,0,1,5.134,Amorphous,High,0,1,1,1,0.235,40,Storage,expert_curated_literature,Category from peer-reviewed literature; not ML-predicted.
926.82,Mannose,Mannose,Beta-1-4,Low_Branched,Plant,Soluble,Neutral,0,0,1,4.449,Amorphous,High,0,1,1,1,0.204,35,Storage,expert_curated_literature,Category from peer-reviewed literature; not ML-predicted.
1070.48,Mannose,Mannose,Beta-1-4,Low_Branched,Plant,Soluble,Neutral,0,0,1,5.138,Amorphous,High,0,1,1,1,0.236,40,Storage,expert_curated_literature,Category from peer-reviewed literature; not ML-predicted.
931.47,Mannose,Mannose,Beta-1-4,Low_Branched,Plant,Soluble,Neutral,0,0,1,4.471,Amorphous,High,0,1,1,1,0.205,35,Storage,expert_curated_literature,Category from peer-reviewed literature; not ML-predicted.
1058.67,Mannose,Mannose,Beta-1-4,Low_Branched,Plant,Soluble,Neutral,0,0,1,5.082,Amorphous,High,0,1,1,1,0.233,40,Storage,expert_curated_literature,Category from peer-reviewed literature; not ML-predicted.
1004.16,Mannose,Mannose,Beta-1-4,Low_Branched,Plant,Soluble,Neutral,0,0,1,4.82,Amorphous,High,0,1,1,1,0.221,38,Storage,expert_curated_literature,Category from peer-reviewed literature; not ML-predicted.
1073.94,Mannose,Mannose,Beta-1-4,Low_Branched,Plant,Soluble,Neutral,0,0,1,5.155,Amorphous,High,0,1,1,1,0.236,40,Storage,expert_curated_literature,Category from peer-reviewed literature; not ML-predicted.
936.07,Mannose,Mannose,Beta-1-4,Low_Branched,Plant,Soluble,Neutral,0,0,1,4.493,Amorphous,High,0,1,1,1,0.206,35,Storage,expert_curated_literature,Category from peer-reviewed literature; not ML-predicted.
1008.08,Mannose,Mannose,Beta-1-4,Low_Branched,Plant,Soluble,Neutral,0,0,1,4.839,Amorphous,High,0,1,1,1,0.222,38,Storage,expert_curated_literature,Category from peer-reviewed literature; not ML-predicted.
1070.4,Mannose,Mannose,Beta-1-4,Low_Branched,Plant,Soluble,Neutral,0,0,1,5.138,Amorphous,High,0,1,1,1,0.235,40,Storage,expert_curated_literature,Category from peer-reviewed literature; not ML-predicted.
1003.46,Mannose,Mannose,Beta-1-4,Low_Branched,Plant,Soluble,Neutral,0,0,1,4.817,Amorphous,High,0,1,1,1,0.221,38,Storage,expert_curated_literature,Category from peer-reviewed literature; not ML-predicted.
713.59,Mannose,Mannose,Beta-1-4,Low_Branched,Plant,Soluble,Neutral,0,0,1,4.791,Amorphous,High,0,1,1,1,0.204,36,Storage,expert_curated_literature,Category from peer-reviewed literature; not ML-predicted.
720.55,Mannose,Mannose,Beta-1-4,Low_Branched,Plant,Soluble,Neutral,0,0,1,4.838,Amorphous,High,0,1,1,1,0.206,37,Storage,expert_curated_literature,Category from peer-reviewed literature; not ML-predicted.
695.23,Mannose,Mannose,Beta-1-4,Low_Branched,Plant,Soluble,Neutral,0,0,1,4.668,Amorphous,High,0,1,1,1,0.199,35,Storage,expert_curated_literature,Category from peer-reviewed literature; not ML-predicted.
713.39,Mannose,Mannose,Beta-1-4,Low_Branched,Plant,Soluble,Neutral,0,0,1,4.79,Amorphous,High,0,1,1,1,0.204,36,Storage,expert_curated_literature,Category from peer-reviewed literature; not ML-predicted.
708.85,Mannose,Mannose,Beta-1-4,Low_Branched,Plant,Soluble,Neutral,0,0,1,4.759,Amorphous,High,0,1,1,1,0.203,36,Storage,expert_curated_literature,Category from peer-reviewed literature; not ML-predicted.
742.12,Mannose,Mannose,Beta-1-4,Low_Branched,Plant,Soluble,Neutral,0,0,1,4.983,Amorphous,High,0,1,1,1,0.212,38,Storage,expert_curated_literature,Category from peer-reviewed literature; not ML-predicted.
652.27,Mannose,Mannose,Beta-1-4,Low_Branched,Plant,Soluble,Neutral,0,0,1,4.38,Amorphous,High,0,1,1,1,0.186,33,Storage,expert_curated_literature,Category from peer-reviewed literature; not ML-predicted.
677.0,Mannose,Mannose,Beta-1-4,Low_Branched,Plant,Soluble,Neutral,0,0,1,4.546,Amorphous,High,0,1,1,1,0.193,34,Storage,expert_curated_literature,Category from peer-reviewed literature; not ML-predicted.
747.29,Mannose,Mannose,Beta-1-4,Low_Branched,Plant,Soluble,Neutral,0,0,1,5.018,Amorphous,High,0,1,1,1,0.214,38,Storage,expert_curated_literature,Category from peer-reviewed literature; not ML-predicted.
740.98,Mannose,Mannose,Beta-1-4,Low_Branched,Plant,Soluble,Neutral,0,0,1,4.975,Amorphous,High,0,1,1,1,0.212,38,Storage,expert_curated_literature,Category from peer-reviewed literature; not ML-predicted.
695.34,Mannose,Mannose,Beta-1-4,Low_Branched,Plant,Soluble,Neutral,0,0,1,4.669,Amorphous,High,0,1,1,1,0.199,35,Storage,expert_curated_literature,Category from peer-reviewed literature; not ML-predicted.
712.61,Mannose,Mannose,Beta-1-4,Low_Branched,Plant,Soluble,Neutral,0,0,1,4.785,Amorphous,High,0,1,1,1,0.204,36,Storage,expert_curated_literature,Category from peer-reviewed literature; not ML-predicted.
676.63,Mannose,Mannose,Beta-1-4,Low_Branched,Plant,Soluble,Neutral,0,0,1,4.543,Amorphous,High,0,1,1,1,0.193,34,Storage,expert_curated_literature,Category from peer-reviewed literature; not ML-predicted.
667.25,Mannose,Mannose,Beta-1-4,Low_Branched,Plant,Soluble,Neutral,0,0,1,4.48,Amorphous,High,0,1,1,1,0.191,34,Storage,expert_curated_literature,Category from peer-reviewed literature; not ML-predicted.
696.19,Mannose,Mannose,Beta-1-4,Low_Branched,Plant,Soluble,Neutral,0,0,1,4.674,Amorphous,High,0,1,1,1,0.199,35,Storage,expert_curated_literature,Category from peer-reviewed literature; not ML-predicted.
684.6,Mannose,Mannose,Beta-1-4,Low_Branched,Plant,Soluble,Neutral,0,0,1,4.597,Amorphous,High,0,1,1,1,0.196,35,Storage,expert_curated_literature,Category from peer-reviewed literature; not ML-predicted.
708.78,Mannose,Mannose,Beta-1-4,Low_Branched,Plant,Soluble,Neutral,0,0,1,4.759,Amorphous,High,0,1,1,1,0.203,36,Storage,expert_curated_literature,Category from peer-reviewed literature; not ML-predicted.
655.66,Mannose,Mannose,Beta-1-4,Low_Branched,Plant,Soluble,Neutral,0,0,1,4.402,Amorphous,High,0,1,1,1,0.187,33,Storage,expert_curated_literature,Category from peer-reviewed literature; not ML-predicted.
749.81,Mannose,Mannose,Beta-1-4,Low_Branched,Plant,Soluble,Neutral,0,0,1,5.034,Amorphous,High,0,1,1,1,0.214,38,Storage,expert_curated_literature,Category from peer-reviewed literature; not ML-predicted.
751.05,Mannose,Mannose,Beta-1-4,Low_Branched,Plant,Soluble,Neutral,0,0,1,5.043,Amorphous,High,0,1,1,1,0.215,38,Storage,expert_curated_literature,Category from peer-reviewed literature; not ML-predicted.
6.18,Fructose,Fructose,Beta-2-1,Linear,Plant,Soluble,Neutral,0,0,0,2.883,Amorphous,Low,1,1,1,1,0.154,25,Storage,expert_curated_literature,Category from peer-reviewed literature; not ML-predicted.
6.03,Fructose,Fructose,Beta-2-1,Linear,Plant,Soluble,Neutral,0,0,0,2.815,Amorphous,Low,1,1,1,1,0.151,25,Storage,expert_curated_literature,Category from peer-reviewed literature; not ML-predicted.
5.83,Fructose,Fructose,Beta-2-1,Linear,Plant,Soluble,Neutral,0,0,0,2.72,Amorphous,Low,1,1,1,1,0.146,24,Storage,expert_curated_literature,Category from peer-reviewed literature; not ML-predicted.
6.28,Fructose,Fructose,Beta-2-1,Linear,Plant,Soluble,Neutral,0,0,0,2.932,Amorphous,Low,1,1,1,1,0.157,26,Storage,expert_curated_literature,Category from peer-reviewed literature; not ML-predicted.
6.17,Fructose,Fructose,Beta-2-1,Linear,Plant,Soluble,Neutral,0,0,0,2.878,Amorphous,Low,1,1,1,1,0.154,25,Storage,expert_curated_literature,Category from peer-reviewed literature; not ML-predicted.
5.7,Fructose,Fructose,Beta-2-1,Linear,Plant,Soluble,Neutral,0,0,0,2.658,Amorphous,Low,1,1,1,1,0.142,23,Storage,expert_curated_literature,Category from peer-reviewed literature; not ML-predicted.
6.37,Fructose,Fructose,Beta-2-1,Linear,Plant,Soluble,Neutral,0,0,0,2.973,Amorphous,Low,1,1,1,1,0.159,26,Storage,expert_curated_literature,Category from peer-reviewed literature; not ML-predicted.
6.29,Fructose,Fructose,Beta-2-1,Linear,Plant,Soluble,Neutral,0,0,0,2.935,Amorphous,Low,1,1,1,1,0.157,26,Storage,expert_curated_literature,Category from peer-reviewed literature; not ML-predicted.
6.4,Fructose,Fructose,Beta-2-1,Linear,Plant,Soluble,Neutral,0,0,0,2.989,Amorphous,Low,1,1,1,1,0.16,26,Storage,expert_curated_literature,Category from peer-reviewed literature; not ML-predicted.
6.2,Fructose,Fructose,Beta-2-1,Linear,Plant,Soluble,Neutral,0,0,0,2.895,Amorphous,Low,1,1,1,1,0.155,25,Storage,expert_curated_literature,Category from peer-reviewed literature; not ML-predicted.
6.1,Fructose,Fructose,Beta-2-1,Linear,Plant,Soluble,Neutral,0,0,0,2.848,Amorphous,Low,1,1,1,1,0.153,25,Storage,expert_curated_literature,Category from peer-reviewed literature; not ML-predicted.
5.93,Fructose,Fructose,Beta-2-1,Linear,Plant,Soluble,Neutral,0,0,0,2.766,Amorphous,Low,1,1,1,1,0.148,24,Storage,expert_curated_literature,Category from peer-reviewed literature; not ML-predicted.
6.39,Fructose,Fructose,Beta-2-1,Linear,Plant,Soluble,Neutral,0,0,0,2.982,Amorphous,Low,1,1,1,1,0.16,26,Storage,expert_curated_literature,Category from peer-reviewed literature; not ML-predicted.
6.33,Fructose,Fructose,Beta-2-1,Linear,Plant,Soluble,Neutral,0,0,0,2.954,Amorphous,Low,1,1,1,1,0.158,26,Storage,expert_curated_literature,Category from peer-reviewed literature; not ML-predicted.
5.59,Fructose,Fructose,Beta-2-1,Linear,Plant,Soluble,Neutral,0,0,0,2.609,Amorphous,Low,1,1,1,1,0.14,23,Storage,expert_curated_literature,Category from peer-reviewed literature; not ML-predicted.
5.57,Fructose,Fructose,Beta-2-1,Linear,Plant,Soluble,Neutral,0,0,0,2.601,Amorphous,Low,1,1,1,1,0.139,23,Storage,expert_curated_literature,Category from peer-reviewed literature; not ML-predicted.
5.89,Fructose,Fructose,Beta-2-1,Linear,Plant,Soluble,Neutral,0,0,0,2.748,Amorphous,Low,1,1,1,1,0.147,24,Storage,expert_curated_literature,Category from peer-reviewed literature; not ML-predicted.
6.28,Fructose,Fructose,Beta-2-1,Linear,Plant,Soluble,Neutral,0,0,0,2.93,Amorphous,Low,1,1,1,1,0.157,26,Storage,expert_curated_literature,Category from peer-reviewed literature; not ML-predicted.
6.44,Fructose,Fructose,Beta-2-1,Linear,Plant,Soluble,Neutral,0,0,0,3.005,Amorphous,Low,1,1,1,1,0.161,26,Storage,expert_curated_literature,Category from peer-reviewed literature; not ML-predicted.
5.69,Fructose,Fructose,Beta-2-1,Linear,Plant,Soluble,Neutral,0,0,0,2.653,Amorphous,Low,1,1,1,1,0.142,23,Storage,expert_curated_literature,Category from peer-reviewed literature; not ML-predicted.
354.94,Galactose,Galactose,Beta-1-3,Highly_Branched,Plant,Soluble,Anionic,0,0,1,4.564,Amorphous,Low,0,1,1,1,0.304,40,Storage,expert_curated_literature,Category from peer-reviewed literature; not ML-predicted.
343.75,Galactose,Galactose,Beta-1-3,Highly_Branched,Plant,Soluble,Anionic,0,0,1,4.42,Amorphous,Low,0,1,1,1,0.295,39,Storage,expert_curated_literature,Category from peer-reviewed literature; not ML-predicted.
374.67,Galactose,Galactose,Beta-1-3,Highly_Branched,Plant,Soluble,Anionic,0,0,1,4.817,Amorphous,Low,0,1,1,1,0.321,42,Storage,expert_curated_literature,Category from peer-reviewed literature; not ML-predicted.
367.96,Galactose,Galactose,Beta-1-3,Highly_Branched,Plant,Soluble,Anionic,0,0,1,4.731,Amorphous,Low,0,1,1,1,0.315,42,Storage,expert_curated_literature,Category from peer-reviewed literature; not ML-predicted.
367.76,Galactose,Galactose,Beta-1-3,Highly_Branched,Plant,Soluble,Anionic,0,0,1,4.728,Amorphous,Low,0,1,1,1,0.315,42,Storage,expert_curated_literature,Category from peer-reviewed literature; not ML-predicted.
348.36,Galactose,Galactose,Beta-1-3,Highly_Branched,Plant,Soluble,Anionic,0,0,1,4.479,Amorphous,Low,0,1,1,1,0.299,39,Storage,expert_curated_literature,Category from peer-reviewed literature; not ML-predicted.
345.53,Galactose,Galactose,Beta-1-3,Highly_Branched,Plant,Soluble,Anionic,0,0,1,4.443,Amorphous,Low,0,1,1,1,0.296,39,Storage,expert_curated_literature,Category from peer-reviewed literature; not ML-predicted.
338.1,Galactose,Galactose,Beta-1-3,Highly_Branched,Plant,Soluble,Anionic,0,0,1,4.347,Amorphous,Low,0,1,1,1,0.29,38,Storage,expert_curated_literature,Category from peer-reviewed literature; not ML-predicted.
326.71,Galactose,Galactose,Beta-1-3,Highly_Branched,Plant,Soluble,Anionic,0,0,1,4.201,Amorphous,Low,0,1,1,1,0.28,37,Storage,expert_curated_literature,Category from peer-reviewed literature; not ML-predicted.
369.15,Galactose,Galactose,Beta-1-3,Highly_Branched,Plant,Soluble,Anionic,0,0,1,4.746,Amorphous,Low,0,1,1,1,0.316,42,Storage,expert_curated_literature,Category from peer-reviewed literature; not ML-predicted.
366.43,Galactose,Galactose,Beta-1-3,Highly_Branched,Plant,Soluble,Anionic,0,0,1,4.711,Amorphous,Low,0,1,1,1,0.314,41,Storage,expert_curated_literature,Category from peer-reviewed literature; not ML-predicted.
376.24,Galactose,Galactose,Beta-1-3,Highly_Branched,Plant,Soluble,Anionic,0,0,1,4.837,Amorphous,Low,0,1,1,1,0.322,42,Storage,expert_curated_literature,Category from peer-reviewed literature; not ML-predicted.
376.07,Galactose,Galactose,Beta-1-3,Highly_Branched,Plant,Soluble,Anionic,0,0,1,4.835,Amorphous,Low,0,1,1,1,0.322,42,Storage,expert_curated_literature,Category from peer-reviewed literature; not ML-predicted.
352.91,Galactose,Galactose,Beta-1-3,Highly_Branched,Plant,Soluble,Anionic,0,0,1,4.537,Amorphous,Low,0,1,1,1,0.302,40,Storage,expert_curated_literature,Category from peer-reviewed literature; not ML-predicted.
364.12,Galactose,Galactose,Beta-1-3,Highly_Branched,Plant,Soluble,Anionic,0,0,1,4.682,Amorphous,Low,0,1,1,1,0.312,41,Storage,expert_curated_literature,Category from peer-reviewed literature; not ML-predicted.
373.35,Galactose,Galactose,Beta-1-3,Highly_Branched,Plant,Soluble,Anionic,0,0,1,4.8,Amorphous,Low,0,1,1,1,0.32,42,Storage,expert_curated_literature,Category from peer-reviewed literature; not ML-predicted.
368.36,Galactose,Galactose,Beta-1-3,Highly_Branched,Plant,Soluble,Anionic,0,0,1,4.736,Amorphous,Low,0,1,1,1,0.316,42,Storage,expert_curated_literature,Category from peer-reviewed literature; not ML-predicted.
336.74,Galactose,Galactose,Beta-1-3,Highly_Branched,Plant,Soluble,Anionic,0,0,1,4.329,Amorphous,Low,0,1,1,1,0.289,38,Storage,expert_curated_literature,Category from peer-reviewed literature; not ML-predicted.
347.4,Galactose,Galactose,Beta-1-3,Highly_Branched,Plant,Soluble,Anionic,0,0,1,4.467,Amorphous,Low,0,1,1,1,0.298,39,Storage,expert_curated_literature,Category from peer-reviewed literature; not ML-predicted.
330.53,Galactose,Galactose,Beta-1-3,Highly_Branched,Plant,Soluble,Anionic,0,0,1,4.25,Amorphous,Low,0,1,1,1,0.283,37,Storage,expert_curated_literature,Category from peer-reviewed literature; not ML-predicted.
32.04,GalNAc,GalNAc,Beta-1-4,Linear,Animal,Soluble,Anionic,1,1,1,4.166,Amorphous,Medium,1,0,1,1,0.587,53,Bioactive,expert_curated_literature,Category from peer-reviewed literature; not ML-predicted.
30.48,GalNAc,GalNAc,Beta-1-4,Linear,Animal,Soluble,Anionic,1,1,1,3.962,Amorphous,Medium,1,0,1,1,0.559,50,Bioactive,expert_curated_literature,Category from peer-reviewed literature; not ML-predicted.
28.78,GalNAc,GalNAc,Beta-1-4,Linear,Animal,Soluble,Anionic,1,1,1,3.741,Amorphous,Medium,1,0,1,1,0.528,47,Bioactive,expert_curated_literature,Category from peer-reviewed literature; not ML-predicted.
30.77,GalNAc,GalNAc,Beta-1-4,Linear,Animal,Soluble,Anionic,1,1,1,4.0,Amorphous,Medium,1,0,1,1,0.564,51,Bioactive,expert_curated_literature,Category from peer-reviewed literature; not ML-predicted.
30.53,GalNAc,GalNAc,Beta-1-4,Linear,Animal,Soluble,Anionic,1,1,1,3.969,Amorphous,Medium,1,0,1,1,0.56,50,Bioactive,expert_curated_literature,Category from peer-reviewed literature; not ML-predicted.
29.36,GalNAc,GalNAc,Beta-1-4,Linear,Animal,Soluble,Anionic,1,1,1,3.817,Amorphous,Medium,1,0,1,1,0.538,48,Bioactive,expert_curated_literature,Category from peer-reviewed literature; not ML-predicted.
28.26,GalNAc,GalNAc,Beta-1-4,Linear,Animal,Soluble,Anionic,1,1,1,3.674,Amorphous,Medium,1,0,1,1,0.518,47,Bioactive,expert_curated_literature,Category from peer-reviewed literature; not ML-predicted.
30.09,GalNAc,GalNAc,Beta-1-4,Linear,Animal,Soluble,Anionic,1,1,1,3.912,Amorphous,Medium,1,0,1,1,0.552,50,Bioactive,expert_curated_literature,Category from peer-reviewed literature; not ML-predicted.
31.23,GalNAc,GalNAc,Beta-1-4,Linear,Animal,Soluble,Anionic,1,1,1,4.059,Amorphous,Medium,1,0,1,1,0.572,52,Bioactive,expert_curated_literature,Category from peer-reviewed literature; not ML-predicted.
31.58,GalNAc,GalNAc,Beta-1-4,Linear,Animal,Soluble,Anionic,1,1,1,4.106,Amorphous,Medium,1,0,1,1,0.579,52,Bioactive,expert_curated_literature,Category from peer-reviewed literature; not ML-predicted.
30.23,GalNAc,GalNAc,Beta-1-4,Linear,Animal,Soluble,Anionic,1,1,1,3.93,Amorphous,Medium,1,0,1,1,0.554,50,Bioactive,expert_curated_literature,Category from peer-reviewed literature; not ML-predicted.
30.27,GalNAc,GalNAc,Beta-1-4,Linear,Animal,Soluble,Anionic,1,1,1,3.936,Amorphous,Medium,1,0,1,1,0.555,50,Bioactive,expert_curated_literature,Category from peer-reviewed literature; not ML-predicted.
31.69,GalNAc,GalNAc,Beta-1-4,Linear,Animal,Soluble,Anionic,1,1,1,4.12,Amorphous,Medium,1,0,1,1,0.581,52,Bioactive,expert_curated_literature,Category from peer-reviewed literature; not ML-predicted.
29.57,GalNAc,GalNAc,Beta-1-4,Linear,Animal,Soluble,Anionic,1,1,1,3.844,Amorphous,Medium,1,0,1,1,0.542,49,Bioactive,expert_curated_literature,Category from peer-reviewed literature; not ML-predicted.
28.35,GalNAc,GalNAc,Beta-1-4,Linear,Animal,Soluble,Anionic,1,1,1,3.686,Amorphous,Medium,1,0,1,1,0.52,47,Bioactive,expert_curated_literature,Category from peer-reviewed literature; not ML-predicted.
27.88,GalNAc,GalNAc,Beta-1-4,Linear,Animal,Soluble,Anionic,1,1,1,3.624,Amorphous,Medium,1,0,1,1,0.511,46,Bioactive,expert_curated_literature,Category from peer-reviewed literature; not ML-predicted.
31.15,GalNAc,GalNAc,Beta-1-4,Linear,Animal,Soluble,Anionic,1,1,1,4.049,Amorphous,Medium,1,0,1,1,0.571,51,Bioactive,expert_curated_literature,Category from peer-reviewed literature; not ML-predicted.
30.54,GalNAc,GalNAc,Beta-1-4,Linear,Animal,Soluble,Anionic,1,1,1,3.97,Amorphous,Medium,1,0,1,1,0.56,50,Bioactive,expert_curated_literature,Category from peer-reviewed literature; not ML-predicted.
30.92,GlcNAc,GlcNAc,Alpha-1-4,Moderate_Branched,Animal,Soluble,Anionic,1,1,1,4.019,Amorphous,Medium,1,0,1,1,0.598,53,Bioactive,expert_curated_literature,Category from peer-reviewed literature; not ML-predicted.
28.71,GlcNAc,GlcNAc,Alpha-1-4,Moderate_Branched,Animal,Soluble,Anionic,1,1,1,3.732,Amorphous,Medium,1,0,1,1,0.555,49,Bioactive,expert_curated_literature,Category from peer-reviewed literature; not ML-predicted.
28.36,GlcNAc,GlcNAc,Alpha-1-4,Moderate_Branched,Animal,Soluble,Anionic,1,1,1,3.687,Amorphous,Medium,1,0,1,1,0.548,49,Bioactive,expert_curated_literature,Category from peer-reviewed literature; not ML-predicted.
27.82,GlcNAc,GlcNAc,Alpha-1-4,Moderate_Branched,Animal,Soluble,Anionic,1,1,1,3.616,Amorphous,Medium,1,0,1,1,0.538,48,Bioactive,expert_curated_literature,Category from peer-reviewed literature; not ML-predicted.
29.33,GlcNAc,GlcNAc,Alpha-1-4,Moderate_Branched,Animal,Soluble,Anionic,1,1,1,3.813,Amorphous,Medium,1,0,1,1,0.567,50,Bioactive,expert_curated_literature,Category from peer-reviewed literature; not ML-predicted.
30.4,GlcNAc,GlcNAc,Alpha-1-4,Moderate_Branched,Animal,Soluble,Anionic,1,1,1,3.953,Amorphous,Medium,1,0,1,1,0.588,52,Bioactive,expert_curated_literature,Category from peer-reviewed literature; not ML-predicted.
29.52,GlcNAc,GlcNAc,Alpha-1-4,Moderate_Branched,Animal,Soluble,Anionic,1,1,1,3.837,Amorphous,Medium,1,0,1,1,0.571,51,Bioactive,expert_curated_literature,Category from peer-reviewed literature; not ML-predicted.
29.72,GlcNAc,GlcNAc,Alpha-1-4,Moderate_Branched,Animal,Soluble,Anionic,1,1,1,3.863,Amorphous,Medium,1,0,1,1,0.575,51,Bioactive,expert_curated_literature,Category from peer-reviewed literature; not ML-predicted.
31.82,GlcNAc,GlcNAc,Alpha-1-4,Moderate_Branched,Animal,Soluble,Anionic,1,1,1,4.136,Amorphous,Medium,1,0,1,1,0.615,55,Bioactive,expert_curated_literature,Category from peer-reviewed literature; not ML-predicted.
29.32,GlcNAc,GlcNAc,Alpha-1-4,Moderate_Branched,Animal,Soluble,Anionic,1,1,1,3.811,Amorphous,Medium,1,0,1,1,0.567,50,Bioactive,expert_curated_literature,Category from peer-reviewed literature; not ML-predicted.
30.06,GlcNAc,GlcNAc,Alpha-1-4,Moderate_Branched,Animal,Soluble,Anionic,1,1,1,3.908,Amorphous,Medium,1,0,1,1,0.581,52,Bioactive,expert_curated_literature,Category from peer-reviewed literature; not ML-predicted.
31.28,GlcNAc,GlcNAc,Alpha-1-4,Moderate_Branched,Animal,Soluble,Anionic,1,1,1,4.066,Amorphous,Medium,1,0,1,1,0.605,54,Bioactive,expert_curated_literature,Category from peer-reviewed literature; not ML-predicted.
29.53,GlcNAc,GlcNAc,Alpha-1-4,Moderate_Branched,Animal,Soluble,Anionic,1,1,1,3.839,Amorphous,Medium,1,0,1,1,0.571,51,Bioactive,expert_curated_literature,Category from peer-reviewed literature; not ML-predicted.
30.55,GlcNAc,GlcNAc,Alpha-1-4,Moderate_Branched,Animal,Soluble,Anionic,1,1,1,3.971,Amorphous,Medium,1,0,1,1,0.591,52,Bioactive,expert_curated_literature,Category from peer-reviewed literature; not ML-predicted.
31.63,GlcNAc,GlcNAc,Alpha-1-4,Moderate_Branched,Animal,Soluble,Anionic,1,1,1,4.112,Amorphous,Medium,1,0,1,1,0.612,54,Bioactive,expert_curated_literature,Category from peer-reviewed literature; not ML-predicted.
32.02,GlcNAc,GlcNAc,Alpha-1-4,Moderate_Branched,Animal,Soluble,Anionic,1,1,1,4.163,Amorphous,Medium,1,0,1,1,0.619,55,Bioactive,expert_curated_literature,Category from peer-reviewed literature; not ML-predicted.
28.41,GlcNAc,GlcNAc,Alpha-1-4,Moderate_Branched,Animal,Soluble,Anionic,1,1,1,3.694,Amorphous,Medium,1,0,1,1,0.549,49,Bioactive,expert_curated_literature,Category from peer-reviewed literature; not ML-predicted.
31.92,GlcNAc,GlcNAc,Alpha-1-4,Moderate_Branched,Animal,Soluble,Anionic,1,1,1,4.15,Amorphous,Medium,1,0,1,1,0.617,55,Bioactive,expert_curated_literature,Category from peer-reviewed literature; not ML-predicted.
29.96,GlcNAc,GlcNAc,Alpha-1-4,Moderate_Branched,Animal,Soluble,Anionic,1,1,1,3.895,Amorphous,Medium,1,0,1,1,0.579,51,Bioactive,expert_curated_literature,Category from peer-reviewed literature; not ML-predicted.
28.91,GlcNAc,GlcNAc,Alpha-1-4,Moderate_Branched,Animal,Soluble,Anionic,1,1,1,3.759,Amorphous,Medium,1,0,1,1,0.559,50,Bioactive,expert_curated_literature,Category from peer-reviewed literature; not ML-predicted.
19.88,GlcNAc,GlcNAc,Beta-1-4,Linear,Animal,Soluble,Anionic,1,0,1,3.777,Amorphous,Low,1,0,1,1,0.497,47,Bioactive,expert_curated_literature,Category from peer-reviewed literature; not ML-predicted.
21.44,GlcNAc,GlcNAc,Beta-1-4,Linear,Animal,Soluble,Anionic,1,0,1,4.074,Amorphous,Low,1,0,1,1,0.536,51,Bioactive,expert_curated_literature,Category from peer-reviewed literature; not ML-predicted.
19.98,GlcNAc,GlcNAc,Beta-1-4,Linear,Animal,Soluble,Anionic,1,0,1,3.796,Amorphous,Low,1,0,1,1,0.499,47,Bioactive,expert_curated_literature,Category from peer-reviewed literature; not ML-predicted.
19.49,GlcNAc,GlcNAc,Beta-1-4,Linear,Animal,Soluble,Anionic,1,0,1,3.702,Amorphous,Low,1,0,1,1,0.487,46,Bioactive,expert_curated_literature,Category from peer-reviewed literature; not ML-predicted.
20.4,GlcNAc,GlcNAc,Beta-1-4,Linear,Animal,Soluble,Anionic,1,0,1,3.876,Amorphous,Low,1,0,1,1,0.51,48,Bioactive,expert_curated_literature,Category from peer-reviewed literature; not ML-predicted.
19.22,GlcNAc,GlcNAc,Beta-1-4,Linear,Animal,Soluble,Anionic,1,0,1,3.652,Amorphous,Low,1,0,1,1,0.481,46,Bioactive,expert_curated_literature,Category from peer-reviewed literature; not ML-predicted.
18.73,GlcNAc,GlcNAc,Beta-1-4,Linear,Animal,Soluble,Anionic,1,0,1,3.558,Amorphous,Low,1,0,1,1,0.468,44,Bioactive,expert_curated_literature,Category from peer-reviewed literature; not ML-predicted.
18.89,GlcNAc,GlcNAc,Beta-1-4,Linear,Animal,Soluble,Anionic,1,0,1,3.588,Amorphous,Low,1,0,1,1,0.472,45,Bioactive,expert_curated_literature,Category from peer-reviewed literature; not ML-predicted.
18.88,GlcNAc,GlcNAc,Beta-1-4,Linear,Animal,Soluble,Anionic,1,0,1,3.588,Amorphous,Low,1,0,1,1,0.472,45,Bioactive,expert_curated_literature,Category from peer-reviewed literature; not ML-predicted.
18.96,GlcNAc,GlcNAc,Beta-1-4,Linear,Animal,Soluble,Anionic,1,0,1,3.602,Amorphous,Low,1,0,1,1,0.474,45,Bioactive,expert_curated_literature,Category from peer-reviewed literature; not ML-predicted.
18.92,GlcNAc,GlcNAc,Beta-1-4,Linear,Animal,Soluble,Anionic,1,0,1,3.594,Amorphous,Low,1,0,1,1,0.473,45,Bioactive,expert_curated_literature,Category from peer-reviewed literature; not ML-predicted.
20.42,GlcNAc,GlcNAc,Beta-1-4,Linear,Animal,Soluble,Anionic,1,0,1,3.88,Amorphous,Low,1,0,1,1,0.511,49,Bioactive,expert_curated_literature,Category from peer-reviewed literature; not ML-predicted.
19.05,GlcNAc,GlcNAc,Beta-1-4,Linear,Animal,Soluble,Anionic,1,0,1,3.619,Amorphous,Low,1,0,1,1,0.476,45,Bioactive,expert_curated_literature,Category from peer-reviewed literature; not ML-predicted.
19.54,GlcNAc,GlcNAc,Beta-1-4,Linear,Animal,Soluble,Anionic,1,0,1,3.712,Amorphous,Low,1,0,1,1,0.488,46,Bioactive,expert_curated_literature,Category from peer-reviewed literature; not ML-predicted.
21.19,GlcNAc,GlcNAc,Beta-1-4,Linear,Animal,Soluble,Anionic,1,0,1,4.026,Amorphous,Low,1,0,1,1,0.53,50,Bioactive,expert_curated_literature,Category from peer-reviewed literature; not ML-predicted.
19.92,GlcNAc,GlcNAc,Beta-1-4,Linear,Animal,Soluble,Anionic,1,0,1,3.785,Amorphous,Low,1,0,1,1,0.498,47,Bioactive,expert_curated_literature,Category from peer-reviewed literature; not ML-predicted.
20.5,GlcNAc,GlcNAc,Beta-1-4,Linear,Animal,Soluble,Anionic,1,0,1,3.896,Amorphous,Low,1,0,1,1,0.513,49,Bioactive,expert_curated_literature,Category from peer-reviewed literature; not ML-predicted.
19.02,GlcNAc,GlcNAc,Beta-1-4,Linear,Animal,Soluble,Anionic,1,0,1,3.613,Amorphous,Low,1,0,1,1,0.475,45,Bioactive,expert_curated_literature,Category from peer-reviewed literature; not ML-predicted.
19.08,GlcNAc,GlcNAc,Beta-1-4,Linear,Animal,Soluble,Anionic,1,0,1,3.625,Amorphous,Low,1,0,1,1,0.477,45,Bioactive,expert_curated_literature,Category from peer-reviewed literature; not ML-predicted.
18.62,GlcNAc,GlcNAc,Beta-1-4,Linear,Animal,Soluble,Anionic,1,0,1,3.538,Amorphous,Low,1,0,1,1,0.466,44,Bioactive,expert_curated_literature,Category from peer-reviewed literature; not ML-predicted.
0.3423,Glucose,Glucose,Mixed,Unknown,Unknown,Unknown,Neutral,0,0,0,,Unknown,Unknown,0,0,1,1,,,Structural,pubchem_expert_curated,Category from expert curation based on published literature.
0.8537,Glucose,Glucose,Mixed,Unknown,Unknown,Unknown,Neutral,0,0,0,,Unknown,Unknown,0,0,1,1,,,Storage,pubchem_expert_curated,Category from expert curation based on published literature.
0.77687,Glucose,Glucose,Mixed,Unknown,Unknown,Unknown,Neutral,0,0,0,,Unknown,Unknown,0,0,1,1,,,Structural,pubchem_expert_curated,Category from expert curation based on published literature.
1.5265,Glucose,Glucose,Mixed,Unknown,Unknown,Unknown,Neutral,0,0,0,,Unknown,Unknown,0,0,1,1,,,Structural,pubchem_expert_curated,Category from expert curation based on published literature.
1.1349,Glucose,Glucose,Mixed,Unknown,Unknown,Unknown,Neutral,0,0,0,,Unknown,Unknown,0,0,1,1,,,Bioactive,pubchem_expert_curated,Category from expert curation based on published literature.
0.9097000000000001,Glucose,Glucose,Mixed,Unknown,Unknown,Unknown,Neutral,0,0,0,,Unknown,Unknown,0,0,1,1,,,Bioactive,pubchem_expert_curated,Category from expert curation based on published literature.
0.19413999999999998,Glucose,Glucose,Mixed,Unknown,Unknown,Unknown,Neutral,0,0,0,,Unknown,Unknown,0,0,1,1,,,Storage,pubchem_expert_curated,Category from expert curation based on published literature.
0.7159,Glucose,Glucose,Mixed,Unknown,Unknown,Unknown,Neutral,0,0,0,,Unknown,Unknown,0,0,1,1,,,Algal,pubchem_expert_curated,Category from expert curation based on published literature.
0.7315,Glucose,Glucose,Mixed,Unknown,Unknown,Unknown,Neutral,0,0,0,,Unknown,Unknown,0,0,1,1,,,Bacterial,pubchem_expert_curated,Category from expert curation based on published literature.
6.179,Glucose,Glucose,Mixed,Unknown,Unknown,Unknown,Neutral,0,0,0,,Unknown,Unknown,0,0,1,1,,,Storage,pubchem_expert_curated,Category from expert curation based on published literature.
0.14357,Glucose,Glucose,Mixed,Unknown,Unknown,Unknown,Neutral,0,0,0,,Unknown,Unknown,0,0,1,1,,,Bioactive,pubchem_expert_curated,Category from expert curation based on published literature.
0.31239999999999996,Glucose,Glucose,Mixed,Unknown,Unknown,Unknown,Neutral,0,0,0,,Unknown,Unknown,0,0,1,1,,,Algal,pubchem_expert_curated,Category from expert curation based on published literature.
0.4575,Glucose,Glucose,Mixed,Unknown,Unknown,Unknown,Neutral,0,0,0,,Unknown,Unknown,0,0,1,1,,,Fungal,pubchem_expert_curated,Category from expert curation based on published literature.
0.15728,Glucose,Glucose,Mixed,Unknown,Unknown,Unknown,Neutral,0,0,0,,Unknown,Unknown,0,0,1,1,,,Bacterial,pubchem_expert_curated,Category from expert curation based on published literature.
0.47364999999999996,Glucose,Glucose,Mixed,Unknown,Unknown,Unknown,Neutral,0,0,0,,Unknown,Unknown,0,0,1,1,,,Algal,pubchem_expert_curated,Category from expert curation based on published literature.
0.34720999999999996,Glucose,Glucose,Mixed,Unknown,Unknown,Unknown,Neutral,0,0,0,,Unknown,Unknown,0,0,1,1,,,Bacterial,pubchem_expert_curated,Category from expert curation based on published literature.
0.21521,Glucose,Glucose,Mixed,Unknown,Unknown,Unknown,Neutral,0,0,0,,Unknown,Unknown,0,0,1,1,,,Algal,pubchem_expert_curated,Category from expert curation based on published literature.
0.4928,Glucose,Glucose,Mixed,Unknown,Unknown,Unknown,Neutral,0,0,0,,Unknown,Unknown,0,0,1,1,,,Storage,pubchem_expert_curated,Category from expert curation based on published literature.
0.18217,Glucose,Glucose,Mixed,Unknown,Unknown,Unknown,Neutral,0,0,0,,Unknown,Unknown,0,0,1,1,,,Storage,pubchem_expert_curated,Category from expert curation based on published literature.
